
/Users/higatooru/adsb-rp2350-rtltcp/firmware/build/adsb_rtltcp_server.elf:     file format elf32-littlearm

Sections:
Idx Name          Size      VMA       LMA       File off  Algn
  0 .boot2        00000100  10000000  10000000  00001000  2**0
                  CONTENTS, ALLOC, LOAD, READONLY, CODE
  1 .text         00001cac  10000100  10000100  00001100  2**3
                  CONTENTS, ALLOC, LOAD, READONLY, CODE
  2 .rodata       00000254  10001dac  10001dac  00002dac  2**2
                  CONTENTS, ALLOC, LOAD, READONLY, DATA
  3 .binary_info  00000028  10002000  10002000  00003000  2**2
                  CONTENTS, ALLOC, LOAD, READONLY, DATA
  4 .xip_ram      00000000  15000000  15000000  00003240  2**0
                  CONTENTS
  5 .ram_vector_table 000000c0  20000000  20000000  00004000  2**2
                  ALLOC
  6 .uninitialized_data 00000000  200000c0  200000c0  00003240  2**0
                  CONTENTS
  7 .data         00000180  200000c0  10002028  000030c0  2**4
                  CONTENTS, ALLOC, LOAD, READONLY, CODE
  8 .tdata        00000000  20000240  20000240  00003240  2**0
                  CONTENTS, ALLOC, LOAD, DATA, THREAD_LOCAL
  9 .tbss         00000000  20000240  20000240  00000000  2**0
                  ALLOC, THREAD_LOCAL
 10 .tbss_space   00000000  20000240  20000240  00003240  2**0
                  CONTENTS
 11 .bss          000003e0  20000240  100021a8  00003240  2**3
                  ALLOC
 12 .tls0         00000000  20000620  20000620  00003240  2**0
                  CONTENTS
 13 .tls1         00000000  20000620  20000620  00003240  2**0
                  CONTENTS
 14 .persistent_data 00000000  20000620  20000620  00003240  2**0
                  CONTENTS
 15 .dummy_pre_heap 00000000  20000620  20000620  00003240  2**0
                  CONTENTS
 16 .heap         00000800  20000620  20000620  00004000  2**2
                  ALLOC, READONLY
 17 .scratch_x    00000000  20040000  20040000  00003240  2**0
                  CONTENTS
 18 .scratch_y    00000000  20041000  20041000  00003240  2**0
                  CONTENTS
 19 .stack_dummy  00000800  20041000  20041000  00004000  2**5
                  ALLOC, READONLY
 20 .debug_info   0001ced1  00000000  00000000  00003240  2**0
                  CONTENTS, READONLY, DEBUGGING, OCTETS
 21 .debug_abbrev 00005197  00000000  00000000  00020111  2**0
                  CONTENTS, READONLY, DEBUGGING, OCTETS
 22 .debug_aranges 00000f88  00000000  00000000  000252a8  2**3
                  CONTENTS, READONLY, DEBUGGING, OCTETS
 23 .debug_rnglists 00002e1c  00000000  00000000  00026230  2**0
                  CONTENTS, READONLY, DEBUGGING, OCTETS
 24 .debug_line   0001787a  00000000  00000000  0002904c  2**0
                  CONTENTS, READONLY, DEBUGGING, OCTETS
 25 .debug_str    00004f90  00000000  00000000  000408c6  2**0
                  CONTENTS, READONLY, DEBUGGING, OCTETS
 26 .comment      00000046  00000000  00000000  00045856  2**0
                  CONTENTS, READONLY
 27 .ARM.attributes 0000002a  00000000  00000000  0004589c  2**0
                  CONTENTS, READONLY
 28 .debug_frame  00001bc0  00000000  00000000  000458c8  2**2
                  CONTENTS, READONLY, DEBUGGING, OCTETS
 29 .debug_loclists 00010919  00000000  00000000  00047488  2**0
                  CONTENTS, READONLY, DEBUGGING, OCTETS
 30 .debug_line_str 0000038c  00000000  00000000  00057da1  2**0
                  CONTENTS, READONLY, DEBUGGING, OCTETS

/Users/higatooru/adsb-rp2350-rtltcp/firmware/build/adsb_rtltcp_server.elf:     file format elf32-littlearm


Disassembly of section .boot2:

10000000 <__boot2_start__>:
10000000:	4b32b500 	.word	0x4b32b500
10000004:	60582021 	.word	0x60582021
10000008:	21026898 	.word	0x21026898
1000000c:	60984388 	.word	0x60984388
10000010:	611860d8 	.word	0x611860d8
10000014:	4b2e6158 	.word	0x4b2e6158
10000018:	60992100 	.word	0x60992100
1000001c:	61592102 	.word	0x61592102
10000020:	22f02101 	.word	0x22f02101
10000024:	492b5099 	.word	0x492b5099
10000028:	21016019 	.word	0x21016019
1000002c:	20356099 	.word	0x20356099
10000030:	f844f000 	.word	0xf844f000
10000034:	42902202 	.word	0x42902202
10000038:	2106d014 	.word	0x2106d014
1000003c:	f0006619 	.word	0xf0006619
10000040:	6e19f834 	.word	0x6e19f834
10000044:	66192101 	.word	0x66192101
10000048:	66182000 	.word	0x66182000
1000004c:	f000661a 	.word	0xf000661a
10000050:	6e19f82c 	.word	0x6e19f82c
10000054:	6e196e19 	.word	0x6e196e19
10000058:	f0002005 	.word	0xf0002005
1000005c:	2101f82f 	.word	0x2101f82f
10000060:	d1f94208 	.word	0xd1f94208
10000064:	60992100 	.word	0x60992100
10000068:	6019491b 	.word	0x6019491b
1000006c:	60592100 	.word	0x60592100
10000070:	481b491a 	.word	0x481b491a
10000074:	21016001 	.word	0x21016001
10000078:	21eb6099 	.word	0x21eb6099
1000007c:	21a06619 	.word	0x21a06619
10000080:	f0006619 	.word	0xf0006619
10000084:	2100f812 	.word	0x2100f812
10000088:	49166099 	.word	0x49166099
1000008c:	60014814 	.word	0x60014814
10000090:	60992101 	.word	0x60992101
10000094:	2800bc01 	.word	0x2800bc01
10000098:	4700d000 	.word	0x4700d000
1000009c:	49134812 	.word	0x49134812
100000a0:	c8036008 	.word	0xc8036008
100000a4:	8808f380 	.word	0x8808f380
100000a8:	b5034708 	.word	0xb5034708
100000ac:	20046a99 	.word	0x20046a99
100000b0:	d0fb4201 	.word	0xd0fb4201
100000b4:	42012001 	.word	0x42012001
100000b8:	bd03d1f8 	.word	0xbd03d1f8
100000bc:	6618b502 	.word	0x6618b502
100000c0:	f7ff6618 	.word	0xf7ff6618
100000c4:	6e18fff2 	.word	0x6e18fff2
100000c8:	bd026e18 	.word	0xbd026e18
100000cc:	40020000 	.word	0x40020000
100000d0:	18000000 	.word	0x18000000
100000d4:	00070000 	.word	0x00070000
100000d8:	005f0300 	.word	0x005f0300
100000dc:	00002221 	.word	0x00002221
100000e0:	180000f4 	.word	0x180000f4
100000e4:	a0002022 	.word	0xa0002022
100000e8:	10000100 	.word	0x10000100
100000ec:	e000ed08 	.word	0xe000ed08
	...
100000fc:	7a4eb274 	.word	0x7a4eb274

Disassembly of section .text:

10000100 <__VECTOR_TABLE>:
10000100:	20042000 	.word	0x20042000
10000104:	100001f7 	.word	0x100001f7
10000108:	100001cb 	.word	0x100001cb
1000010c:	100001cd 	.word	0x100001cd
10000110:	100001c9 	.word	0x100001c9
10000114:	100001c9 	.word	0x100001c9
10000118:	100001c9 	.word	0x100001c9
1000011c:	100001c9 	.word	0x100001c9
10000120:	100001c9 	.word	0x100001c9
10000124:	100001c9 	.word	0x100001c9
10000128:	100001c9 	.word	0x100001c9
1000012c:	100001cf 	.word	0x100001cf
10000130:	100001c9 	.word	0x100001c9
10000134:	100001c9 	.word	0x100001c9
10000138:	100001d1 	.word	0x100001d1
1000013c:	100001d3 	.word	0x100001d3
10000140:	100001c1 	.word	0x100001c1
10000144:	100001c1 	.word	0x100001c1
10000148:	100001c1 	.word	0x100001c1
1000014c:	100001c1 	.word	0x100001c1
10000150:	100001c1 	.word	0x100001c1
10000154:	100001c1 	.word	0x100001c1
10000158:	100001c1 	.word	0x100001c1
1000015c:	100001c1 	.word	0x100001c1
10000160:	100001c1 	.word	0x100001c1
10000164:	100001c1 	.word	0x100001c1
10000168:	100001c1 	.word	0x100001c1
1000016c:	100001c1 	.word	0x100001c1
10000170:	100001c1 	.word	0x100001c1
10000174:	100001c1 	.word	0x100001c1
10000178:	100001c1 	.word	0x100001c1
1000017c:	100001c1 	.word	0x100001c1
10000180:	100001c1 	.word	0x100001c1
10000184:	100001c1 	.word	0x100001c1
10000188:	100001c1 	.word	0x100001c1
1000018c:	100001c1 	.word	0x100001c1
10000190:	100001c1 	.word	0x100001c1
10000194:	100001c1 	.word	0x100001c1
10000198:	100001c1 	.word	0x100001c1
1000019c:	100001c1 	.word	0x100001c1
100001a0:	100001c1 	.word	0x100001c1
100001a4:	100001c1 	.word	0x100001c1
100001a8:	100001c1 	.word	0x100001c1
100001ac:	100001c1 	.word	0x100001c1
100001b0:	100001c1 	.word	0x100001c1
100001b4:	100001c1 	.word	0x100001c1
100001b8:	100001c1 	.word	0x100001c1
100001bc:	100001c1 	.word	0x100001c1

100001c0 <__unhandled_user_irq>:
100001c0:	f3ef 8005 	mrs	r0, IPSR
100001c4:	3810      	subs	r0, #16

100001c6 <unhandled_user_irq_num_in_r0>:
100001c6:	be00      	bkpt	0x0000

100001c8 <isr_invalid>:
100001c8:	be00      	bkpt	0x0000

100001ca <isr_nmi>:
100001ca:	be00      	bkpt	0x0000

100001cc <isr_hardfault>:
100001cc:	be00      	bkpt	0x0000

100001ce <isr_svcall>:
100001ce:	be00      	bkpt	0x0000

100001d0 <isr_pendsv>:
100001d0:	be00      	bkpt	0x0000

100001d2 <isr_systick>:
100001d2:	be00      	bkpt	0x0000

100001d4 <__default_isrs_end>:
100001d4:	7188ebf2 	.word	0x7188ebf2
100001d8:	10002000 	.word	0x10002000
100001dc:	10002028 	.word	0x10002028
100001e0:	10000238 	.word	0x10000238
100001e4:	e71aa390 	.word	0xe71aa390

100001e8 <_entry_point>:
100001e8:	2000      	movs	r0, #0

100001ea <_enter_vtable_in_r0>:
100001ea:	491e      	ldr	r1, [pc, #120]	@ (10000264 <data_cpy_table+0x2c>)
100001ec:	6008      	str	r0, [r1, #0]
100001ee:	c806      	ldmia	r0!, {r1, r2}
100001f0:	f381 8808 	msr	MSP, r1
100001f4:	4710      	bx	r2

100001f6 <_reset_handler>:
100001f6:	481c      	ldr	r0, [pc, #112]	@ (10000268 <data_cpy_table+0x30>)
100001f8:	6800      	ldr	r0, [r0, #0]
100001fa:	2800      	cmp	r0, #0
100001fc:	d001      	beq.n	10000202 <hold_non_core0_in_bootrom+0x4>

100001fe <hold_non_core0_in_bootrom>:
100001fe:	2000      	movs	r0, #0
10000200:	e7f3      	b.n	100001ea <_enter_vtable_in_r0>
10000202:	a40d      	add	r4, pc, #52	@ (adr r4, 10000238 <data_cpy_table>)
10000204:	cc0e      	ldmia	r4!, {r1, r2, r3}
10000206:	2900      	cmp	r1, #0
10000208:	d002      	beq.n	10000210 <hold_non_core0_in_bootrom+0x12>
1000020a:	f000 f812 	bl	10000232 <data_cpy>
1000020e:	e7f9      	b.n	10000204 <hold_non_core0_in_bootrom+0x6>
10000210:	4916      	ldr	r1, [pc, #88]	@ (1000026c <data_cpy_table+0x34>)
10000212:	4a17      	ldr	r2, [pc, #92]	@ (10000270 <data_cpy_table+0x38>)
10000214:	2000      	movs	r0, #0
10000216:	e000      	b.n	1000021a <bss_fill_test>

10000218 <bss_fill_loop>:
10000218:	c101      	stmia	r1!, {r0}

1000021a <bss_fill_test>:
1000021a:	4291      	cmp	r1, r2
1000021c:	d1fc      	bne.n	10000218 <bss_fill_loop>

1000021e <platform_entry>:
1000021e:	4915      	ldr	r1, [pc, #84]	@ (10000274 <data_cpy_table+0x3c>)
10000220:	4788      	blx	r1
10000222:	4915      	ldr	r1, [pc, #84]	@ (10000278 <data_cpy_table+0x40>)
10000224:	4788      	blx	r1
10000226:	4915      	ldr	r1, [pc, #84]	@ (1000027c <data_cpy_table+0x44>)
10000228:	4788      	blx	r1
1000022a:	be00      	bkpt	0x0000
1000022c:	e7fd      	b.n	1000022a <platform_entry+0xc>

1000022e <data_cpy_loop>:
1000022e:	c901      	ldmia	r1!, {r0}
10000230:	c201      	stmia	r2!, {r0}

10000232 <data_cpy>:
10000232:	429a      	cmp	r2, r3
10000234:	d3fb      	bcc.n	1000022e <data_cpy_loop>

10000236 <data_cpy_done>:
10000236:	4770      	bx	lr

10000238 <data_cpy_table>:
10000238:	10002028 	.word	0x10002028
1000023c:	200000c0 	.word	0x200000c0
10000240:	20000240 	.word	0x20000240
10000244:	100021a8 	.word	0x100021a8
10000248:	20040000 	.word	0x20040000
1000024c:	20040000 	.word	0x20040000
10000250:	100021a8 	.word	0x100021a8
10000254:	20041000 	.word	0x20041000
10000258:	20041000 	.word	0x20041000
1000025c:	00000000 	.word	0x00000000
10000260:	4770      	bx	lr
10000262:	0000      	.short	0x0000
10000264:	e000ed08 	.word	0xe000ed08
10000268:	d0000000 	.word	0xd0000000
1000026c:	20000240 	.word	0x20000240
10000270:	20000620 	.word	0x20000620
10000274:	10001829 	.word	0x10001829
10000278:	10000281 	.word	0x10000281
1000027c:	10001821 	.word	0x10001821

10000280 <main>:
10000280:	b510      	push	{r4, lr}
10000282:	f001 fbc9 	bl	10001a18 <stdio_init_all>
10000286:	20fa      	movs	r0, #250	@ 0xfa
10000288:	00c0      	lsls	r0, r0, #3
1000028a:	f000 fd03 	bl	10000c94 <sleep_ms>
1000028e:	4810      	ldr	r0, [pc, #64]	@ (100002d0 <main+0x50>)
10000290:	f001 fc12 	bl	10001ab8 <__wrap_puts>
10000294:	480f      	ldr	r0, [pc, #60]	@ (100002d4 <main+0x54>)
10000296:	f001 fc0f 	bl	10001ab8 <__wrap_puts>
1000029a:	480f      	ldr	r0, [pc, #60]	@ (100002d8 <main+0x58>)
1000029c:	f001 fc0c 	bl	10001ab8 <__wrap_puts>
100002a0:	480e      	ldr	r0, [pc, #56]	@ (100002dc <main+0x5c>)
100002a2:	f001 fc09 	bl	10001ab8 <__wrap_puts>
100002a6:	480e      	ldr	r0, [pc, #56]	@ (100002e0 <main+0x60>)
100002a8:	f001 fc06 	bl	10001ab8 <__wrap_puts>
100002ac:	480d      	ldr	r0, [pc, #52]	@ (100002e4 <main+0x64>)
100002ae:	f001 fc03 	bl	10001ab8 <__wrap_puts>
100002b2:	480d      	ldr	r0, [pc, #52]	@ (100002e8 <main+0x68>)
100002b4:	f001 fc00 	bl	10001ab8 <__wrap_puts>
100002b8:	480c      	ldr	r0, [pc, #48]	@ (100002ec <main+0x6c>)
100002ba:	f001 fbfd 	bl	10001ab8 <__wrap_puts>
100002be:	4c0c      	ldr	r4, [pc, #48]	@ (100002f0 <main+0x70>)
100002c0:	0020      	movs	r0, r4
100002c2:	f001 fbf9 	bl	10001ab8 <__wrap_puts>
100002c6:	20fa      	movs	r0, #250	@ 0xfa
100002c8:	0080      	lsls	r0, r0, #2
100002ca:	f000 fce3 	bl	10000c94 <sleep_ms>
100002ce:	e7f7      	b.n	100002c0 <main+0x40>
100002d0:	10001dac 	.word	0x10001dac
100002d4:	10001dd4 	.word	0x10001dd4
100002d8:	10001df4 	.word	0x10001df4
100002dc:	10001e1c 	.word	0x10001e1c
100002e0:	10001e30 	.word	0x10001e30
100002e4:	10001e50 	.word	0x10001e50
100002e8:	10001e80 	.word	0x10001e80
100002ec:	10001ea4 	.word	0x10001ea4
100002f0:	10001ec4 	.word	0x10001ec4

100002f4 <gpio_set_function>:
100002f4:	b510      	push	{r4, lr}
100002f6:	2440      	movs	r4, #64	@ 0x40
100002f8:	4a07      	ldr	r2, [pc, #28]	@ (10000318 <gpio_set_function+0x24>)
100002fa:	0083      	lsls	r3, r0, #2
100002fc:	189a      	adds	r2, r3, r2
100002fe:	6812      	ldr	r2, [r2, #0]
10000300:	00c0      	lsls	r0, r0, #3
10000302:	4054      	eors	r4, r2
10000304:	22c0      	movs	r2, #192	@ 0xc0
10000306:	4022      	ands	r2, r4
10000308:	4c04      	ldr	r4, [pc, #16]	@ (1000031c <gpio_set_function+0x28>)
1000030a:	191b      	adds	r3, r3, r4
1000030c:	601a      	str	r2, [r3, #0]
1000030e:	4b04      	ldr	r3, [pc, #16]	@ (10000320 <gpio_set_function+0x2c>)
10000310:	18c0      	adds	r0, r0, r3
10000312:	6041      	str	r1, [r0, #4]
10000314:	bd10      	pop	{r4, pc}
10000316:	46c0      	nop			@ (mov r8, r8)
10000318:	4001c004 	.word	0x4001c004
1000031c:	4001d004 	.word	0x4001d004
10000320:	40014000 	.word	0x40014000

10000324 <panic>:
10000324:	b40f      	push	{r0, r1, r2, r3}
10000326:	b500      	push	{lr}
10000328:	4808      	ldr	r0, [pc, #32]	@ (1000034c <panic+0x28>)
1000032a:	b083      	sub	sp, #12
1000032c:	f001 fbc4 	bl	10001ab8 <__wrap_puts>
10000330:	9b04      	ldr	r3, [sp, #16]
10000332:	2b00      	cmp	r3, #0
10000334:	d007      	beq.n	10000346 <panic+0x22>
10000336:	a905      	add	r1, sp, #20
10000338:	0018      	movs	r0, r3
1000033a:	9101      	str	r1, [sp, #4]
1000033c:	f001 fa54 	bl	100017e8 <weak_raw_vprintf>
10000340:	4803      	ldr	r0, [pc, #12]	@ (10000350 <panic+0x2c>)
10000342:	f001 fbb9 	bl	10001ab8 <__wrap_puts>
10000346:	2001      	movs	r0, #1
10000348:	f001 fa66 	bl	10001818 <_exit>
1000034c:	10001ed8 	.word	0x10001ed8
10000350:	10001ec0 	.word	0x10001ec0

10000354 <hw_claim_or_assert>:
10000354:	b570      	push	{r4, r5, r6, lr}
10000356:	468c      	mov	ip, r1
10000358:	0016      	movs	r6, r2
1000035a:	f3ef 8410 	mrs	r4, PRIMASK
1000035e:	b672      	cpsid	i
10000360:	490f      	ldr	r1, [pc, #60]	@ (100003a0 <hw_claim_or_assert+0x4c>)
10000362:	680b      	ldr	r3, [r1, #0]
10000364:	2b00      	cmp	r3, #0
10000366:	d0fc      	beq.n	10000362 <hw_claim_or_assert+0xe>
10000368:	f3bf 8f5f 	dmb	sy
1000036c:	4663      	mov	r3, ip
1000036e:	08db      	lsrs	r3, r3, #3
10000370:	18c5      	adds	r5, r0, r3
10000372:	2207      	movs	r2, #7
10000374:	5cc0      	ldrb	r0, [r0, r3]
10000376:	4663      	mov	r3, ip
10000378:	401a      	ands	r2, r3
1000037a:	2301      	movs	r3, #1
1000037c:	4093      	lsls	r3, r2
1000037e:	001a      	movs	r2, r3
10000380:	4002      	ands	r2, r0
10000382:	4203      	tst	r3, r0
10000384:	d107      	bne.n	10000396 <hw_claim_or_assert+0x42>
10000386:	4318      	orrs	r0, r3
10000388:	7028      	strb	r0, [r5, #0]
1000038a:	f3bf 8f5f 	dmb	sy
1000038e:	600a      	str	r2, [r1, #0]
10000390:	f384 8810 	msr	PRIMASK, r4
10000394:	bd70      	pop	{r4, r5, r6, pc}
10000396:	4661      	mov	r1, ip
10000398:	0030      	movs	r0, r6
1000039a:	f7ff ffc3 	bl	10000324 <panic>
1000039e:	46c0      	nop			@ (mov r8, r8)
100003a0:	d000012c 	.word	0xd000012c

100003a4 <next_striped_spin_lock_num>:
100003a4:	4a04      	ldr	r2, [pc, #16]	@ (100003b8 <next_striped_spin_lock_num+0x14>)
100003a6:	7810      	ldrb	r0, [r2, #0]
100003a8:	1c43      	adds	r3, r0, #1
100003aa:	b2db      	uxtb	r3, r3
100003ac:	2b17      	cmp	r3, #23
100003ae:	d900      	bls.n	100003b2 <next_striped_spin_lock_num+0xe>
100003b0:	2310      	movs	r3, #16
100003b2:	7013      	strb	r3, [r2, #0]
100003b4:	4770      	bx	lr
100003b6:	46c0      	nop			@ (mov r8, r8)
100003b8:	20000198 	.word	0x20000198

100003bc <spin_locks_reset>:
100003bc:	2100      	movs	r1, #0
100003be:	4b04      	ldr	r3, [pc, #16]	@ (100003d0 <spin_locks_reset+0x14>)
100003c0:	4a04      	ldr	r2, [pc, #16]	@ (100003d4 <spin_locks_reset+0x18>)
100003c2:	f3bf 8f5f 	dmb	sy
100003c6:	c302      	stmia	r3!, {r1}
100003c8:	4293      	cmp	r3, r2
100003ca:	d1fa      	bne.n	100003c2 <spin_locks_reset+0x6>
100003cc:	4770      	bx	lr
100003ce:	46c0      	nop			@ (mov r8, r8)
100003d0:	d0000100 	.word	0xd0000100
100003d4:	d0000180 	.word	0xd0000180

100003d8 <runtime_init_per_core_irq_priorities>:
100003d8:	4b08      	ldr	r3, [pc, #32]	@ (100003fc <runtime_init_per_core_irq_priorities+0x24>)
100003da:	4a09      	ldr	r2, [pc, #36]	@ (10000400 <runtime_init_per_core_irq_priorities+0x28>)
100003dc:	6013      	str	r3, [r2, #0]
100003de:	4a09      	ldr	r2, [pc, #36]	@ (10000404 <runtime_init_per_core_irq_priorities+0x2c>)
100003e0:	6013      	str	r3, [r2, #0]
100003e2:	4a09      	ldr	r2, [pc, #36]	@ (10000408 <runtime_init_per_core_irq_priorities+0x30>)
100003e4:	6013      	str	r3, [r2, #0]
100003e6:	4a09      	ldr	r2, [pc, #36]	@ (1000040c <runtime_init_per_core_irq_priorities+0x34>)
100003e8:	6013      	str	r3, [r2, #0]
100003ea:	4a09      	ldr	r2, [pc, #36]	@ (10000410 <runtime_init_per_core_irq_priorities+0x38>)
100003ec:	6013      	str	r3, [r2, #0]
100003ee:	4a09      	ldr	r2, [pc, #36]	@ (10000414 <runtime_init_per_core_irq_priorities+0x3c>)
100003f0:	6013      	str	r3, [r2, #0]
100003f2:	4a09      	ldr	r2, [pc, #36]	@ (10000418 <runtime_init_per_core_irq_priorities+0x40>)
100003f4:	6013      	str	r3, [r2, #0]
100003f6:	4a09      	ldr	r2, [pc, #36]	@ (1000041c <runtime_init_per_core_irq_priorities+0x44>)
100003f8:	6013      	str	r3, [r2, #0]
100003fa:	4770      	bx	lr
100003fc:	80808080 	.word	0x80808080
10000400:	e000e400 	.word	0xe000e400
10000404:	e000e404 	.word	0xe000e404
10000408:	e000e408 	.word	0xe000e408
1000040c:	e000e40c 	.word	0xe000e40c
10000410:	e000e410 	.word	0xe000e410
10000414:	e000e414 	.word	0xe000e414
10000418:	e000e418 	.word	0xe000e418
1000041c:	e000e41c 	.word	0xe000e41c

10000420 <irq_set_enabled>:
10000420:	231f      	movs	r3, #31
10000422:	4018      	ands	r0, r3
10000424:	3b1e      	subs	r3, #30
10000426:	4083      	lsls	r3, r0
10000428:	2900      	cmp	r1, #0
1000042a:	d005      	beq.n	10000438 <irq_set_enabled+0x18>
1000042c:	21c0      	movs	r1, #192	@ 0xc0
1000042e:	4a04      	ldr	r2, [pc, #16]	@ (10000440 <irq_set_enabled+0x20>)
10000430:	0049      	lsls	r1, r1, #1
10000432:	5053      	str	r3, [r2, r1]
10000434:	6013      	str	r3, [r2, #0]
10000436:	4770      	bx	lr
10000438:	2280      	movs	r2, #128	@ 0x80
1000043a:	4901      	ldr	r1, [pc, #4]	@ (10000440 <irq_set_enabled+0x20>)
1000043c:	508b      	str	r3, [r1, r2]
1000043e:	e7fa      	b.n	10000436 <irq_set_enabled+0x16>
10000440:	e000e100 	.word	0xe000e100

10000444 <irq_set_exclusive_handler>:
10000444:	b510      	push	{r4, lr}
10000446:	f3ef 8c10 	mrs	ip, PRIMASK
1000044a:	b672      	cpsid	i
1000044c:	4a0f      	ldr	r2, [pc, #60]	@ (1000048c <irq_set_exclusive_handler+0x48>)
1000044e:	6813      	ldr	r3, [r2, #0]
10000450:	2b00      	cmp	r3, #0
10000452:	d0fc      	beq.n	1000044e <irq_set_exclusive_handler+0xa>
10000454:	f3bf 8f5f 	dmb	sy
10000458:	4b0d      	ldr	r3, [pc, #52]	@ (10000490 <irq_set_exclusive_handler+0x4c>)
1000045a:	3010      	adds	r0, #16
1000045c:	689b      	ldr	r3, [r3, #8]
1000045e:	0080      	lsls	r0, r0, #2
10000460:	581b      	ldr	r3, [r3, r0]
10000462:	4a0c      	ldr	r2, [pc, #48]	@ (10000494 <irq_set_exclusive_handler+0x50>)
10000464:	4293      	cmp	r3, r2
10000466:	d001      	beq.n	1000046c <irq_set_exclusive_handler+0x28>
10000468:	4299      	cmp	r1, r3
1000046a:	d10c      	bne.n	10000486 <irq_set_exclusive_handler+0x42>
1000046c:	4b08      	ldr	r3, [pc, #32]	@ (10000490 <irq_set_exclusive_handler+0x4c>)
1000046e:	689b      	ldr	r3, [r3, #8]
10000470:	5019      	str	r1, [r3, r0]
10000472:	f3bf 8f5f 	dmb	sy
10000476:	f3bf 8f5f 	dmb	sy
1000047a:	2200      	movs	r2, #0
1000047c:	4b03      	ldr	r3, [pc, #12]	@ (1000048c <irq_set_exclusive_handler+0x48>)
1000047e:	601a      	str	r2, [r3, #0]
10000480:	f38c 8810 	msr	PRIMASK, ip
10000484:	bd10      	pop	{r4, pc}
10000486:	f000 ff7d 	bl	10001384 <hard_assertion_failure>
1000048a:	46c0      	nop			@ (mov r8, r8)
1000048c:	d0000124 	.word	0xd0000124
10000490:	e000ed00 	.word	0xe000ed00
10000494:	100001c1 	.word	0x100001c1

10000498 <irq_remove_handler>:
10000498:	b5f0      	push	{r4, r5, r6, r7, lr}
1000049a:	46de      	mov	lr, fp
1000049c:	4657      	mov	r7, sl
1000049e:	464e      	mov	r6, r9
100004a0:	4645      	mov	r5, r8
100004a2:	b5e0      	push	{r5, r6, r7, lr}
100004a4:	b083      	sub	sp, #12
100004a6:	f3ef 8910 	mrs	r9, PRIMASK
100004aa:	b672      	cpsid	i
100004ac:	4a5d      	ldr	r2, [pc, #372]	@ (10000624 <irq_remove_handler+0x18c>)
100004ae:	6813      	ldr	r3, [r2, #0]
100004b0:	2b00      	cmp	r3, #0
100004b2:	d0fc      	beq.n	100004ae <irq_remove_handler+0x16>
100004b4:	f3bf 8f5f 	dmb	sy
100004b8:	4b5b      	ldr	r3, [pc, #364]	@ (10000628 <irq_remove_handler+0x190>)
100004ba:	4e5c      	ldr	r6, [pc, #368]	@ (1000062c <irq_remove_handler+0x194>)
100004bc:	689a      	ldr	r2, [r3, #8]
100004be:	0003      	movs	r3, r0
100004c0:	3310      	adds	r3, #16
100004c2:	009c      	lsls	r4, r3, #2
100004c4:	5912      	ldr	r2, [r2, r4]
100004c6:	4698      	mov	r8, r3
100004c8:	42b2      	cmp	r2, r6
100004ca:	d03b      	beq.n	10000544 <irq_remove_handler+0xac>
100004cc:	428a      	cmp	r2, r1
100004ce:	d04c      	beq.n	1000056a <irq_remove_handler+0xd2>
100004d0:	4f57      	ldr	r7, [pc, #348]	@ (10000630 <irq_remove_handler+0x198>)
100004d2:	46bc      	mov	ip, r7
100004d4:	1bd7      	subs	r7, r2, r7
100004d6:	2f2f      	cmp	r7, #47	@ 0x2f
100004d8:	d834      	bhi.n	10000544 <irq_remove_handler+0xac>
100004da:	4b56      	ldr	r3, [pc, #344]	@ (10000634 <irq_remove_handler+0x19c>)
100004dc:	271f      	movs	r7, #31
100004de:	681d      	ldr	r5, [r3, #0]
100004e0:	4007      	ands	r7, r0
100004e2:	46aa      	mov	sl, r5
100004e4:	2501      	movs	r5, #1
100004e6:	40bd      	lsls	r5, r7
100004e8:	2780      	movs	r7, #128	@ 0x80
100004ea:	9501      	str	r5, [sp, #4]
100004ec:	51dd      	str	r5, [r3, r7]
100004ee:	f3bf 8f5f 	dmb	sy
100004f2:	f3ef 8505 	mrs	r5, IPSR
100004f6:	46ab      	mov	fp, r5
100004f8:	2d00      	cmp	r5, #0
100004fa:	d138      	bne.n	1000056e <irq_remove_handler+0xd6>
100004fc:	2301      	movs	r3, #1
100004fe:	001d      	movs	r5, r3
10000500:	4085      	lsls	r5, r0
10000502:	0028      	movs	r0, r5
10000504:	4655      	mov	r5, sl
10000506:	4005      	ands	r5, r0
10000508:	0010      	movs	r0, r2
1000050a:	4398      	bics	r0, r3
1000050c:	6887      	ldr	r7, [r0, #8]
1000050e:	46aa      	mov	sl, r5
10000510:	42b9      	cmp	r1, r7
10000512:	d108      	bne.n	10000526 <irq_remove_handler+0x8e>
10000514:	e07c      	b.n	10000610 <irq_remove_handler+0x178>
10000516:	0073      	lsls	r3, r6, #1
10000518:	199b      	adds	r3, r3, r6
1000051a:	009b      	lsls	r3, r3, #2
1000051c:	4463      	add	r3, ip
1000051e:	689f      	ldr	r7, [r3, #8]
10000520:	42b9      	cmp	r1, r7
10000522:	d02d      	beq.n	10000580 <irq_remove_handler+0xe8>
10000524:	0018      	movs	r0, r3
10000526:	2606      	movs	r6, #6
10000528:	5786      	ldrsb	r6, [r0, r6]
1000052a:	2e00      	cmp	r6, #0
1000052c:	daf3      	bge.n	10000516 <irq_remove_handler+0x7e>
1000052e:	42b9      	cmp	r1, r7
10000530:	d04c      	beq.n	100005cc <irq_remove_handler+0x134>
10000532:	4653      	mov	r3, sl
10000534:	2b00      	cmp	r3, #0
10000536:	d01e      	beq.n	10000576 <irq_remove_handler+0xde>
10000538:	21c0      	movs	r1, #192	@ 0xc0
1000053a:	4b3e      	ldr	r3, [pc, #248]	@ (10000634 <irq_remove_handler+0x19c>)
1000053c:	9801      	ldr	r0, [sp, #4]
1000053e:	0049      	lsls	r1, r1, #1
10000540:	5058      	str	r0, [r3, r1]
10000542:	6018      	str	r0, [r3, #0]
10000544:	4b38      	ldr	r3, [pc, #224]	@ (10000628 <irq_remove_handler+0x190>)
10000546:	689b      	ldr	r3, [r3, #8]
10000548:	511a      	str	r2, [r3, r4]
1000054a:	f3bf 8f5f 	dmb	sy
1000054e:	f3bf 8f5f 	dmb	sy
10000552:	2200      	movs	r2, #0
10000554:	4b33      	ldr	r3, [pc, #204]	@ (10000624 <irq_remove_handler+0x18c>)
10000556:	601a      	str	r2, [r3, #0]
10000558:	f389 8810 	msr	PRIMASK, r9
1000055c:	b003      	add	sp, #12
1000055e:	bcf0      	pop	{r4, r5, r6, r7}
10000560:	46bb      	mov	fp, r7
10000562:	46b2      	mov	sl, r6
10000564:	46a9      	mov	r9, r5
10000566:	46a0      	mov	r8, r4
10000568:	bdf0      	pop	{r4, r5, r6, r7, pc}
1000056a:	0032      	movs	r2, r6
1000056c:	e7ea      	b.n	10000544 <irq_remove_handler+0xac>
1000056e:	45a8      	cmp	r8, r5
10000570:	d0c4      	beq.n	100004fc <irq_remove_handler+0x64>
10000572:	f000 ff07 	bl	10001384 <hard_assertion_failure>
10000576:	2380      	movs	r3, #128	@ 0x80
10000578:	492e      	ldr	r1, [pc, #184]	@ (10000634 <irq_remove_handler+0x19c>)
1000057a:	9801      	ldr	r0, [sp, #4]
1000057c:	50c8      	str	r0, [r1, r3]
1000057e:	e7e1      	b.n	10000544 <irq_remove_handler+0xac>
10000580:	2706      	movs	r7, #6
10000582:	57df      	ldrsb	r7, [r3, r7]
10000584:	2f00      	cmp	r7, #0
10000586:	db22      	blt.n	100005ce <irq_remove_handler+0x136>
10000588:	0079      	lsls	r1, r7, #1
1000058a:	19c8      	adds	r0, r1, r7
1000058c:	0085      	lsls	r5, r0, #2
1000058e:	002e      	movs	r6, r5
10000590:	4466      	add	r6, ip
10000592:	68b0      	ldr	r0, [r6, #8]
10000594:	6098      	str	r0, [r3, #8]
10000596:	79f0      	ldrb	r0, [r6, #7]
10000598:	71d8      	strb	r0, [r3, #7]
1000059a:	2006      	movs	r0, #6
1000059c:	5630      	ldrsb	r0, [r6, r0]
1000059e:	7198      	strb	r0, [r3, #6]
100005a0:	2800      	cmp	r0, #0
100005a2:	db26      	blt.n	100005f2 <irq_remove_handler+0x15a>
100005a4:	4660      	mov	r0, ip
100005a6:	88b6      	ldrh	r6, [r6, #4]
100005a8:	1ac0      	subs	r0, r0, r3
100005aa:	0576      	lsls	r6, r6, #21
100005ac:	1536      	asrs	r6, r6, #20
100005ae:	1976      	adds	r6, r6, r5
100005b0:	1980      	adds	r0, r0, r6
100005b2:	0500      	lsls	r0, r0, #20
100005b4:	4e20      	ldr	r6, [pc, #128]	@ (10000638 <irq_remove_handler+0x1a0>)
100005b6:	0d40      	lsrs	r0, r0, #21
100005b8:	4330      	orrs	r0, r6
100005ba:	8098      	strh	r0, [r3, #4]
100005bc:	19cb      	adds	r3, r1, r7
100005be:	491f      	ldr	r1, [pc, #124]	@ (1000063c <irq_remove_handler+0x1a4>)
100005c0:	009b      	lsls	r3, r3, #2
100005c2:	7808      	ldrb	r0, [r1, #0]
100005c4:	4463      	add	r3, ip
100005c6:	7198      	strb	r0, [r3, #6]
100005c8:	700f      	strb	r7, [r1, #0]
100005ca:	e7b2      	b.n	10000532 <irq_remove_handler+0x9a>
100005cc:	0003      	movs	r3, r0
100005ce:	4659      	mov	r1, fp
100005d0:	2900      	cmp	r1, #0
100005d2:	d110      	bne.n	100005f6 <irq_remove_handler+0x15e>
100005d4:	31ff      	adds	r1, #255	@ 0xff
100005d6:	7181      	strb	r1, [r0, #6]
100005d8:	4919      	ldr	r1, [pc, #100]	@ (10000640 <irq_remove_handler+0x1a8>)
100005da:	8081      	strh	r1, [r0, #4]
100005dc:	4817      	ldr	r0, [pc, #92]	@ (1000063c <irq_remove_handler+0x1a4>)
100005de:	4665      	mov	r5, ip
100005e0:	7801      	ldrb	r1, [r0, #0]
100005e2:	7199      	strb	r1, [r3, #6]
100005e4:	4917      	ldr	r1, [pc, #92]	@ (10000644 <irq_remove_handler+0x1ac>)
100005e6:	1b5b      	subs	r3, r3, r5
100005e8:	415b      	adcs	r3, r3
100005ea:	4359      	muls	r1, r3
100005ec:	0d09      	lsrs	r1, r1, #20
100005ee:	7001      	strb	r1, [r0, #0]
100005f0:	e79f      	b.n	10000532 <irq_remove_handler+0x9a>
100005f2:	4813      	ldr	r0, [pc, #76]	@ (10000640 <irq_remove_handler+0x1a8>)
100005f4:	e7e1      	b.n	100005ba <irq_remove_handler+0x122>
100005f6:	4914      	ldr	r1, [pc, #80]	@ (10000648 <irq_remove_handler+0x1b0>)
100005f8:	4814      	ldr	r0, [pc, #80]	@ (1000064c <irq_remove_handler+0x1b4>)
100005fa:	1ac9      	subs	r1, r1, r3
100005fc:	3908      	subs	r1, #8
100005fe:	024e      	lsls	r6, r1, #9
10000600:	0d76      	lsrs	r6, r6, #21
10000602:	4330      	orrs	r0, r6
10000604:	8098      	strh	r0, [r3, #4]
10000606:	4812      	ldr	r0, [pc, #72]	@ (10000650 <irq_remove_handler+0x1b8>)
10000608:	0849      	lsrs	r1, r1, #1
1000060a:	4301      	orrs	r1, r0
1000060c:	80d9      	strh	r1, [r3, #6]
1000060e:	e790      	b.n	10000532 <irq_remove_handler+0x9a>
10000610:	2706      	movs	r7, #6
10000612:	57c7      	ldrsb	r7, [r0, r7]
10000614:	0003      	movs	r3, r0
10000616:	2f00      	cmp	r7, #0
10000618:	dab6      	bge.n	10000588 <irq_remove_handler+0xf0>
1000061a:	4659      	mov	r1, fp
1000061c:	2900      	cmp	r1, #0
1000061e:	d1ea      	bne.n	100005f6 <irq_remove_handler+0x15e>
10000620:	0032      	movs	r2, r6
10000622:	e7db      	b.n	100005dc <irq_remove_handler+0x144>
10000624:	d0000124 	.word	0xd0000124
10000628:	e000ed00 	.word	0xe000ed00
1000062c:	100001c1 	.word	0x100001c1
10000630:	2000019c 	.word	0x2000019c
10000634:	e000e100 	.word	0xe000e100
10000638:	ffffe000 	.word	0xffffe000
1000063c:	2000061c 	.word	0x2000061c
10000640:	ffffbd01 	.word	0xffffbd01
10000644:	0000aaaa 	.word	0x0000aaaa
10000648:	200001d6 	.word	0x200001d6
1000064c:	fffff000 	.word	0xfffff000
10000650:	fffff800 	.word	0xfffff800

10000654 <irq_add_tail_to_free_list>:
10000654:	2301      	movs	r3, #1
10000656:	4303      	orrs	r3, r0
10000658:	b570      	push	{r4, r5, r6, lr}
1000065a:	469c      	mov	ip, r3
1000065c:	f3ef 8105 	mrs	r1, IPSR
10000660:	f3ef 8510 	mrs	r5, PRIMASK
10000664:	b672      	cpsid	i
10000666:	4a21      	ldr	r2, [pc, #132]	@ (100006ec <irq_add_tail_to_free_list+0x98>)
10000668:	6813      	ldr	r3, [r2, #0]
1000066a:	2b00      	cmp	r3, #0
1000066c:	d0fc      	beq.n	10000668 <irq_add_tail_to_free_list+0x14>
1000066e:	f3bf 8f5f 	dmb	sy
10000672:	4b1f      	ldr	r3, [pc, #124]	@ (100006f0 <irq_add_tail_to_free_list+0x9c>)
10000674:	0004      	movs	r4, r0
10000676:	4a1f      	ldr	r2, [pc, #124]	@ (100006f4 <irq_add_tail_to_free_list+0xa0>)
10000678:	1ae4      	subs	r4, r4, r3
1000067a:	4164      	adcs	r4, r4
1000067c:	4362      	muls	r2, r4
1000067e:	0d12      	lsrs	r2, r2, #20
10000680:	4c1d      	ldr	r4, [pc, #116]	@ (100006f8 <irq_add_tail_to_free_list+0xa4>)
10000682:	0089      	lsls	r1, r1, #2
10000684:	68a6      	ldr	r6, [r4, #8]
10000686:	b252      	sxtb	r2, r2
10000688:	5876      	ldr	r6, [r6, r1]
1000068a:	4566      	cmp	r6, ip
1000068c:	d01c      	beq.n	100006c8 <irq_add_tail_to_free_list+0x74>
1000068e:	2106      	movs	r1, #6
10000690:	5659      	ldrsb	r1, [r3, r1]
10000692:	4291      	cmp	r1, r2
10000694:	d01c      	beq.n	100006d0 <irq_add_tail_to_free_list+0x7c>
10000696:	2112      	movs	r1, #18
10000698:	5659      	ldrsb	r1, [r3, r1]
1000069a:	4291      	cmp	r1, r2
1000069c:	d022      	beq.n	100006e4 <irq_add_tail_to_free_list+0x90>
1000069e:	211e      	movs	r1, #30
100006a0:	5659      	ldrsb	r1, [r3, r1]
100006a2:	4291      	cmp	r1, r2
100006a4:	d020      	beq.n	100006e8 <irq_add_tail_to_free_list+0x94>
100006a6:	212a      	movs	r1, #42	@ 0x2a
100006a8:	5659      	ldrsb	r1, [r3, r1]
100006aa:	2403      	movs	r4, #3
100006ac:	4291      	cmp	r1, r2
100006ae:	d010      	beq.n	100006d2 <irq_add_tail_to_free_list+0x7e>
100006b0:	4b12      	ldr	r3, [pc, #72]	@ (100006fc <irq_add_tail_to_free_list+0xa8>)
100006b2:	7819      	ldrb	r1, [r3, #0]
100006b4:	701a      	strb	r2, [r3, #0]
100006b6:	7181      	strb	r1, [r0, #6]
100006b8:	f3bf 8f5f 	dmb	sy
100006bc:	2200      	movs	r2, #0
100006be:	4b0b      	ldr	r3, [pc, #44]	@ (100006ec <irq_add_tail_to_free_list+0x98>)
100006c0:	601a      	str	r2, [r3, #0]
100006c2:	f385 8810 	msr	PRIMASK, r5
100006c6:	bd70      	pop	{r4, r5, r6, pc}
100006c8:	68a3      	ldr	r3, [r4, #8]
100006ca:	4c0d      	ldr	r4, [pc, #52]	@ (10000700 <irq_add_tail_to_free_list+0xac>)
100006cc:	505c      	str	r4, [r3, r1]
100006ce:	e7ef      	b.n	100006b0 <irq_add_tail_to_free_list+0x5c>
100006d0:	2400      	movs	r4, #0
100006d2:	0061      	lsls	r1, r4, #1
100006d4:	1909      	adds	r1, r1, r4
100006d6:	0089      	lsls	r1, r1, #2
100006d8:	185b      	adds	r3, r3, r1
100006da:	21ff      	movs	r1, #255	@ 0xff
100006dc:	7199      	strb	r1, [r3, #6]
100006de:	4909      	ldr	r1, [pc, #36]	@ (10000704 <irq_add_tail_to_free_list+0xb0>)
100006e0:	8099      	strh	r1, [r3, #4]
100006e2:	e7e5      	b.n	100006b0 <irq_add_tail_to_free_list+0x5c>
100006e4:	2401      	movs	r4, #1
100006e6:	e7f4      	b.n	100006d2 <irq_add_tail_to_free_list+0x7e>
100006e8:	2402      	movs	r4, #2
100006ea:	e7f2      	b.n	100006d2 <irq_add_tail_to_free_list+0x7e>
100006ec:	d0000124 	.word	0xd0000124
100006f0:	2000019c 	.word	0x2000019c
100006f4:	0000aaaa 	.word	0x0000aaaa
100006f8:	e000ed00 	.word	0xe000ed00
100006fc:	2000061c 	.word	0x2000061c
10000700:	100001c1 	.word	0x100001c1
10000704:	ffffbd01 	.word	0xffffbd01

10000708 <lock_init>:
10000708:	4b02      	ldr	r3, [pc, #8]	@ (10000714 <lock_init+0xc>)
1000070a:	18c9      	adds	r1, r1, r3
1000070c:	0089      	lsls	r1, r1, #2
1000070e:	6001      	str	r1, [r0, #0]
10000710:	4770      	bx	lr
10000712:	46c0      	nop			@ (mov r8, r8)
10000714:	34000040 	.word	0x34000040

10000718 <runtime_init_mutex>:
10000718:	b570      	push	{r4, r5, r6, lr}
1000071a:	4c11      	ldr	r4, [pc, #68]	@ (10000760 <runtime_init_mutex+0x48>)
1000071c:	4d11      	ldr	r5, [pc, #68]	@ (10000764 <runtime_init_mutex+0x4c>)
1000071e:	42ac      	cmp	r4, r5
10000720:	d20f      	bcs.n	10000742 <runtime_init_mutex+0x2a>
10000722:	26ff      	movs	r6, #255	@ 0xff
10000724:	6823      	ldr	r3, [r4, #0]
10000726:	2b00      	cmp	r3, #0
10000728:	d00c      	beq.n	10000744 <runtime_init_mutex+0x2c>
1000072a:	f7ff fe3b 	bl	100003a4 <next_striped_spin_lock_num>
1000072e:	0001      	movs	r1, r0
10000730:	0020      	movs	r0, r4
10000732:	f7ff ffe9 	bl	10000708 <lock_init>
10000736:	80a6      	strh	r6, [r4, #4]
10000738:	f3bf 8f5f 	dmb	sy
1000073c:	3408      	adds	r4, #8
1000073e:	42ac      	cmp	r4, r5
10000740:	d3f0      	bcc.n	10000724 <runtime_init_mutex+0xc>
10000742:	bd70      	pop	{r4, r5, r6, pc}
10000744:	f7ff fe2e 	bl	100003a4 <next_striped_spin_lock_num>
10000748:	0001      	movs	r1, r0
1000074a:	0020      	movs	r0, r4
1000074c:	f7ff ffdc 	bl	10000708 <lock_init>
10000750:	7126      	strb	r6, [r4, #4]
10000752:	f3bf 8f5f 	dmb	sy
10000756:	3408      	adds	r4, #8
10000758:	42ac      	cmp	r4, r5
1000075a:	d3e3      	bcc.n	10000724 <runtime_init_mutex+0xc>
1000075c:	e7f1      	b.n	10000742 <runtime_init_mutex+0x2a>
1000075e:	46c0      	nop			@ (mov r8, r8)
10000760:	20000238 	.word	0x20000238
10000764:	20000240 	.word	0x20000240

10000768 <sleep_until_callback>:
10000768:	bf40      	sev
1000076a:	2000      	movs	r0, #0
1000076c:	2100      	movs	r1, #0
1000076e:	4770      	bx	lr

10000770 <alarm_pool_irq_handler>:
10000770:	b5f0      	push	{r4, r5, r6, r7, lr}
10000772:	46de      	mov	lr, fp
10000774:	4657      	mov	r7, sl
10000776:	464e      	mov	r6, r9
10000778:	4645      	mov	r5, r8
1000077a:	b5e0      	push	{r5, r6, r7, lr}
1000077c:	b085      	sub	sp, #20
1000077e:	f3ef 8305 	mrs	r3, IPSR
10000782:	2203      	movs	r2, #3
10000784:	401a      	ands	r2, r3
10000786:	4bb1      	ldr	r3, [pc, #708]	@ (10000a4c <alarm_pool_irq_handler+0x2dc>)
10000788:	0091      	lsls	r1, r2, #2
1000078a:	585b      	ldr	r3, [r3, r1]
1000078c:	9203      	str	r2, [sp, #12]
1000078e:	4698      	mov	r8, r3
10000790:	2301      	movs	r3, #1
10000792:	4093      	lsls	r3, r2
10000794:	001a      	movs	r2, r3
10000796:	9301      	str	r3, [sp, #4]
10000798:	4bad      	ldr	r3, [pc, #692]	@ (10000a50 <alarm_pool_irq_handler+0x2e0>)
1000079a:	9102      	str	r1, [sp, #8]
1000079c:	601a      	str	r2, [r3, #0]
1000079e:	2308      	movs	r3, #8
100007a0:	4443      	add	r3, r8
100007a2:	4699      	mov	r9, r3
100007a4:	9b01      	ldr	r3, [sp, #4]
100007a6:	48ab      	ldr	r0, [pc, #684]	@ (10000a54 <alarm_pool_irq_handler+0x2e4>)
100007a8:	6343      	str	r3, [r0, #52]	@ 0x34
100007aa:	4643      	mov	r3, r8
100007ac:	2208      	movs	r2, #8
100007ae:	5e9b      	ldrsh	r3, [r3, r2]
100007b0:	469a      	mov	sl, r3
100007b2:	2b00      	cmp	r3, #0
100007b4:	db00      	blt.n	100007b8 <alarm_pool_irq_handler+0x48>
100007b6:	e0b9      	b.n	1000092c <alarm_pool_irq_handler+0x1bc>
100007b8:	4643      	mov	r3, r8
100007ba:	889b      	ldrh	r3, [r3, #4]
100007bc:	b21b      	sxth	r3, r3
100007be:	2b00      	cmp	r3, #0
100007c0:	da00      	bge.n	100007c4 <alarm_pool_irq_handler+0x54>
100007c2:	e126      	b.n	10000a12 <alarm_pool_irq_handler+0x2a2>
100007c4:	4643      	mov	r3, r8
100007c6:	691b      	ldr	r3, [r3, #16]
100007c8:	f3ef 8210 	mrs	r2, PRIMASK
100007cc:	b672      	cpsid	i
100007ce:	6819      	ldr	r1, [r3, #0]
100007d0:	2900      	cmp	r1, #0
100007d2:	d0fc      	beq.n	100007ce <alarm_pool_irq_handler+0x5e>
100007d4:	f3bf 8f5f 	dmb	sy
100007d8:	4643      	mov	r3, r8
100007da:	889e      	ldrh	r6, [r3, #4]
100007dc:	2301      	movs	r3, #1
100007de:	4641      	mov	r1, r8
100007e0:	425b      	negs	r3, r3
100007e2:	808b      	strh	r3, [r1, #4]
100007e4:	b236      	sxth	r6, r6
100007e6:	690b      	ldr	r3, [r1, #16]
100007e8:	f3bf 8f5f 	dmb	sy
100007ec:	2100      	movs	r1, #0
100007ee:	6019      	str	r1, [r3, #0]
100007f0:	f382 8810 	msr	PRIMASK, r2
100007f4:	2e00      	cmp	r6, #0
100007f6:	db26      	blt.n	10000846 <alarm_pool_irq_handler+0xd6>
100007f8:	4643      	mov	r3, r8
100007fa:	695d      	ldr	r5, [r3, #20]
100007fc:	0074      	lsls	r4, r6, #1
100007fe:	19a4      	adds	r4, r4, r6
10000800:	2008      	movs	r0, #8
10000802:	5e1a      	ldrsh	r2, [r3, r0]
10000804:	00e4      	lsls	r4, r4, #3
10000806:	4649      	mov	r1, r9
10000808:	192c      	adds	r4, r5, r4
1000080a:	2a00      	cmp	r2, #0
1000080c:	db14      	blt.n	10000838 <alarm_pool_irq_handler+0xc8>
1000080e:	68a0      	ldr	r0, [r4, #8]
10000810:	469a      	mov	sl, r3
10000812:	4680      	mov	r8, r0
10000814:	68e0      	ldr	r0, [r4, #12]
10000816:	e007      	b.n	10000828 <alarm_pool_irq_handler+0xb8>
10000818:	4283      	cmp	r3, r0
1000081a:	d100      	bne.n	1000081e <alarm_pool_irq_handler+0xae>
1000081c:	e081      	b.n	10000922 <alarm_pool_irq_handler+0x1b2>
1000081e:	2300      	movs	r3, #0
10000820:	5efa      	ldrsh	r2, [r7, r3]
10000822:	0039      	movs	r1, r7
10000824:	2a00      	cmp	r2, #0
10000826:	db06      	blt.n	10000836 <alarm_pool_irq_handler+0xc6>
10000828:	0057      	lsls	r7, r2, #1
1000082a:	18bf      	adds	r7, r7, r2
1000082c:	00ff      	lsls	r7, r7, #3
1000082e:	19ef      	adds	r7, r5, r7
10000830:	68fb      	ldr	r3, [r7, #12]
10000832:	4283      	cmp	r3, r0
10000834:	ddf0      	ble.n	10000818 <alarm_pool_irq_handler+0xa8>
10000836:	4653      	mov	r3, sl
10000838:	800e      	strh	r6, [r1, #0]
1000083a:	2100      	movs	r1, #0
1000083c:	5e66      	ldrsh	r6, [r4, r1]
1000083e:	8022      	strh	r2, [r4, #0]
10000840:	2e00      	cmp	r6, #0
10000842:	dadb      	bge.n	100007fc <alarm_pool_irq_handler+0x8c>
10000844:	4698      	mov	r8, r3
10000846:	4643      	mov	r3, r8
10000848:	2108      	movs	r1, #8
1000084a:	5e59      	ldrsh	r1, [r3, r1]
1000084c:	2900      	cmp	r1, #0
1000084e:	da00      	bge.n	10000852 <alarm_pool_irq_handler+0xe2>
10000850:	e0df      	b.n	10000a12 <alarm_pool_irq_handler+0x2a2>
10000852:	4643      	mov	r3, r8
10000854:	695a      	ldr	r2, [r3, #20]
10000856:	004b      	lsls	r3, r1, #1
10000858:	487e      	ldr	r0, [pc, #504]	@ (10000a54 <alarm_pool_irq_handler+0x2e4>)
1000085a:	185b      	adds	r3, r3, r1
1000085c:	9902      	ldr	r1, [sp, #8]
1000085e:	00db      	lsls	r3, r3, #3
10000860:	18d3      	adds	r3, r2, r3
10000862:	1809      	adds	r1, r1, r0
10000864:	6a82      	ldr	r2, [r0, #40]	@ 0x28
10000866:	689d      	ldr	r5, [r3, #8]
10000868:	68dc      	ldr	r4, [r3, #12]
1000086a:	690b      	ldr	r3, [r1, #16]
1000086c:	1aae      	subs	r6, r5, r2
1000086e:	1a9b      	subs	r3, r3, r2
10000870:	429e      	cmp	r6, r3
10000872:	d31b      	bcc.n	100008ac <alarm_pool_irq_handler+0x13c>
10000874:	2301      	movs	r3, #1
10000876:	6a02      	ldr	r2, [r0, #32]
10000878:	9803      	ldr	r0, [sp, #12]
1000087a:	4083      	lsls	r3, r0
1000087c:	421a      	tst	r2, r3
1000087e:	d015      	beq.n	100008ac <alarm_pool_irq_handler+0x13c>
10000880:	4643      	mov	r3, r8
10000882:	799b      	ldrb	r3, [r3, #6]
10000884:	2b00      	cmp	r3, #0
10000886:	d116      	bne.n	100008b6 <alarm_pool_irq_handler+0x146>
10000888:	4872      	ldr	r0, [pc, #456]	@ (10000a54 <alarm_pool_irq_handler+0x2e4>)
1000088a:	f000 fb01 	bl	10000e90 <timer_time_us_64>
1000088e:	428c      	cmp	r4, r1
10000890:	dc04      	bgt.n	1000089c <alarm_pool_irq_handler+0x12c>
10000892:	d000      	beq.n	10000896 <alarm_pool_irq_handler+0x126>
10000894:	e786      	b.n	100007a4 <alarm_pool_irq_handler+0x34>
10000896:	4285      	cmp	r5, r0
10000898:	d800      	bhi.n	1000089c <alarm_pool_irq_handler+0x12c>
1000089a:	e783      	b.n	100007a4 <alarm_pool_irq_handler+0x34>
1000089c:	bf40      	sev
1000089e:	b005      	add	sp, #20
100008a0:	bcf0      	pop	{r4, r5, r6, r7}
100008a2:	46bb      	mov	fp, r7
100008a4:	46b2      	mov	sl, r6
100008a6:	46a9      	mov	r9, r5
100008a8:	46a0      	mov	r8, r4
100008aa:	bdf0      	pop	{r4, r5, r6, r7, pc}
100008ac:	4643      	mov	r3, r8
100008ae:	610d      	str	r5, [r1, #16]
100008b0:	799b      	ldrb	r3, [r3, #6]
100008b2:	2b00      	cmp	r3, #0
100008b4:	d0e8      	beq.n	10000888 <alarm_pool_irq_handler+0x118>
100008b6:	2300      	movs	r3, #0
100008b8:	4642      	mov	r2, r8
100008ba:	7193      	strb	r3, [r2, #6]
100008bc:	4643      	mov	r3, r8
100008be:	2208      	movs	r2, #8
100008c0:	5e9a      	ldrsh	r2, [r3, r2]
100008c2:	1c53      	adds	r3, r2, #1
100008c4:	d0e0      	beq.n	10000888 <alarm_pool_irq_handler+0x118>
100008c6:	4647      	mov	r7, r8
100008c8:	4648      	mov	r0, r9
100008ca:	2600      	movs	r6, #0
100008cc:	46a8      	mov	r8, r5
100008ce:	46a3      	mov	fp, r4
100008d0:	e002      	b.n	100008d8 <alarm_pool_irq_handler+0x168>
100008d2:	0008      	movs	r0, r1
100008d4:	1c53      	adds	r3, r2, #1
100008d6:	d020      	beq.n	1000091a <alarm_pool_irq_handler+0x1aa>
100008d8:	0053      	lsls	r3, r2, #1
100008da:	697d      	ldr	r5, [r7, #20]
100008dc:	189b      	adds	r3, r3, r2
100008de:	00db      	lsls	r3, r3, #3
100008e0:	18e9      	adds	r1, r5, r3
100008e2:	0014      	movs	r4, r2
100008e4:	5eea      	ldrsh	r2, [r5, r3]
100008e6:	884b      	ldrh	r3, [r1, #2]
100008e8:	b21b      	sxth	r3, r3
100008ea:	2b00      	cmp	r3, #0
100008ec:	daf1      	bge.n	100008d2 <alarm_pool_irq_handler+0x162>
100008ee:	8002      	strh	r2, [r0, #0]
100008f0:	693b      	ldr	r3, [r7, #16]
100008f2:	f3ef 8a10 	mrs	sl, PRIMASK
100008f6:	b672      	cpsid	i
100008f8:	001d      	movs	r5, r3
100008fa:	682b      	ldr	r3, [r5, #0]
100008fc:	2b00      	cmp	r3, #0
100008fe:	d0fc      	beq.n	100008fa <alarm_pool_irq_handler+0x18a>
10000900:	f3bf 8f5f 	dmb	sy
10000904:	887b      	ldrh	r3, [r7, #2]
10000906:	800b      	strh	r3, [r1, #0]
10000908:	693b      	ldr	r3, [r7, #16]
1000090a:	807c      	strh	r4, [r7, #2]
1000090c:	f3bf 8f5f 	dmb	sy
10000910:	601e      	str	r6, [r3, #0]
10000912:	f38a 8810 	msr	PRIMASK, sl
10000916:	1c53      	adds	r3, r2, #1
10000918:	d1de      	bne.n	100008d8 <alarm_pool_irq_handler+0x168>
1000091a:	4645      	mov	r5, r8
1000091c:	465c      	mov	r4, fp
1000091e:	46b8      	mov	r8, r7
10000920:	e7b2      	b.n	10000888 <alarm_pool_irq_handler+0x118>
10000922:	68bb      	ldr	r3, [r7, #8]
10000924:	4543      	cmp	r3, r8
10000926:	d800      	bhi.n	1000092a <alarm_pool_irq_handler+0x1ba>
10000928:	e779      	b.n	1000081e <alarm_pool_irq_handler+0xae>
1000092a:	e784      	b.n	10000836 <alarm_pool_irq_handler+0xc6>
1000092c:	4642      	mov	r2, r8
1000092e:	6952      	ldr	r2, [r2, #20]
10000930:	005b      	lsls	r3, r3, #1
10000932:	4693      	mov	fp, r2
10000934:	4453      	add	r3, sl
10000936:	00db      	lsls	r3, r3, #3
10000938:	449b      	add	fp, r3
1000093a:	465b      	mov	r3, fp
1000093c:	689e      	ldr	r6, [r3, #8]
1000093e:	68df      	ldr	r7, [r3, #12]
10000940:	f000 faa6 	bl	10000e90 <timer_time_us_64>
10000944:	428f      	cmp	r7, r1
10000946:	dc2a      	bgt.n	1000099e <alarm_pool_irq_handler+0x22e>
10000948:	d030      	beq.n	100009ac <alarm_pool_irq_handler+0x23c>
1000094a:	465b      	mov	r3, fp
1000094c:	465a      	mov	r2, fp
1000094e:	691b      	ldr	r3, [r3, #16]
10000950:	6954      	ldr	r4, [r2, #20]
10000952:	2b02      	cmp	r3, #2
10000954:	d032      	beq.n	100009bc <alarm_pool_irq_handler+0x24c>
10000956:	4641      	mov	r1, r8
10000958:	2008      	movs	r0, #8
1000095a:	5e08      	ldrsh	r0, [r1, r0]
1000095c:	8852      	ldrh	r2, [r2, #2]
1000095e:	0400      	lsls	r0, r0, #16
10000960:	0021      	movs	r1, r4
10000962:	4310      	orrs	r0, r2
10000964:	4798      	blx	r3
10000966:	0004      	movs	r4, r0
10000968:	000d      	movs	r5, r1
1000096a:	0023      	movs	r3, r4
1000096c:	432b      	orrs	r3, r5
1000096e:	d02e      	beq.n	100009ce <alarm_pool_irq_handler+0x25e>
10000970:	2d00      	cmp	r5, #0
10000972:	da48      	bge.n	10000a06 <alarm_pool_irq_handler+0x296>
10000974:	0030      	movs	r0, r6
10000976:	0039      	movs	r1, r7
10000978:	1b00      	subs	r0, r0, r4
1000097a:	41a9      	sbcs	r1, r5
1000097c:	465b      	mov	r3, fp
1000097e:	6098      	str	r0, [r3, #8]
10000980:	60d9      	str	r1, [r3, #12]
10000982:	2200      	movs	r2, #0
10000984:	5e9b      	ldrsh	r3, [r3, r2]
10000986:	2b00      	cmp	r3, #0
10000988:	db09      	blt.n	1000099e <alarm_pool_irq_handler+0x22e>
1000098a:	4642      	mov	r2, r8
1000098c:	005e      	lsls	r6, r3, #1
1000098e:	6954      	ldr	r4, [r2, #20]
10000990:	18f2      	adds	r2, r6, r3
10000992:	00d2      	lsls	r2, r2, #3
10000994:	18a2      	adds	r2, r4, r2
10000996:	6897      	ldr	r7, [r2, #8]
10000998:	68d2      	ldr	r2, [r2, #12]
1000099a:	428a      	cmp	r2, r1
1000099c:	dd5c      	ble.n	10000a58 <alarm_pool_irq_handler+0x2e8>
1000099e:	4643      	mov	r3, r8
100009a0:	889b      	ldrh	r3, [r3, #4]
100009a2:	b21b      	sxth	r3, r3
100009a4:	2b00      	cmp	r3, #0
100009a6:	da00      	bge.n	100009aa <alarm_pool_irq_handler+0x23a>
100009a8:	e74d      	b.n	10000846 <alarm_pool_irq_handler+0xd6>
100009aa:	e70b      	b.n	100007c4 <alarm_pool_irq_handler+0x54>
100009ac:	4286      	cmp	r6, r0
100009ae:	d8f6      	bhi.n	1000099e <alarm_pool_irq_handler+0x22e>
100009b0:	465b      	mov	r3, fp
100009b2:	465a      	mov	r2, fp
100009b4:	691b      	ldr	r3, [r3, #16]
100009b6:	6954      	ldr	r4, [r2, #20]
100009b8:	2b02      	cmp	r3, #2
100009ba:	d1cc      	bne.n	10000956 <alarm_pool_irq_handler+0x1e6>
100009bc:	0020      	movs	r0, r4
100009be:	6923      	ldr	r3, [r4, #16]
100009c0:	4798      	blx	r3
100009c2:	2800      	cmp	r0, #0
100009c4:	d003      	beq.n	100009ce <alarm_pool_irq_handler+0x25e>
100009c6:	cc30      	ldmia	r4, {r4, r5}
100009c8:	0023      	movs	r3, r4
100009ca:	432b      	orrs	r3, r5
100009cc:	d1d0      	bne.n	10000970 <alarm_pool_irq_handler+0x200>
100009ce:	465b      	mov	r3, fp
100009d0:	4642      	mov	r2, r8
100009d2:	881b      	ldrh	r3, [r3, #0]
100009d4:	8113      	strh	r3, [r2, #8]
100009d6:	6912      	ldr	r2, [r2, #16]
100009d8:	f3ef 8310 	mrs	r3, PRIMASK
100009dc:	b672      	cpsid	i
100009de:	6811      	ldr	r1, [r2, #0]
100009e0:	2900      	cmp	r1, #0
100009e2:	d0fc      	beq.n	100009de <alarm_pool_irq_handler+0x26e>
100009e4:	f3bf 8f5f 	dmb	sy
100009e8:	4642      	mov	r2, r8
100009ea:	4659      	mov	r1, fp
100009ec:	8852      	ldrh	r2, [r2, #2]
100009ee:	800a      	strh	r2, [r1, #0]
100009f0:	4642      	mov	r2, r8
100009f2:	4651      	mov	r1, sl
100009f4:	8051      	strh	r1, [r2, #2]
100009f6:	6912      	ldr	r2, [r2, #16]
100009f8:	f3bf 8f5f 	dmb	sy
100009fc:	2100      	movs	r1, #0
100009fe:	6011      	str	r1, [r2, #0]
10000a00:	f383 8810 	msr	PRIMASK, r3
10000a04:	e7cb      	b.n	1000099e <alarm_pool_irq_handler+0x22e>
10000a06:	4813      	ldr	r0, [pc, #76]	@ (10000a54 <alarm_pool_irq_handler+0x2e4>)
10000a08:	f000 fa42 	bl	10000e90 <timer_time_us_64>
10000a0c:	1900      	adds	r0, r0, r4
10000a0e:	4169      	adcs	r1, r5
10000a10:	e7b4      	b.n	1000097c <alarm_pool_irq_handler+0x20c>
10000a12:	4c10      	ldr	r4, [pc, #64]	@ (10000a54 <alarm_pool_irq_handler+0x2e4>)
10000a14:	0020      	movs	r0, r4
10000a16:	f000 fa3b 	bl	10000e90 <timer_time_us_64>
10000a1a:	2280      	movs	r2, #128	@ 0x80
10000a1c:	2300      	movs	r3, #0
10000a1e:	0612      	lsls	r2, r2, #24
10000a20:	1880      	adds	r0, r0, r2
10000a22:	4159      	adcs	r1, r3
10000a24:	9a02      	ldr	r2, [sp, #8]
10000a26:	6aa5      	ldr	r5, [r4, #40]	@ 0x28
10000a28:	1912      	adds	r2, r2, r4
10000a2a:	6913      	ldr	r3, [r2, #16]
10000a2c:	1b46      	subs	r6, r0, r5
10000a2e:	1b5b      	subs	r3, r3, r5
10000a30:	429e      	cmp	r6, r3
10000a32:	d201      	bcs.n	10000a38 <alarm_pool_irq_handler+0x2c8>
10000a34:	6110      	str	r0, [r2, #16]
10000a36:	e731      	b.n	1000089c <alarm_pool_irq_handler+0x12c>
10000a38:	2301      	movs	r3, #1
10000a3a:	9d03      	ldr	r5, [sp, #12]
10000a3c:	6a24      	ldr	r4, [r4, #32]
10000a3e:	40ab      	lsls	r3, r5
10000a40:	421c      	tst	r4, r3
10000a42:	d000      	beq.n	10000a46 <alarm_pool_irq_handler+0x2d6>
10000a44:	e72a      	b.n	1000089c <alarm_pool_irq_handler+0x12c>
10000a46:	6110      	str	r0, [r2, #16]
10000a48:	e728      	b.n	1000089c <alarm_pool_irq_handler+0x12c>
10000a4a:	46c0      	nop			@ (mov r8, r8)
10000a4c:	20000600 	.word	0x20000600
10000a50:	4005703c 	.word	0x4005703c
10000a54:	40054000 	.word	0x40054000
10000a58:	428a      	cmp	r2, r1
10000a5a:	d101      	bne.n	10000a60 <alarm_pool_irq_handler+0x2f0>
10000a5c:	4287      	cmp	r7, r0
10000a5e:	d89e      	bhi.n	1000099e <alarm_pool_irq_handler+0x22e>
10000a60:	4645      	mov	r5, r8
10000a62:	812b      	strh	r3, [r5, #8]
10000a64:	3508      	adds	r5, #8
10000a66:	e005      	b.n	10000a74 <alarm_pool_irq_handler+0x304>
10000a68:	005e      	lsls	r6, r3, #1
10000a6a:	18f2      	adds	r2, r6, r3
10000a6c:	00d2      	lsls	r2, r2, #3
10000a6e:	18a2      	adds	r2, r4, r2
10000a70:	6897      	ldr	r7, [r2, #8]
10000a72:	68d2      	ldr	r2, [r2, #12]
10000a74:	428a      	cmp	r2, r1
10000a76:	dc06      	bgt.n	10000a86 <alarm_pool_irq_handler+0x316>
10000a78:	d00a      	beq.n	10000a90 <alarm_pool_irq_handler+0x320>
10000a7a:	18f3      	adds	r3, r6, r3
10000a7c:	00db      	lsls	r3, r3, #3
10000a7e:	18e5      	adds	r5, r4, r3
10000a80:	5ee3      	ldrsh	r3, [r4, r3]
10000a82:	2b00      	cmp	r3, #0
10000a84:	daf0      	bge.n	10000a68 <alarm_pool_irq_handler+0x2f8>
10000a86:	465a      	mov	r2, fp
10000a88:	8013      	strh	r3, [r2, #0]
10000a8a:	4653      	mov	r3, sl
10000a8c:	802b      	strh	r3, [r5, #0]
10000a8e:	e786      	b.n	1000099e <alarm_pool_irq_handler+0x22e>
10000a90:	4287      	cmp	r7, r0
10000a92:	d9f2      	bls.n	10000a7a <alarm_pool_irq_handler+0x30a>
10000a94:	e7f7      	b.n	10000a86 <alarm_pool_irq_handler+0x316>
10000a96:	46c0      	nop			@ (mov r8, r8)

10000a98 <runtime_init_default_alarm_pool>:
10000a98:	b570      	push	{r4, r5, r6, lr}
10000a9a:	4c2b      	ldr	r4, [pc, #172]	@ (10000b48 <runtime_init_default_alarm_pool+0xb0>)
10000a9c:	6925      	ldr	r5, [r4, #16]
10000a9e:	2d00      	cmp	r5, #0
10000aa0:	d000      	beq.n	10000aa4 <runtime_init_default_alarm_pool+0xc>
10000aa2:	bd70      	pop	{r4, r5, r6, pc}
10000aa4:	4e29      	ldr	r6, [pc, #164]	@ (10000b4c <runtime_init_default_alarm_pool+0xb4>)
10000aa6:	2103      	movs	r1, #3
10000aa8:	4828      	ldr	r0, [pc, #160]	@ (10000b4c <runtime_init_default_alarm_pool+0xb4>)
10000aaa:	f000 f9e7 	bl	10000e7c <timer_hardware_alarm_claim>
10000aae:	60e6      	str	r6, [r4, #12]
10000ab0:	f7ff fc78 	bl	100003a4 <next_striped_spin_lock_num>
10000ab4:	4b26      	ldr	r3, [pc, #152]	@ (10000b50 <runtime_init_default_alarm_pool+0xb8>)
10000ab6:	2203      	movs	r2, #3
10000ab8:	18c0      	adds	r0, r0, r3
10000aba:	23d0      	movs	r3, #208	@ 0xd0
10000abc:	7022      	strb	r2, [r4, #0]
10000abe:	061b      	lsls	r3, r3, #24
10000ac0:	681b      	ldr	r3, [r3, #0]
10000ac2:	2101      	movs	r1, #1
10000ac4:	7063      	strb	r3, [r4, #1]
10000ac6:	4b23      	ldr	r3, [pc, #140]	@ (10000b54 <runtime_init_default_alarm_pool+0xbc>)
10000ac8:	0080      	lsls	r0, r0, #2
10000aca:	60a3      	str	r3, [r4, #8]
10000acc:	230f      	movs	r3, #15
10000ace:	6120      	str	r0, [r4, #16]
10000ad0:	2002      	movs	r0, #2
10000ad2:	8063      	strh	r3, [r4, #2]
10000ad4:	6963      	ldr	r3, [r4, #20]
10000ad6:	4249      	negs	r1, r1
10000ad8:	80a1      	strh	r1, [r4, #4]
10000ada:	8019      	strh	r1, [r3, #0]
10000adc:	3102      	adds	r1, #2
10000ade:	8619      	strh	r1, [r3, #48]	@ 0x30
10000ae0:	3147      	adds	r1, #71	@ 0x47
10000ae2:	831d      	strh	r5, [r3, #24]
10000ae4:	5258      	strh	r0, [r3, r1]
10000ae6:	3118      	adds	r1, #24
10000ae8:	525a      	strh	r2, [r3, r1]
10000aea:	3275      	adds	r2, #117	@ 0x75
10000aec:	395c      	subs	r1, #92	@ 0x5c
10000aee:	5299      	strh	r1, [r3, r2]
10000af0:	3218      	adds	r2, #24
10000af2:	3101      	adds	r1, #1
10000af4:	5299      	strh	r1, [r3, r2]
10000af6:	3218      	adds	r2, #24
10000af8:	3101      	adds	r1, #1
10000afa:	5299      	strh	r1, [r3, r2]
10000afc:	3218      	adds	r2, #24
10000afe:	3101      	adds	r1, #1
10000b00:	5299      	strh	r1, [r3, r2]
10000b02:	3508      	adds	r5, #8
10000b04:	3218      	adds	r2, #24
10000b06:	529d      	strh	r5, [r3, r2]
10000b08:	3102      	adds	r1, #2
10000b0a:	3218      	adds	r2, #24
10000b0c:	5299      	strh	r1, [r3, r2]
10000b0e:	3218      	adds	r2, #24
10000b10:	3101      	adds	r1, #1
10000b12:	5299      	strh	r1, [r3, r2]
10000b14:	3218      	adds	r2, #24
10000b16:	3101      	adds	r1, #1
10000b18:	5299      	strh	r1, [r3, r2]
10000b1a:	3218      	adds	r2, #24
10000b1c:	3101      	adds	r1, #1
10000b1e:	5299      	strh	r1, [r3, r2]
10000b20:	3218      	adds	r2, #24
10000b22:	3101      	adds	r1, #1
10000b24:	5299      	strh	r1, [r3, r2]
10000b26:	3218      	adds	r2, #24
10000b28:	3101      	adds	r1, #1
10000b2a:	5299      	strh	r1, [r3, r2]
10000b2c:	4b0a      	ldr	r3, [pc, #40]	@ (10000b58 <runtime_init_default_alarm_pool+0xc0>)
10000b2e:	490b      	ldr	r1, [pc, #44]	@ (10000b5c <runtime_init_default_alarm_pool+0xc4>)
10000b30:	60dc      	str	r4, [r3, #12]
10000b32:	3001      	adds	r0, #1
10000b34:	6235      	str	r5, [r6, #32]
10000b36:	f7ff fc85 	bl	10000444 <irq_set_exclusive_handler>
10000b3a:	2101      	movs	r1, #1
10000b3c:	2003      	movs	r0, #3
10000b3e:	f7ff fc6f 	bl	10000420 <irq_set_enabled>
10000b42:	4b07      	ldr	r3, [pc, #28]	@ (10000b60 <runtime_init_default_alarm_pool+0xc8>)
10000b44:	601d      	str	r5, [r3, #0]
10000b46:	e7ac      	b.n	10000aa2 <runtime_init_default_alarm_pool+0xa>
10000b48:	200001e4 	.word	0x200001e4
10000b4c:	40054000 	.word	0x40054000
10000b50:	34000040 	.word	0x34000040
10000b54:	0010ffff 	.word	0x0010ffff
10000b58:	20000600 	.word	0x20000600
10000b5c:	10000771 	.word	0x10000771
10000b60:	40056038 	.word	0x40056038

10000b64 <alarm_pool_add_alarm_at_force_in_context>:
10000b64:	b570      	push	{r4, r5, r6, lr}
10000b66:	b082      	sub	sp, #8
10000b68:	9200      	str	r2, [sp, #0]
10000b6a:	9301      	str	r3, [sp, #4]
10000b6c:	0001      	movs	r1, r0
10000b6e:	6902      	ldr	r2, [r0, #16]
10000b70:	f3ef 8410 	mrs	r4, PRIMASK
10000b74:	b672      	cpsid	i
10000b76:	6813      	ldr	r3, [r2, #0]
10000b78:	2b00      	cmp	r3, #0
10000b7a:	d0fc      	beq.n	10000b76 <alarm_pool_add_alarm_at_force_in_context+0x12>
10000b7c:	f3bf 8f5f 	dmb	sy
10000b80:	2302      	movs	r3, #2
10000b82:	5ec8      	ldrsh	r0, [r1, r3]
10000b84:	690d      	ldr	r5, [r1, #16]
10000b86:	2800      	cmp	r0, #0
10000b88:	db3f      	blt.n	10000c0a <alarm_pool_add_alarm_at_force_in_context+0xa6>
10000b8a:	694a      	ldr	r2, [r1, #20]
10000b8c:	0043      	lsls	r3, r0, #1
10000b8e:	0016      	movs	r6, r2
10000b90:	181b      	adds	r3, r3, r0
10000b92:	00db      	lsls	r3, r3, #3
10000b94:	18d2      	adds	r2, r2, r3
10000b96:	5af3      	ldrh	r3, [r6, r3]
10000b98:	804b      	strh	r3, [r1, #2]
10000b9a:	f3bf 8f5f 	dmb	sy
10000b9e:	2300      	movs	r3, #0
10000ba0:	602b      	str	r3, [r5, #0]
10000ba2:	f384 8810 	msr	PRIMASK, r4
10000ba6:	9b06      	ldr	r3, [sp, #24]
10000ba8:	6113      	str	r3, [r2, #16]
10000baa:	9b07      	ldr	r3, [sp, #28]
10000bac:	6153      	str	r3, [r2, #20]
10000bae:	9b00      	ldr	r3, [sp, #0]
10000bb0:	9c01      	ldr	r4, [sp, #4]
10000bb2:	6093      	str	r3, [r2, #8]
10000bb4:	60d4      	str	r4, [r2, #12]
10000bb6:	8853      	ldrh	r3, [r2, #2]
10000bb8:	3301      	adds	r3, #1
10000bba:	045b      	lsls	r3, r3, #17
10000bbc:	0c5b      	lsrs	r3, r3, #17
10000bbe:	1c1d      	adds	r5, r3, #0
10000bc0:	2b00      	cmp	r3, #0
10000bc2:	d020      	beq.n	10000c06 <alarm_pool_add_alarm_at_force_in_context+0xa2>
10000bc4:	b2ac      	uxth	r4, r5
10000bc6:	0403      	lsls	r3, r0, #16
10000bc8:	8055      	strh	r5, [r2, #2]
10000bca:	4323      	orrs	r3, r4
10000bcc:	690d      	ldr	r5, [r1, #16]
10000bce:	f3ef 8c10 	mrs	ip, PRIMASK
10000bd2:	b672      	cpsid	i
10000bd4:	682c      	ldr	r4, [r5, #0]
10000bd6:	2c00      	cmp	r4, #0
10000bd8:	d0fc      	beq.n	10000bd4 <alarm_pool_add_alarm_at_force_in_context+0x70>
10000bda:	f3bf 8f5f 	dmb	sy
10000bde:	888c      	ldrh	r4, [r1, #4]
10000be0:	8014      	strh	r4, [r2, #0]
10000be2:	8088      	strh	r0, [r1, #4]
10000be4:	690a      	ldr	r2, [r1, #16]
10000be6:	f3bf 8f5f 	dmb	sy
10000bea:	2000      	movs	r0, #0
10000bec:	6010      	str	r0, [r2, #0]
10000bee:	f38c 8810 	msr	PRIMASK, ip
10000bf2:	780a      	ldrb	r2, [r1, #0]
10000bf4:	3001      	adds	r0, #1
10000bf6:	4090      	lsls	r0, r2
10000bf8:	68ca      	ldr	r2, [r1, #12]
10000bfa:	4908      	ldr	r1, [pc, #32]	@ (10000c1c <alarm_pool_add_alarm_at_force_in_context+0xb8>)
10000bfc:	1852      	adds	r2, r2, r1
10000bfe:	6010      	str	r0, [r2, #0]
10000c00:	0018      	movs	r0, r3
10000c02:	b002      	add	sp, #8
10000c04:	bd70      	pop	{r4, r5, r6, pc}
10000c06:	2501      	movs	r5, #1
10000c08:	e7dc      	b.n	10000bc4 <alarm_pool_add_alarm_at_force_in_context+0x60>
10000c0a:	f3bf 8f5f 	dmb	sy
10000c0e:	2300      	movs	r3, #0
10000c10:	602b      	str	r3, [r5, #0]
10000c12:	f384 8810 	msr	PRIMASK, r4
10000c16:	3b01      	subs	r3, #1
10000c18:	e7f2      	b.n	10000c00 <alarm_pool_add_alarm_at_force_in_context+0x9c>
10000c1a:	46c0      	nop			@ (mov r8, r8)
10000c1c:	0000203c 	.word	0x0000203c

10000c20 <alarm_pool_cancel_alarm>:
10000c20:	b510      	push	{r4, lr}
10000c22:	8943      	ldrh	r3, [r0, #10]
10000c24:	140a      	asrs	r2, r1, #16
10000c26:	4293      	cmp	r3, r2
10000c28:	dd1a      	ble.n	10000c60 <alarm_pool_cancel_alarm+0x40>
10000c2a:	0053      	lsls	r3, r2, #1
10000c2c:	189b      	adds	r3, r3, r2
10000c2e:	6942      	ldr	r2, [r0, #20]
10000c30:	00db      	lsls	r3, r3, #3
10000c32:	18d3      	adds	r3, r2, r3
10000c34:	6904      	ldr	r4, [r0, #16]
10000c36:	f3ef 8c10 	mrs	ip, PRIMASK
10000c3a:	b672      	cpsid	i
10000c3c:	6822      	ldr	r2, [r4, #0]
10000c3e:	2a00      	cmp	r2, #0
10000c40:	d0fc      	beq.n	10000c3c <alarm_pool_cancel_alarm+0x1c>
10000c42:	f3bf 8f5f 	dmb	sy
10000c46:	885a      	ldrh	r2, [r3, #2]
10000c48:	0409      	lsls	r1, r1, #16
10000c4a:	b294      	uxth	r4, r2
10000c4c:	0c09      	lsrs	r1, r1, #16
10000c4e:	428a      	cmp	r2, r1
10000c50:	d008      	beq.n	10000c64 <alarm_pool_cancel_alarm+0x44>
10000c52:	6903      	ldr	r3, [r0, #16]
10000c54:	f3bf 8f5f 	dmb	sy
10000c58:	2200      	movs	r2, #0
10000c5a:	601a      	str	r2, [r3, #0]
10000c5c:	f38c 8810 	msr	PRIMASK, ip
10000c60:	2000      	movs	r0, #0
10000c62:	bd10      	pop	{r4, pc}
10000c64:	4a09      	ldr	r2, [pc, #36]	@ (10000c8c <alarm_pool_cancel_alarm+0x6c>)
10000c66:	4322      	orrs	r2, r4
10000c68:	805a      	strh	r2, [r3, #2]
10000c6a:	2301      	movs	r3, #1
10000c6c:	6902      	ldr	r2, [r0, #16]
10000c6e:	7183      	strb	r3, [r0, #6]
10000c70:	f3bf 8f5f 	dmb	sy
10000c74:	2100      	movs	r1, #0
10000c76:	6011      	str	r1, [r2, #0]
10000c78:	f38c 8810 	msr	PRIMASK, ip
10000c7c:	7802      	ldrb	r2, [r0, #0]
10000c7e:	4904      	ldr	r1, [pc, #16]	@ (10000c90 <alarm_pool_cancel_alarm+0x70>)
10000c80:	4093      	lsls	r3, r2
10000c82:	68c2      	ldr	r2, [r0, #12]
10000c84:	2001      	movs	r0, #1
10000c86:	1852      	adds	r2, r2, r1
10000c88:	6013      	str	r3, [r2, #0]
10000c8a:	e7ea      	b.n	10000c62 <alarm_pool_cancel_alarm+0x42>
10000c8c:	ffff8000 	.word	0xffff8000
10000c90:	0000203c 	.word	0x0000203c

10000c94 <sleep_ms>:
10000c94:	b5f0      	push	{r4, r5, r6, r7, lr}
10000c96:	b083      	sub	sp, #12
10000c98:	0004      	movs	r4, r0
10000c9a:	f000 f901 	bl	10000ea0 <time_us_64>
10000c9e:	22fa      	movs	r2, #250	@ 0xfa
10000ca0:	0006      	movs	r6, r0
10000ca2:	000f      	movs	r7, r1
10000ca4:	0020      	movs	r0, r4
10000ca6:	2300      	movs	r3, #0
10000ca8:	2100      	movs	r1, #0
10000caa:	0092      	lsls	r2, r2, #2
10000cac:	f000 fd22 	bl	100016f4 <__wrap___aeabi_lmul>
10000cb0:	1980      	adds	r0, r0, r6
10000cb2:	4179      	adcs	r1, r7
10000cb4:	0004      	movs	r4, r0
10000cb6:	1e0d      	subs	r5, r1, #0
10000cb8:	da02      	bge.n	10000cc0 <sleep_ms+0x2c>
10000cba:	2401      	movs	r4, #1
10000cbc:	4d23      	ldr	r5, [pc, #140]	@ (10000d4c <sleep_ms+0xb8>)
10000cbe:	4264      	negs	r4, r4
10000cc0:	2606      	movs	r6, #6
10000cc2:	4276      	negs	r6, r6
10000cc4:	17f7      	asrs	r7, r6, #31
10000cc6:	1936      	adds	r6, r6, r4
10000cc8:	416f      	adcs	r7, r5
10000cca:	42af      	cmp	r7, r5
10000ccc:	d812      	bhi.n	10000cf4 <sleep_ms+0x60>
10000cce:	d00f      	beq.n	10000cf0 <sleep_ms+0x5c>
10000cd0:	f000 f8e6 	bl	10000ea0 <time_us_64>
10000cd4:	0032      	movs	r2, r6
10000cd6:	003b      	movs	r3, r7
10000cd8:	1a12      	subs	r2, r2, r0
10000cda:	418b      	sbcs	r3, r1
10000cdc:	2b00      	cmp	r3, #0
10000cde:	dc13      	bgt.n	10000d08 <sleep_ms+0x74>
10000ce0:	2b00      	cmp	r3, #0
10000ce2:	d030      	beq.n	10000d46 <sleep_ms+0xb2>
10000ce4:	0020      	movs	r0, r4
10000ce6:	0029      	movs	r1, r5
10000ce8:	f000 f91a 	bl	10000f20 <busy_wait_until>
10000cec:	b003      	add	sp, #12
10000cee:	bdf0      	pop	{r4, r5, r6, r7, pc}
10000cf0:	42a6      	cmp	r6, r4
10000cf2:	d9ed      	bls.n	10000cd0 <sleep_ms+0x3c>
10000cf4:	2600      	movs	r6, #0
10000cf6:	2700      	movs	r7, #0
10000cf8:	f000 f8d2 	bl	10000ea0 <time_us_64>
10000cfc:	0032      	movs	r2, r6
10000cfe:	003b      	movs	r3, r7
10000d00:	1a12      	subs	r2, r2, r0
10000d02:	418b      	sbcs	r3, r1
10000d04:	2b00      	cmp	r3, #0
10000d06:	ddeb      	ble.n	10000ce0 <sleep_ms+0x4c>
10000d08:	f000 f8ca 	bl	10000ea0 <time_us_64>
10000d0c:	0032      	movs	r2, r6
10000d0e:	003b      	movs	r3, r7
10000d10:	1a12      	subs	r2, r2, r0
10000d12:	418b      	sbcs	r3, r1
10000d14:	2b00      	cmp	r3, #0
10000d16:	db0a      	blt.n	10000d2e <sleep_ms+0x9a>
10000d18:	2300      	movs	r3, #0
10000d1a:	9301      	str	r3, [sp, #4]
10000d1c:	4b0c      	ldr	r3, [pc, #48]	@ (10000d50 <sleep_ms+0xbc>)
10000d1e:	0032      	movs	r2, r6
10000d20:	9300      	str	r3, [sp, #0]
10000d22:	480c      	ldr	r0, [pc, #48]	@ (10000d54 <sleep_ms+0xc0>)
10000d24:	003b      	movs	r3, r7
10000d26:	f7ff ff1d 	bl	10000b64 <alarm_pool_add_alarm_at_force_in_context>
10000d2a:	3001      	adds	r0, #1
10000d2c:	d0da      	beq.n	10000ce4 <sleep_ms+0x50>
10000d2e:	0039      	movs	r1, r7
10000d30:	4a09      	ldr	r2, [pc, #36]	@ (10000d58 <sleep_ms+0xc4>)
10000d32:	6a53      	ldr	r3, [r2, #36]	@ 0x24
10000d34:	4299      	cmp	r1, r3
10000d36:	d804      	bhi.n	10000d42 <sleep_ms+0xae>
10000d38:	6a90      	ldr	r0, [r2, #40]	@ 0x28
10000d3a:	42b0      	cmp	r0, r6
10000d3c:	d2d2      	bcs.n	10000ce4 <sleep_ms+0x50>
10000d3e:	4299      	cmp	r1, r3
10000d40:	d1d0      	bne.n	10000ce4 <sleep_ms+0x50>
10000d42:	bf20      	wfe
10000d44:	e7f5      	b.n	10000d32 <sleep_ms+0x9e>
10000d46:	2a00      	cmp	r2, #0
10000d48:	d0cc      	beq.n	10000ce4 <sleep_ms+0x50>
10000d4a:	e7dd      	b.n	10000d08 <sleep_ms+0x74>
10000d4c:	7fffffff 	.word	0x7fffffff
10000d50:	10000769 	.word	0x10000769
10000d54:	200001e4 	.word	0x200001e4
10000d58:	40054000 	.word	0x40054000

10000d5c <best_effort_wfe_or_timeout>:
10000d5c:	b5f0      	push	{r4, r5, r6, r7, lr}
10000d5e:	46ce      	mov	lr, r9
10000d60:	4647      	mov	r7, r8
10000d62:	b580      	push	{r7, lr}
10000d64:	0004      	movs	r4, r0
10000d66:	000d      	movs	r5, r1
10000d68:	b085      	sub	sp, #20
10000d6a:	f3ef 8605 	mrs	r6, IPSR
10000d6e:	4689      	mov	r9, r1
10000d70:	2e00      	cmp	r6, #0
10000d72:	d010      	beq.n	10000d96 <best_effort_wfe_or_timeout+0x3a>
10000d74:	493e      	ldr	r1, [pc, #248]	@ (10000e70 <best_effort_wfe_or_timeout+0x114>)
10000d76:	2000      	movs	r0, #0
10000d78:	6a4b      	ldr	r3, [r1, #36]	@ 0x24
10000d7a:	42ab      	cmp	r3, r5
10000d7c:	d306      	bcc.n	10000d8c <best_effort_wfe_or_timeout+0x30>
10000d7e:	6a8a      	ldr	r2, [r1, #40]	@ 0x28
10000d80:	1b5b      	subs	r3, r3, r5
10000d82:	1e59      	subs	r1, r3, #1
10000d84:	418b      	sbcs	r3, r1
10000d86:	42a2      	cmp	r2, r4
10000d88:	4140      	adcs	r0, r0
10000d8a:	4318      	orrs	r0, r3
10000d8c:	b005      	add	sp, #20
10000d8e:	bcc0      	pop	{r6, r7}
10000d90:	46b9      	mov	r9, r7
10000d92:	46b0      	mov	r8, r6
10000d94:	bdf0      	pop	{r4, r5, r6, r7, pc}
10000d96:	4f37      	ldr	r7, [pc, #220]	@ (10000e74 <best_effort_wfe_or_timeout+0x118>)
10000d98:	68fb      	ldr	r3, [r7, #12]
10000d9a:	783a      	ldrb	r2, [r7, #0]
10000d9c:	4698      	mov	r8, r3
10000d9e:	0018      	movs	r0, r3
10000da0:	9203      	str	r2, [sp, #12]
10000da2:	f000 f875 	bl	10000e90 <timer_time_us_64>
10000da6:	9a03      	ldr	r2, [sp, #12]
10000da8:	1d13      	adds	r3, r2, #4
10000daa:	4642      	mov	r2, r8
10000dac:	009b      	lsls	r3, r3, #2
10000dae:	589b      	ldr	r3, [r3, r2]
10000db0:	0022      	movs	r2, r4
10000db2:	1a1b      	subs	r3, r3, r0
10000db4:	469c      	mov	ip, r3
10000db6:	002b      	movs	r3, r5
10000db8:	1a12      	subs	r2, r2, r0
10000dba:	418b      	sbcs	r3, r1
10000dbc:	429e      	cmp	r6, r3
10000dbe:	dc1a      	bgt.n	10000df6 <best_effort_wfe_or_timeout+0x9a>
10000dc0:	d017      	beq.n	10000df2 <best_effort_wfe_or_timeout+0x96>
10000dc2:	4b2b      	ldr	r3, [pc, #172]	@ (10000e70 <best_effort_wfe_or_timeout+0x114>)
10000dc4:	6a5a      	ldr	r2, [r3, #36]	@ 0x24
10000dc6:	454a      	cmp	r2, r9
10000dc8:	d305      	bcc.n	10000dd6 <best_effort_wfe_or_timeout+0x7a>
10000dca:	6a9b      	ldr	r3, [r3, #40]	@ 0x28
10000dcc:	2001      	movs	r0, #1
10000dce:	42a3      	cmp	r3, r4
10000dd0:	d2dc      	bcs.n	10000d8c <best_effort_wfe_or_timeout+0x30>
10000dd2:	454a      	cmp	r2, r9
10000dd4:	d1da      	bne.n	10000d8c <best_effort_wfe_or_timeout+0x30>
10000dd6:	bf20      	wfe
10000dd8:	4b25      	ldr	r3, [pc, #148]	@ (10000e70 <best_effort_wfe_or_timeout+0x114>)
10000dda:	6a58      	ldr	r0, [r3, #36]	@ 0x24
10000ddc:	4548      	cmp	r0, r9
10000dde:	d33c      	bcc.n	10000e5a <best_effort_wfe_or_timeout+0xfe>
10000de0:	1b40      	subs	r0, r0, r5
10000de2:	6a9a      	ldr	r2, [r3, #40]	@ 0x28
10000de4:	1e43      	subs	r3, r0, #1
10000de6:	4198      	sbcs	r0, r3
10000de8:	2300      	movs	r3, #0
10000dea:	42a2      	cmp	r2, r4
10000dec:	415b      	adcs	r3, r3
10000dee:	4318      	orrs	r0, r3
10000df0:	e7cc      	b.n	10000d8c <best_effort_wfe_or_timeout+0x30>
10000df2:	4594      	cmp	ip, r2
10000df4:	d9e5      	bls.n	10000dc2 <best_effort_wfe_or_timeout+0x66>
10000df6:	f000 f853 	bl	10000ea0 <time_us_64>
10000dfa:	0022      	movs	r2, r4
10000dfc:	002b      	movs	r3, r5
10000dfe:	1a12      	subs	r2, r2, r0
10000e00:	418b      	sbcs	r3, r1
10000e02:	2b00      	cmp	r3, #0
10000e04:	db25      	blt.n	10000e52 <best_effort_wfe_or_timeout+0xf6>
10000e06:	2300      	movs	r3, #0
10000e08:	9301      	str	r3, [sp, #4]
10000e0a:	4b1b      	ldr	r3, [pc, #108]	@ (10000e78 <best_effort_wfe_or_timeout+0x11c>)
10000e0c:	0022      	movs	r2, r4
10000e0e:	9300      	str	r3, [sp, #0]
10000e10:	0038      	movs	r0, r7
10000e12:	002b      	movs	r3, r5
10000e14:	f7ff fea6 	bl	10000b64 <alarm_pool_add_alarm_at_force_in_context>
10000e18:	2800      	cmp	r0, #0
10000e1a:	dd1a      	ble.n	10000e52 <best_effort_wfe_or_timeout+0xf6>
10000e1c:	4b14      	ldr	r3, [pc, #80]	@ (10000e70 <best_effort_wfe_or_timeout+0x114>)
10000e1e:	6a5a      	ldr	r2, [r3, #36]	@ 0x24
10000e20:	454a      	cmp	r2, r9
10000e22:	d304      	bcc.n	10000e2e <best_effort_wfe_or_timeout+0xd2>
10000e24:	6a9b      	ldr	r3, [r3, #40]	@ 0x28
10000e26:	42a3      	cmp	r3, r4
10000e28:	d202      	bcs.n	10000e30 <best_effort_wfe_or_timeout+0xd4>
10000e2a:	454a      	cmp	r2, r9
10000e2c:	d100      	bne.n	10000e30 <best_effort_wfe_or_timeout+0xd4>
10000e2e:	bf20      	wfe
10000e30:	0001      	movs	r1, r0
10000e32:	0038      	movs	r0, r7
10000e34:	f7ff fef4 	bl	10000c20 <alarm_pool_cancel_alarm>
10000e38:	4a0d      	ldr	r2, [pc, #52]	@ (10000e70 <best_effort_wfe_or_timeout+0x114>)
10000e3a:	2000      	movs	r0, #0
10000e3c:	6a53      	ldr	r3, [r2, #36]	@ 0x24
10000e3e:	454b      	cmp	r3, r9
10000e40:	d3a4      	bcc.n	10000d8c <best_effort_wfe_or_timeout+0x30>
10000e42:	6a92      	ldr	r2, [r2, #40]	@ 0x28
10000e44:	1b5b      	subs	r3, r3, r5
10000e46:	1e59      	subs	r1, r3, #1
10000e48:	418b      	sbcs	r3, r1
10000e4a:	42a2      	cmp	r2, r4
10000e4c:	4140      	adcs	r0, r0
10000e4e:	4318      	orrs	r0, r3
10000e50:	e79c      	b.n	10000d8c <best_effort_wfe_or_timeout+0x30>
10000e52:	4a07      	ldr	r2, [pc, #28]	@ (10000e70 <best_effort_wfe_or_timeout+0x114>)
10000e54:	6a53      	ldr	r3, [r2, #36]	@ 0x24
10000e56:	454b      	cmp	r3, r9
10000e58:	d201      	bcs.n	10000e5e <best_effort_wfe_or_timeout+0x102>
10000e5a:	2000      	movs	r0, #0
10000e5c:	e796      	b.n	10000d8c <best_effort_wfe_or_timeout+0x30>
10000e5e:	2000      	movs	r0, #0
10000e60:	6a92      	ldr	r2, [r2, #40]	@ 0x28
10000e62:	1b5b      	subs	r3, r3, r5
10000e64:	42a2      	cmp	r2, r4
10000e66:	4140      	adcs	r0, r0
10000e68:	1e5a      	subs	r2, r3, #1
10000e6a:	4193      	sbcs	r3, r2
10000e6c:	4318      	orrs	r0, r3
10000e6e:	e78d      	b.n	10000d8c <best_effort_wfe_or_timeout+0x30>
10000e70:	40054000 	.word	0x40054000
10000e74:	200001e4 	.word	0x200001e4
10000e78:	10000769 	.word	0x10000769

10000e7c <timer_hardware_alarm_claim>:
10000e7c:	b510      	push	{r4, lr}
10000e7e:	4a02      	ldr	r2, [pc, #8]	@ (10000e88 <timer_hardware_alarm_claim+0xc>)
10000e80:	4802      	ldr	r0, [pc, #8]	@ (10000e8c <timer_hardware_alarm_claim+0x10>)
10000e82:	f7ff fa67 	bl	10000354 <hw_claim_or_assert>
10000e86:	bd10      	pop	{r4, pc}
10000e88:	10001ee8 	.word	0x10001ee8
10000e8c:	200005c8 	.word	0x200005c8

10000e90 <timer_time_us_64>:
10000e90:	0003      	movs	r3, r0
10000e92:	6a41      	ldr	r1, [r0, #36]	@ 0x24
10000e94:	000a      	movs	r2, r1
10000e96:	6a98      	ldr	r0, [r3, #40]	@ 0x28
10000e98:	6a59      	ldr	r1, [r3, #36]	@ 0x24
10000e9a:	428a      	cmp	r2, r1
10000e9c:	d1fa      	bne.n	10000e94 <timer_time_us_64+0x4>
10000e9e:	4770      	bx	lr

10000ea0 <time_us_64>:
10000ea0:	4b03      	ldr	r3, [pc, #12]	@ (10000eb0 <time_us_64+0x10>)
10000ea2:	6a59      	ldr	r1, [r3, #36]	@ 0x24
10000ea4:	000a      	movs	r2, r1
10000ea6:	6a98      	ldr	r0, [r3, #40]	@ 0x28
10000ea8:	6a59      	ldr	r1, [r3, #36]	@ 0x24
10000eaa:	4291      	cmp	r1, r2
10000eac:	d1fa      	bne.n	10000ea4 <time_us_64+0x4>
10000eae:	4770      	bx	lr
10000eb0:	40054000 	.word	0x40054000

10000eb4 <busy_wait_us>:
10000eb4:	b570      	push	{r4, r5, r6, lr}
10000eb6:	0005      	movs	r5, r0
10000eb8:	000e      	movs	r6, r1
10000eba:	4a18      	ldr	r2, [pc, #96]	@ (10000f1c <busy_wait_us+0x68>)
10000ebc:	6a53      	ldr	r3, [r2, #36]	@ 0x24
10000ebe:	0019      	movs	r1, r3
10000ec0:	6a94      	ldr	r4, [r2, #40]	@ 0x28
10000ec2:	6a53      	ldr	r3, [r2, #36]	@ 0x24
10000ec4:	428b      	cmp	r3, r1
10000ec6:	d1fa      	bne.n	10000ebe <busy_wait_us+0xa>
10000ec8:	0020      	movs	r0, r4
10000eca:	0019      	movs	r1, r3
10000ecc:	002c      	movs	r4, r5
10000ece:	0035      	movs	r5, r6
10000ed0:	1824      	adds	r4, r4, r0
10000ed2:	414d      	adcs	r5, r1
10000ed4:	42ab      	cmp	r3, r5
10000ed6:	d816      	bhi.n	10000f06 <busy_wait_us+0x52>
10000ed8:	d013      	beq.n	10000f02 <busy_wait_us+0x4e>
10000eda:	4b10      	ldr	r3, [pc, #64]	@ (10000f1c <busy_wait_us+0x68>)
10000edc:	002a      	movs	r2, r5
10000ede:	6a5b      	ldr	r3, [r3, #36]	@ 0x24
10000ee0:	429d      	cmp	r5, r3
10000ee2:	d903      	bls.n	10000eec <busy_wait_us+0x38>
10000ee4:	490d      	ldr	r1, [pc, #52]	@ (10000f1c <busy_wait_us+0x68>)
10000ee6:	6a4b      	ldr	r3, [r1, #36]	@ 0x24
10000ee8:	4293      	cmp	r3, r2
10000eea:	d3fc      	bcc.n	10000ee6 <busy_wait_us+0x32>
10000eec:	4293      	cmp	r3, r2
10000eee:	d107      	bne.n	10000f00 <busy_wait_us+0x4c>
10000ef0:	4a0a      	ldr	r2, [pc, #40]	@ (10000f1c <busy_wait_us+0x68>)
10000ef2:	e002      	b.n	10000efa <busy_wait_us+0x46>
10000ef4:	6a51      	ldr	r1, [r2, #36]	@ 0x24
10000ef6:	4299      	cmp	r1, r3
10000ef8:	d102      	bne.n	10000f00 <busy_wait_us+0x4c>
10000efa:	6a91      	ldr	r1, [r2, #40]	@ 0x28
10000efc:	42a1      	cmp	r1, r4
10000efe:	d3f9      	bcc.n	10000ef4 <busy_wait_us+0x40>
10000f00:	bd70      	pop	{r4, r5, r6, pc}
10000f02:	42a0      	cmp	r0, r4
10000f04:	d9e9      	bls.n	10000eda <busy_wait_us+0x26>
10000f06:	4b05      	ldr	r3, [pc, #20]	@ (10000f1c <busy_wait_us+0x68>)
10000f08:	6a5b      	ldr	r3, [r3, #36]	@ 0x24
10000f0a:	001c      	movs	r4, r3
10000f0c:	1c5a      	adds	r2, r3, #1
10000f0e:	d0ef      	beq.n	10000ef0 <busy_wait_us+0x3c>
10000f10:	2201      	movs	r2, #1
10000f12:	2401      	movs	r4, #1
10000f14:	4264      	negs	r4, r4
10000f16:	17e5      	asrs	r5, r4, #31
10000f18:	4252      	negs	r2, r2
10000f1a:	e7e3      	b.n	10000ee4 <busy_wait_us+0x30>
10000f1c:	40054000 	.word	0x40054000

10000f20 <busy_wait_until>:
10000f20:	4a06      	ldr	r2, [pc, #24]	@ (10000f3c <busy_wait_until+0x1c>)
10000f22:	6a53      	ldr	r3, [r2, #36]	@ 0x24
10000f24:	4299      	cmp	r1, r3
10000f26:	d8fc      	bhi.n	10000f22 <busy_wait_until+0x2>
10000f28:	d107      	bne.n	10000f3a <busy_wait_until+0x1a>
10000f2a:	4b04      	ldr	r3, [pc, #16]	@ (10000f3c <busy_wait_until+0x1c>)
10000f2c:	e002      	b.n	10000f34 <busy_wait_until+0x14>
10000f2e:	6a5a      	ldr	r2, [r3, #36]	@ 0x24
10000f30:	4291      	cmp	r1, r2
10000f32:	d102      	bne.n	10000f3a <busy_wait_until+0x1a>
10000f34:	6a9a      	ldr	r2, [r3, #40]	@ 0x28
10000f36:	4290      	cmp	r0, r2
10000f38:	d8f9      	bhi.n	10000f2e <busy_wait_until+0xe>
10000f3a:	4770      	bx	lr
10000f3c:	40054000 	.word	0x40054000

10000f40 <uart_init>:
10000f40:	b5f8      	push	{r3, r4, r5, r6, r7, lr}
10000f42:	0004      	movs	r4, r0
10000f44:	2006      	movs	r0, #6
10000f46:	000d      	movs	r5, r1
10000f48:	f000 f96e 	bl	10001228 <clock_get_hz>
10000f4c:	2800      	cmp	r0, #0
10000f4e:	d043      	beq.n	10000fd8 <uart_init+0x98>
10000f50:	4b36      	ldr	r3, [pc, #216]	@ (1000102c <uart_init+0xec>)
10000f52:	4937      	ldr	r1, [pc, #220]	@ (10001030 <uart_init+0xf0>)
10000f54:	18e3      	adds	r3, r4, r3
10000f56:	1e5a      	subs	r2, r3, #1
10000f58:	4193      	sbcs	r3, r2
10000f5a:	2280      	movs	r2, #128	@ 0x80
10000f5c:	425b      	negs	r3, r3
10000f5e:	0d9b      	lsrs	r3, r3, #22
10000f60:	0412      	lsls	r2, r2, #16
10000f62:	059b      	lsls	r3, r3, #22
10000f64:	189b      	adds	r3, r3, r2
10000f66:	4a33      	ldr	r2, [pc, #204]	@ (10001034 <uart_init+0xf4>)
10000f68:	6013      	str	r3, [r2, #0]
10000f6a:	4a33      	ldr	r2, [pc, #204]	@ (10001038 <uart_init+0xf8>)
10000f6c:	6013      	str	r3, [r2, #0]
10000f6e:	0018      	movs	r0, r3
10000f70:	680a      	ldr	r2, [r1, #0]
10000f72:	4390      	bics	r0, r2
10000f74:	d1fb      	bne.n	10000f6e <uart_init+0x2e>
10000f76:	4b2d      	ldr	r3, [pc, #180]	@ (1000102c <uart_init+0xec>)
10000f78:	4a30      	ldr	r2, [pc, #192]	@ (1000103c <uart_init+0xfc>)
10000f7a:	18e3      	adds	r3, r4, r3
10000f7c:	4259      	negs	r1, r3
10000f7e:	414b      	adcs	r3, r1
10000f80:	2180      	movs	r1, #128	@ 0x80
10000f82:	005b      	lsls	r3, r3, #1
10000f84:	0049      	lsls	r1, r1, #1
10000f86:	2006      	movs	r0, #6
10000f88:	5299      	strh	r1, [r3, r2]
10000f8a:	f000 f94d 	bl	10001228 <clock_get_hz>
10000f8e:	0029      	movs	r1, r5
10000f90:	00c0      	lsls	r0, r0, #3
10000f92:	f000 fb21 	bl	100015d8 <__wrap___aeabi_uidiv>
10000f96:	3001      	adds	r0, #1
10000f98:	09c3      	lsrs	r3, r0, #7
10000f9a:	d11e      	bne.n	10000fda <uart_init+0x9a>
10000f9c:	2740      	movs	r7, #64	@ 0x40
10000f9e:	2201      	movs	r2, #1
10000fa0:	6262      	str	r2, [r4, #36]	@ 0x24
10000fa2:	62a3      	str	r3, [r4, #40]	@ 0x28
10000fa4:	6b26      	ldr	r6, [r4, #48]	@ 0x30
10000fa6:	07f3      	lsls	r3, r6, #31
10000fa8:	d422      	bmi.n	10000ff0 <uart_init+0xb0>
10000faa:	6ae3      	ldr	r3, [r4, #44]	@ 0x2c
10000fac:	4b24      	ldr	r3, [pc, #144]	@ (10001040 <uart_init+0x100>)
10000fae:	2006      	movs	r0, #6
10000fb0:	18e5      	adds	r5, r4, r3
10000fb2:	2300      	movs	r3, #0
10000fb4:	602b      	str	r3, [r5, #0]
10000fb6:	6326      	str	r6, [r4, #48]	@ 0x30
10000fb8:	f000 f936 	bl	10001228 <clock_get_hz>
10000fbc:	0039      	movs	r1, r7
10000fbe:	0080      	lsls	r0, r0, #2
10000fc0:	f000 fb0a 	bl	100015d8 <__wrap___aeabi_uidiv>
10000fc4:	2370      	movs	r3, #112	@ 0x70
10000fc6:	6ae2      	ldr	r2, [r4, #44]	@ 0x2c
10000fc8:	405a      	eors	r2, r3
10000fca:	330e      	adds	r3, #14
10000fcc:	4013      	ands	r3, r2
10000fce:	602b      	str	r3, [r5, #0]
10000fd0:	4b1c      	ldr	r3, [pc, #112]	@ (10001044 <uart_init+0x104>)
10000fd2:	6323      	str	r3, [r4, #48]	@ 0x30
10000fd4:	2303      	movs	r3, #3
10000fd6:	64a3      	str	r3, [r4, #72]	@ 0x48
10000fd8:	bdf8      	pop	{r3, r4, r5, r6, r7, pc}
10000fda:	4a1b      	ldr	r2, [pc, #108]	@ (10001048 <uart_init+0x108>)
10000fdc:	4293      	cmp	r3, r2
10000fde:	d91d      	bls.n	1000101c <uart_init+0xdc>
10000fe0:	2300      	movs	r3, #0
10000fe2:	4a1a      	ldr	r2, [pc, #104]	@ (1000104c <uart_init+0x10c>)
10000fe4:	4f1a      	ldr	r7, [pc, #104]	@ (10001050 <uart_init+0x110>)
10000fe6:	6262      	str	r2, [r4, #36]	@ 0x24
10000fe8:	62a3      	str	r3, [r4, #40]	@ 0x28
10000fea:	6b26      	ldr	r6, [r4, #48]	@ 0x30
10000fec:	07f3      	lsls	r3, r6, #31
10000fee:	d5dc      	bpl.n	10000faa <uart_init+0x6a>
10000ff0:	4b18      	ldr	r3, [pc, #96]	@ (10001054 <uart_init+0x114>)
10000ff2:	4a14      	ldr	r2, [pc, #80]	@ (10001044 <uart_init+0x104>)
10000ff4:	18e3      	adds	r3, r4, r3
10000ff6:	601a      	str	r2, [r3, #0]
10000ff8:	6a65      	ldr	r5, [r4, #36]	@ 0x24
10000ffa:	6aa3      	ldr	r3, [r4, #40]	@ 0x28
10000ffc:	2006      	movs	r0, #6
10000ffe:	01ad      	lsls	r5, r5, #6
10001000:	18ed      	adds	r5, r5, r3
10001002:	f000 f911 	bl	10001228 <clock_get_hz>
10001006:	4914      	ldr	r1, [pc, #80]	@ (10001058 <uart_init+0x118>)
10001008:	f000 fae6 	bl	100015d8 <__wrap___aeabi_uidiv>
1000100c:	0001      	movs	r1, r0
1000100e:	02a8      	lsls	r0, r5, #10
10001010:	f000 fae2 	bl	100015d8 <__wrap___aeabi_uidiv>
10001014:	2100      	movs	r1, #0
10001016:	f7ff ff4d 	bl	10000eb4 <busy_wait_us>
1000101a:	e7c6      	b.n	10000faa <uart_init+0x6a>
1000101c:	0640      	lsls	r0, r0, #25
1000101e:	019a      	lsls	r2, r3, #6
10001020:	0e80      	lsrs	r0, r0, #26
10001022:	1817      	adds	r7, r2, r0
10001024:	001a      	movs	r2, r3
10001026:	0003      	movs	r3, r0
10001028:	e7ba      	b.n	10000fa0 <uart_init+0x60>
1000102a:	46c0      	nop			@ (mov r8, r8)
1000102c:	bffc8000 	.word	0xbffc8000
10001030:	4000c008 	.word	0x4000c008
10001034:	4000e000 	.word	0x4000e000
10001038:	4000f000 	.word	0x4000f000
1000103c:	20000614 	.word	0x20000614
10001040:	0000102c 	.word	0x0000102c
10001044:	00000301 	.word	0x00000301
10001048:	0000fffe 	.word	0x0000fffe
1000104c:	0000ffff 	.word	0x0000ffff
10001050:	003fffc0 	.word	0x003fffc0
10001054:	00003030 	.word	0x00003030
10001058:	00000e4e 	.word	0x00000e4e

1000105c <clock_configure_int_divider>:
1000105c:	b5f8      	push	{r3, r4, r5, r6, r7, lr}
1000105e:	46de      	mov	lr, fp
10001060:	464e      	mov	r6, r9
10001062:	4645      	mov	r5, r8
10001064:	4657      	mov	r7, sl
10001066:	b5e0      	push	{r5, r6, r7, lr}
10001068:	0005      	movs	r5, r0
1000106a:	468b      	mov	fp, r1
1000106c:	0018      	movs	r0, r3
1000106e:	990a      	ldr	r1, [sp, #40]	@ 0x28
10001070:	4691      	mov	r9, r2
10001072:	f000 fab1 	bl	100015d8 <__wrap___aeabi_uidiv>
10001076:	9b0a      	ldr	r3, [sp, #40]	@ 0x28
10001078:	006c      	lsls	r4, r5, #1
1000107a:	021e      	lsls	r6, r3, #8
1000107c:	1964      	adds	r4, r4, r5
1000107e:	4b30      	ldr	r3, [pc, #192]	@ (10001140 <clock_configure_int_divider+0xe4>)
10001080:	00a4      	lsls	r4, r4, #2
10001082:	18e4      	adds	r4, r4, r3
10001084:	6863      	ldr	r3, [r4, #4]
10001086:	4680      	mov	r8, r0
10001088:	429e      	cmp	r6, r3
1000108a:	d900      	bls.n	1000108e <clock_configure_int_divider+0x32>
1000108c:	6066      	str	r6, [r4, #4]
1000108e:	1f2f      	subs	r7, r5, #4
10001090:	b2fb      	uxtb	r3, r7
10001092:	469a      	mov	sl, r3
10001094:	2b01      	cmp	r3, #1
10001096:	d92f      	bls.n	100010f8 <clock_configure_int_divider+0x9c>
10001098:	23c0      	movs	r3, #192	@ 0xc0
1000109a:	2280      	movs	r2, #128	@ 0x80
1000109c:	4f29      	ldr	r7, [pc, #164]	@ (10001144 <clock_configure_int_divider+0xe8>)
1000109e:	00ad      	lsls	r5, r5, #2
100010a0:	019b      	lsls	r3, r3, #6
100010a2:	5979      	ldr	r1, [r7, r5]
100010a4:	0112      	lsls	r2, r2, #4
100010a6:	18e3      	adds	r3, r4, r3
100010a8:	601a      	str	r2, [r3, #0]
100010aa:	2900      	cmp	r1, #0
100010ac:	d11b      	bne.n	100010e6 <clock_configure_int_divider+0x8a>
100010ae:	464b      	mov	r3, r9
100010b0:	6822      	ldr	r2, [r4, #0]
100010b2:	015b      	lsls	r3, r3, #5
100010b4:	4053      	eors	r3, r2
100010b6:	22e0      	movs	r2, #224	@ 0xe0
100010b8:	4013      	ands	r3, r2
100010ba:	2280      	movs	r2, #128	@ 0x80
100010bc:	0152      	lsls	r2, r2, #5
100010be:	18a2      	adds	r2, r4, r2
100010c0:	6013      	str	r3, [r2, #0]
100010c2:	4653      	mov	r3, sl
100010c4:	2b01      	cmp	r3, #1
100010c6:	d92f      	bls.n	10001128 <clock_configure_int_divider+0xcc>
100010c8:	2380      	movs	r3, #128	@ 0x80
100010ca:	2280      	movs	r2, #128	@ 0x80
100010cc:	019b      	lsls	r3, r3, #6
100010ce:	18e3      	adds	r3, r4, r3
100010d0:	0112      	lsls	r2, r2, #4
100010d2:	601a      	str	r2, [r3, #0]
100010d4:	4643      	mov	r3, r8
100010d6:	6066      	str	r6, [r4, #4]
100010d8:	517b      	str	r3, [r7, r5]
100010da:	bcf0      	pop	{r4, r5, r6, r7}
100010dc:	46bb      	mov	fp, r7
100010de:	46b2      	mov	sl, r6
100010e0:	46a9      	mov	r9, r5
100010e2:	46a0      	mov	r8, r4
100010e4:	bdf8      	pop	{r3, r4, r5, r6, r7, pc}
100010e6:	6978      	ldr	r0, [r7, #20]
100010e8:	f000 fa76 	bl	100015d8 <__wrap___aeabi_uidiv>
100010ec:	3001      	adds	r0, #1
100010ee:	0043      	lsls	r3, r0, #1
100010f0:	181b      	adds	r3, r3, r0
100010f2:	3b03      	subs	r3, #3
100010f4:	d2fd      	bcs.n	100010f2 <clock_configure_int_divider+0x96>
100010f6:	e7da      	b.n	100010ae <clock_configure_int_divider+0x52>
100010f8:	465b      	mov	r3, fp
100010fa:	2b01      	cmp	r3, #1
100010fc:	d1cc      	bne.n	10001098 <clock_configure_int_divider+0x3c>
100010fe:	23c0      	movs	r3, #192	@ 0xc0
10001100:	2203      	movs	r2, #3
10001102:	019b      	lsls	r3, r3, #6
10001104:	18e3      	adds	r3, r4, r3
10001106:	601a      	str	r2, [r3, #0]
10001108:	3a02      	subs	r2, #2
1000110a:	68a3      	ldr	r3, [r4, #8]
1000110c:	421a      	tst	r2, r3
1000110e:	d0fc      	beq.n	1000110a <clock_configure_int_divider+0xae>
10001110:	464a      	mov	r2, r9
10001112:	6823      	ldr	r3, [r4, #0]
10001114:	0152      	lsls	r2, r2, #5
10001116:	405a      	eors	r2, r3
10001118:	23e0      	movs	r3, #224	@ 0xe0
1000111a:	4013      	ands	r3, r2
1000111c:	2280      	movs	r2, #128	@ 0x80
1000111e:	0152      	lsls	r2, r2, #5
10001120:	18a2      	adds	r2, r4, r2
10001122:	4f08      	ldr	r7, [pc, #32]	@ (10001144 <clock_configure_int_divider+0xe8>)
10001124:	6013      	str	r3, [r2, #0]
10001126:	00ad      	lsls	r5, r5, #2
10001128:	4658      	mov	r0, fp
1000112a:	2303      	movs	r3, #3
1000112c:	6821      	ldr	r1, [r4, #0]
1000112e:	4041      	eors	r1, r0
10001130:	400b      	ands	r3, r1
10001132:	6013      	str	r3, [r2, #0]
10001134:	2201      	movs	r2, #1
10001136:	4082      	lsls	r2, r0
10001138:	68a3      	ldr	r3, [r4, #8]
1000113a:	421a      	tst	r2, r3
1000113c:	d0fc      	beq.n	10001138 <clock_configure_int_divider+0xdc>
1000113e:	e7c3      	b.n	100010c8 <clock_configure_int_divider+0x6c>
10001140:	40008000 	.word	0x40008000
10001144:	200005cc 	.word	0x200005cc

10001148 <clock_configure_undivided>:
10001148:	b5f0      	push	{r4, r5, r6, r7, lr}
1000114a:	46d6      	mov	lr, sl
1000114c:	464f      	mov	r7, r9
1000114e:	4646      	mov	r6, r8
10001150:	0044      	lsls	r4, r0, #1
10001152:	4698      	mov	r8, r3
10001154:	1824      	adds	r4, r4, r0
10001156:	4b32      	ldr	r3, [pc, #200]	@ (10001220 <clock_configure_undivided+0xd8>)
10001158:	00a4      	lsls	r4, r4, #2
1000115a:	18e4      	adds	r4, r4, r3
1000115c:	6863      	ldr	r3, [r4, #4]
1000115e:	468a      	mov	sl, r1
10001160:	4691      	mov	r9, r2
10001162:	b5c0      	push	{r6, r7, lr}
10001164:	2bff      	cmp	r3, #255	@ 0xff
10001166:	d802      	bhi.n	1000116e <clock_configure_undivided+0x26>
10001168:	2380      	movs	r3, #128	@ 0x80
1000116a:	005b      	lsls	r3, r3, #1
1000116c:	6063      	str	r3, [r4, #4]
1000116e:	1f06      	subs	r6, r0, #4
10001170:	b2f6      	uxtb	r6, r6
10001172:	2e01      	cmp	r6, #1
10001174:	d92f      	bls.n	100011d6 <clock_configure_undivided+0x8e>
10001176:	23c0      	movs	r3, #192	@ 0xc0
10001178:	2280      	movs	r2, #128	@ 0x80
1000117a:	4f2a      	ldr	r7, [pc, #168]	@ (10001224 <clock_configure_undivided+0xdc>)
1000117c:	0085      	lsls	r5, r0, #2
1000117e:	019b      	lsls	r3, r3, #6
10001180:	5979      	ldr	r1, [r7, r5]
10001182:	0112      	lsls	r2, r2, #4
10001184:	18e3      	adds	r3, r4, r3
10001186:	601a      	str	r2, [r3, #0]
10001188:	2900      	cmp	r1, #0
1000118a:	d11b      	bne.n	100011c4 <clock_configure_undivided+0x7c>
1000118c:	464b      	mov	r3, r9
1000118e:	6822      	ldr	r2, [r4, #0]
10001190:	015b      	lsls	r3, r3, #5
10001192:	4053      	eors	r3, r2
10001194:	22e0      	movs	r2, #224	@ 0xe0
10001196:	4013      	ands	r3, r2
10001198:	2280      	movs	r2, #128	@ 0x80
1000119a:	0152      	lsls	r2, r2, #5
1000119c:	18a2      	adds	r2, r4, r2
1000119e:	6013      	str	r3, [r2, #0]
100011a0:	2e01      	cmp	r6, #1
100011a2:	d930      	bls.n	10001206 <clock_configure_undivided+0xbe>
100011a4:	2380      	movs	r3, #128	@ 0x80
100011a6:	2280      	movs	r2, #128	@ 0x80
100011a8:	019b      	lsls	r3, r3, #6
100011aa:	18e3      	adds	r3, r4, r3
100011ac:	0112      	lsls	r2, r2, #4
100011ae:	601a      	str	r2, [r3, #0]
100011b0:	2380      	movs	r3, #128	@ 0x80
100011b2:	005b      	lsls	r3, r3, #1
100011b4:	6063      	str	r3, [r4, #4]
100011b6:	4643      	mov	r3, r8
100011b8:	517b      	str	r3, [r7, r5]
100011ba:	bce0      	pop	{r5, r6, r7}
100011bc:	46ba      	mov	sl, r7
100011be:	46b1      	mov	r9, r6
100011c0:	46a8      	mov	r8, r5
100011c2:	bdf0      	pop	{r4, r5, r6, r7, pc}
100011c4:	6978      	ldr	r0, [r7, #20]
100011c6:	f000 fa07 	bl	100015d8 <__wrap___aeabi_uidiv>
100011ca:	3001      	adds	r0, #1
100011cc:	0043      	lsls	r3, r0, #1
100011ce:	181b      	adds	r3, r3, r0
100011d0:	3b03      	subs	r3, #3
100011d2:	d2fd      	bcs.n	100011d0 <clock_configure_undivided+0x88>
100011d4:	e7da      	b.n	1000118c <clock_configure_undivided+0x44>
100011d6:	4653      	mov	r3, sl
100011d8:	2b01      	cmp	r3, #1
100011da:	d1cc      	bne.n	10001176 <clock_configure_undivided+0x2e>
100011dc:	23c0      	movs	r3, #192	@ 0xc0
100011de:	2203      	movs	r2, #3
100011e0:	019b      	lsls	r3, r3, #6
100011e2:	18e3      	adds	r3, r4, r3
100011e4:	601a      	str	r2, [r3, #0]
100011e6:	3a02      	subs	r2, #2
100011e8:	68a3      	ldr	r3, [r4, #8]
100011ea:	421a      	tst	r2, r3
100011ec:	d0fc      	beq.n	100011e8 <clock_configure_undivided+0xa0>
100011ee:	464a      	mov	r2, r9
100011f0:	6823      	ldr	r3, [r4, #0]
100011f2:	0152      	lsls	r2, r2, #5
100011f4:	405a      	eors	r2, r3
100011f6:	23e0      	movs	r3, #224	@ 0xe0
100011f8:	4013      	ands	r3, r2
100011fa:	2280      	movs	r2, #128	@ 0x80
100011fc:	0152      	lsls	r2, r2, #5
100011fe:	18a2      	adds	r2, r4, r2
10001200:	4f08      	ldr	r7, [pc, #32]	@ (10001224 <clock_configure_undivided+0xdc>)
10001202:	6013      	str	r3, [r2, #0]
10001204:	0085      	lsls	r5, r0, #2
10001206:	4650      	mov	r0, sl
10001208:	2303      	movs	r3, #3
1000120a:	6821      	ldr	r1, [r4, #0]
1000120c:	4041      	eors	r1, r0
1000120e:	400b      	ands	r3, r1
10001210:	6013      	str	r3, [r2, #0]
10001212:	2201      	movs	r2, #1
10001214:	4082      	lsls	r2, r0
10001216:	68a3      	ldr	r3, [r4, #8]
10001218:	421a      	tst	r2, r3
1000121a:	d0fc      	beq.n	10001216 <clock_configure_undivided+0xce>
1000121c:	e7c2      	b.n	100011a4 <clock_configure_undivided+0x5c>
1000121e:	46c0      	nop			@ (mov r8, r8)
10001220:	40008000 	.word	0x40008000
10001224:	200005cc 	.word	0x200005cc

10001228 <clock_get_hz>:
10001228:	4b01      	ldr	r3, [pc, #4]	@ (10001230 <clock_get_hz+0x8>)
1000122a:	0080      	lsls	r0, r0, #2
1000122c:	58c0      	ldr	r0, [r0, r3]
1000122e:	4770      	bx	lr
10001230:	200005cc 	.word	0x200005cc

10001234 <pll_init>:
10001234:	b5f0      	push	{r4, r5, r6, r7, lr}
10001236:	46c6      	mov	lr, r8
10001238:	0004      	movs	r4, r0
1000123a:	b500      	push	{lr}
1000123c:	4823      	ldr	r0, [pc, #140]	@ (100012cc <pll_init+0x98>)
1000123e:	0016      	movs	r6, r2
10001240:	4698      	mov	r8, r3
10001242:	000d      	movs	r5, r1
10001244:	f000 f9c8 	bl	100015d8 <__wrap___aeabi_uidiv>
10001248:	0001      	movs	r1, r0
1000124a:	0030      	movs	r0, r6
1000124c:	f000 f9c4 	bl	100015d8 <__wrap___aeabi_uidiv>
10001250:	4643      	mov	r3, r8
10001252:	9a06      	ldr	r2, [sp, #24]
10001254:	041b      	lsls	r3, r3, #16
10001256:	0312      	lsls	r2, r2, #12
10001258:	4313      	orrs	r3, r2
1000125a:	469c      	mov	ip, r3
1000125c:	6823      	ldr	r3, [r4, #0]
1000125e:	0006      	movs	r6, r0
10001260:	2b00      	cmp	r3, #0
10001262:	db22      	blt.n	100012aa <pll_init+0x76>
10001264:	4b1a      	ldr	r3, [pc, #104]	@ (100012d0 <pll_init+0x9c>)
10001266:	481b      	ldr	r0, [pc, #108]	@ (100012d4 <pll_init+0xa0>)
10001268:	18e2      	adds	r2, r4, r3
1000126a:	1e53      	subs	r3, r2, #1
1000126c:	419a      	sbcs	r2, r3
1000126e:	2380      	movs	r3, #128	@ 0x80
10001270:	4252      	negs	r2, r2
10001272:	0b12      	lsrs	r2, r2, #12
10001274:	019b      	lsls	r3, r3, #6
10001276:	0312      	lsls	r2, r2, #12
10001278:	18d2      	adds	r2, r2, r3
1000127a:	4b17      	ldr	r3, [pc, #92]	@ (100012d8 <pll_init+0xa4>)
1000127c:	601a      	str	r2, [r3, #0]
1000127e:	4b17      	ldr	r3, [pc, #92]	@ (100012dc <pll_init+0xa8>)
10001280:	601a      	str	r2, [r3, #0]
10001282:	0013      	movs	r3, r2
10001284:	6801      	ldr	r1, [r0, #0]
10001286:	438b      	bics	r3, r1
10001288:	d1fb      	bne.n	10001282 <pll_init+0x4e>
1000128a:	2221      	movs	r2, #33	@ 0x21
1000128c:	4b14      	ldr	r3, [pc, #80]	@ (100012e0 <pll_init+0xac>)
1000128e:	6025      	str	r5, [r4, #0]
10001290:	18e3      	adds	r3, r4, r3
10001292:	60a6      	str	r6, [r4, #8]
10001294:	601a      	str	r2, [r3, #0]
10001296:	6822      	ldr	r2, [r4, #0]
10001298:	2a00      	cmp	r2, #0
1000129a:	dafc      	bge.n	10001296 <pll_init+0x62>
1000129c:	4662      	mov	r2, ip
1000129e:	60e2      	str	r2, [r4, #12]
100012a0:	2208      	movs	r2, #8
100012a2:	601a      	str	r2, [r3, #0]
100012a4:	bc80      	pop	{r7}
100012a6:	46b8      	mov	r8, r7
100012a8:	bdf0      	pop	{r4, r5, r6, r7, pc}
100012aa:	233f      	movs	r3, #63	@ 0x3f
100012ac:	6822      	ldr	r2, [r4, #0]
100012ae:	4013      	ands	r3, r2
100012b0:	42ab      	cmp	r3, r5
100012b2:	d1d7      	bne.n	10001264 <pll_init+0x30>
100012b4:	68a3      	ldr	r3, [r4, #8]
100012b6:	051b      	lsls	r3, r3, #20
100012b8:	0d1b      	lsrs	r3, r3, #20
100012ba:	4283      	cmp	r3, r0
100012bc:	d1d2      	bne.n	10001264 <pll_init+0x30>
100012be:	22ee      	movs	r2, #238	@ 0xee
100012c0:	68e3      	ldr	r3, [r4, #12]
100012c2:	02d2      	lsls	r2, r2, #11
100012c4:	4013      	ands	r3, r2
100012c6:	4563      	cmp	r3, ip
100012c8:	d1cc      	bne.n	10001264 <pll_init+0x30>
100012ca:	e7eb      	b.n	100012a4 <pll_init+0x70>
100012cc:	00b71b00 	.word	0x00b71b00
100012d0:	bffd4000 	.word	0xbffd4000
100012d4:	4000c008 	.word	0x4000c008
100012d8:	4000e000 	.word	0x4000e000
100012dc:	4000f000 	.word	0x4000f000
100012e0:	00003004 	.word	0x00003004

100012e4 <tick_start>:
100012e4:	2380      	movs	r3, #128	@ 0x80
100012e6:	4a02      	ldr	r2, [pc, #8]	@ (100012f0 <tick_start+0xc>)
100012e8:	009b      	lsls	r3, r3, #2
100012ea:	430b      	orrs	r3, r1
100012ec:	62d3      	str	r3, [r2, #44]	@ 0x2c
100012ee:	4770      	bx	lr
100012f0:	40058000 	.word	0x40058000

100012f4 <rom_func_lookup>:
100012f4:	2300      	movs	r3, #0
100012f6:	b510      	push	{r4, lr}
100012f8:	0001      	movs	r1, r0
100012fa:	8a98      	ldrh	r0, [r3, #20]
100012fc:	8b1b      	ldrh	r3, [r3, #24]
100012fe:	4798      	blx	r3
10001300:	bd10      	pop	{r4, pc}
10001302:	46c0      	nop			@ (mov r8, r8)

10001304 <rom_data_lookup>:
10001304:	2316      	movs	r3, #22
10001306:	b510      	push	{r4, lr}
10001308:	0001      	movs	r1, r0
1000130a:	8818      	ldrh	r0, [r3, #0]
1000130c:	885b      	ldrh	r3, [r3, #2]
1000130e:	4798      	blx	r3
10001310:	bd10      	pop	{r4, pc}
10001312:	46c0      	nop			@ (mov r8, r8)

10001314 <rom_funcs_lookup>:
10001314:	b5f8      	push	{r3, r4, r5, r6, r7, lr}
10001316:	4647      	mov	r7, r8
10001318:	46ce      	mov	lr, r9
1000131a:	b580      	push	{r7, lr}
1000131c:	1e0f      	subs	r7, r1, #0
1000131e:	d018      	beq.n	10001352 <rom_funcs_lookup+0x3e>
10001320:	2314      	movs	r3, #20
10001322:	4699      	mov	r9, r3
10001324:	3304      	adds	r3, #4
10001326:	0004      	movs	r4, r0
10001328:	2500      	movs	r5, #0
1000132a:	2601      	movs	r6, #1
1000132c:	4698      	mov	r8, r3
1000132e:	464b      	mov	r3, r9
10001330:	8818      	ldrh	r0, [r3, #0]
10001332:	4643      	mov	r3, r8
10001334:	6821      	ldr	r1, [r4, #0]
10001336:	881b      	ldrh	r3, [r3, #0]
10001338:	4798      	blx	r3
1000133a:	c401      	stmia	r4!, {r0}
1000133c:	1e43      	subs	r3, r0, #1
1000133e:	4198      	sbcs	r0, r3
10001340:	3501      	adds	r5, #1
10001342:	4006      	ands	r6, r0
10001344:	42af      	cmp	r7, r5
10001346:	d1f2      	bne.n	1000132e <rom_funcs_lookup+0x1a>
10001348:	0030      	movs	r0, r6
1000134a:	bcc0      	pop	{r6, r7}
1000134c:	46b9      	mov	r9, r7
1000134e:	46b0      	mov	r8, r6
10001350:	bdf8      	pop	{r3, r4, r5, r6, r7, pc}
10001352:	2601      	movs	r6, #1
10001354:	e7f8      	b.n	10001348 <rom_funcs_lookup+0x34>
10001356:	46c0      	nop			@ (mov r8, r8)

10001358 <xosc_init>:
10001358:	23aa      	movs	r3, #170	@ 0xaa
1000135a:	4a06      	ldr	r2, [pc, #24]	@ (10001374 <xosc_init+0x1c>)
1000135c:	011b      	lsls	r3, r3, #4
1000135e:	6013      	str	r3, [r2, #0]
10001360:	238d      	movs	r3, #141	@ 0x8d
10001362:	005b      	lsls	r3, r3, #1
10001364:	60d3      	str	r3, [r2, #12]
10001366:	4904      	ldr	r1, [pc, #16]	@ (10001378 <xosc_init+0x20>)
10001368:	4b04      	ldr	r3, [pc, #16]	@ (1000137c <xosc_init+0x24>)
1000136a:	6019      	str	r1, [r3, #0]
1000136c:	6853      	ldr	r3, [r2, #4]
1000136e:	2b00      	cmp	r3, #0
10001370:	dafc      	bge.n	1000136c <xosc_init+0x14>
10001372:	4770      	bx	lr
10001374:	40024000 	.word	0x40024000
10001378:	00fab000 	.word	0x00fab000
1000137c:	40026000 	.word	0x40026000

10001380 <first_per_core_initializer>:
10001380:	4770      	bx	lr
10001382:	46c0      	nop			@ (mov r8, r8)

10001384 <hard_assertion_failure>:
10001384:	b510      	push	{r4, lr}
10001386:	4801      	ldr	r0, [pc, #4]	@ (1000138c <hard_assertion_failure+0x8>)
10001388:	f7fe ffcc 	bl	10000324 <panic>
1000138c:	10001f0c 	.word	0x10001f0c

10001390 <runtime_run_initializers>:
10001390:	b570      	push	{r4, r5, r6, lr}
10001392:	4d07      	ldr	r5, [pc, #28]	@ (100013b0 <runtime_run_initializers+0x20>)
10001394:	4e07      	ldr	r6, [pc, #28]	@ (100013b4 <runtime_run_initializers+0x24>)
10001396:	42b5      	cmp	r5, r6
10001398:	d209      	bcs.n	100013ae <runtime_run_initializers+0x1e>
1000139a:	2400      	movs	r4, #0
1000139c:	3e01      	subs	r6, #1
1000139e:	1b76      	subs	r6, r6, r5
100013a0:	08b6      	lsrs	r6, r6, #2
100013a2:	3601      	adds	r6, #1
100013a4:	cd08      	ldmia	r5!, {r3}
100013a6:	3401      	adds	r4, #1
100013a8:	4798      	blx	r3
100013aa:	42b4      	cmp	r4, r6
100013ac:	d1fa      	bne.n	100013a4 <runtime_run_initializers+0x14>
100013ae:	bd70      	pop	{r4, r5, r6, pc}
100013b0:	10001d70 	.word	0x10001d70
100013b4:	10001dac 	.word	0x10001dac

100013b8 <runtime_init_early_resets>:
100013b8:	4b05      	ldr	r3, [pc, #20]	@ (100013d0 <runtime_init_early_resets+0x18>)
100013ba:	4a06      	ldr	r2, [pc, #24]	@ (100013d4 <runtime_init_early_resets+0x1c>)
100013bc:	4906      	ldr	r1, [pc, #24]	@ (100013d8 <runtime_init_early_resets+0x20>)
100013be:	601a      	str	r2, [r3, #0]
100013c0:	4a06      	ldr	r2, [pc, #24]	@ (100013dc <runtime_init_early_resets+0x24>)
100013c2:	4b07      	ldr	r3, [pc, #28]	@ (100013e0 <runtime_init_early_resets+0x28>)
100013c4:	601a      	str	r2, [r3, #0]
100013c6:	0010      	movs	r0, r2
100013c8:	680b      	ldr	r3, [r1, #0]
100013ca:	4398      	bics	r0, r3
100013cc:	d1fb      	bne.n	100013c6 <runtime_init_early_resets+0xe>
100013ce:	4770      	bx	lr
100013d0:	4000e000 	.word	0x4000e000
100013d4:	fefbcdbf 	.word	0xfefbcdbf
100013d8:	4000c008 	.word	0x4000c008
100013dc:	003c7ffe 	.word	0x003c7ffe
100013e0:	4000f000 	.word	0x4000f000

100013e4 <runtime_init_usb_power_down>:
100013e4:	4b04      	ldr	r3, [pc, #16]	@ (100013f8 <runtime_init_usb_power_down+0x14>)
100013e6:	6cdb      	ldr	r3, [r3, #76]	@ 0x4c
100013e8:	2b00      	cmp	r3, #0
100013ea:	d103      	bne.n	100013f4 <runtime_init_usb_power_down+0x10>
100013ec:	2280      	movs	r2, #128	@ 0x80
100013ee:	4b03      	ldr	r3, [pc, #12]	@ (100013fc <runtime_init_usb_power_down+0x18>)
100013f0:	02d2      	lsls	r2, r2, #11
100013f2:	601a      	str	r2, [r3, #0]
100013f4:	4770      	bx	lr
100013f6:	46c0      	nop			@ (mov r8, r8)
100013f8:	50110000 	.word	0x50110000
100013fc:	5011204c 	.word	0x5011204c

10001400 <runtime_init_post_clock_resets>:
10001400:	4a04      	ldr	r2, [pc, #16]	@ (10001414 <runtime_init_post_clock_resets+0x14>)
10001402:	4b05      	ldr	r3, [pc, #20]	@ (10001418 <runtime_init_post_clock_resets+0x18>)
10001404:	601a      	str	r2, [r3, #0]
10001406:	4a05      	ldr	r2, [pc, #20]	@ (1000141c <runtime_init_post_clock_resets+0x1c>)
10001408:	6813      	ldr	r3, [r2, #0]
1000140a:	01db      	lsls	r3, r3, #7
1000140c:	3380      	adds	r3, #128	@ 0x80
1000140e:	d1fb      	bne.n	10001408 <runtime_init_post_clock_resets+0x8>
10001410:	4770      	bx	lr
10001412:	46c0      	nop			@ (mov r8, r8)
10001414:	01ffffff 	.word	0x01ffffff
10001418:	4000f000 	.word	0x4000f000
1000141c:	4000c008 	.word	0x4000c008

10001420 <runtime_init_rp2040_gpio_ie_disable>:
10001420:	2240      	movs	r2, #64	@ 0x40
10001422:	4b03      	ldr	r3, [pc, #12]	@ (10001430 <runtime_init_rp2040_gpio_ie_disable+0x10>)
10001424:	679a      	str	r2, [r3, #120]	@ 0x78
10001426:	675a      	str	r2, [r3, #116]	@ 0x74
10001428:	671a      	str	r2, [r3, #112]	@ 0x70
1000142a:	66da      	str	r2, [r3, #108]	@ 0x6c
1000142c:	4770      	bx	lr
1000142e:	46c0      	nop			@ (mov r8, r8)
10001430:	4001f000 	.word	0x4001f000

10001434 <runtime_init_spin_locks_reset>:
10001434:	b510      	push	{r4, lr}
10001436:	f7fe ffc1 	bl	100003bc <spin_locks_reset>
1000143a:	bd10      	pop	{r4, pc}

1000143c <runtime_init_install_ram_vector_table>:
1000143c:	b570      	push	{r4, r5, r6, lr}
1000143e:	4927      	ldr	r1, [pc, #156]	@ (100014dc <runtime_init_install_ram_vector_table+0xa0>)
10001440:	4e27      	ldr	r6, [pc, #156]	@ (100014e0 <runtime_init_install_ram_vector_table+0xa4>)
10001442:	4d28      	ldr	r5, [pc, #160]	@ (100014e4 <runtime_init_install_ram_vector_table+0xa8>)
10001444:	1a76      	subs	r6, r6, r1
10001446:	08b4      	lsrs	r4, r6, #2
10001448:	0022      	movs	r2, r4
1000144a:	2c30      	cmp	r4, #48	@ 0x30
1000144c:	d900      	bls.n	10001450 <runtime_init_install_ram_vector_table+0x14>
1000144e:	2230      	movs	r2, #48	@ 0x30
10001450:	0028      	movs	r0, r5
10001452:	0092      	lsls	r2, r2, #2
10001454:	f000 f9ba 	bl	100017cc <__wrap___aeabi_memcpy>
10001458:	2c2f      	cmp	r4, #47	@ 0x2f
1000145a:	d83b      	bhi.n	100014d4 <runtime_init_install_ram_vector_table+0x98>
1000145c:	0023      	movs	r3, r4
1000145e:	3b2a      	subs	r3, #42	@ 0x2a
10001460:	4a21      	ldr	r2, [pc, #132]	@ (100014e8 <runtime_init_install_ram_vector_table+0xac>)
10001462:	2b05      	cmp	r3, #5
10001464:	d91b      	bls.n	1000149e <runtime_init_install_ram_vector_table+0x62>
10001466:	2030      	movs	r0, #48	@ 0x30
10001468:	19ae      	adds	r6, r5, r6
1000146a:	0771      	lsls	r1, r6, #29
1000146c:	1b00      	subs	r0, r0, r4
1000146e:	0026      	movs	r6, r4
10001470:	0fcb      	lsrs	r3, r1, #31
10001472:	2900      	cmp	r1, #0
10001474:	da02      	bge.n	1000147c <runtime_init_install_ram_vector_table+0x40>
10001476:	00a1      	lsls	r1, r4, #2
10001478:	506a      	str	r2, [r5, r1]
1000147a:	1c66      	adds	r6, r4, #1
1000147c:	1ac0      	subs	r0, r0, r3
1000147e:	18e3      	adds	r3, r4, r3
10001480:	009b      	lsls	r3, r3, #2
10001482:	0841      	lsrs	r1, r0, #1
10001484:	18eb      	adds	r3, r5, r3
10001486:	00c9      	lsls	r1, r1, #3
10001488:	18c9      	adds	r1, r1, r3
1000148a:	601a      	str	r2, [r3, #0]
1000148c:	605a      	str	r2, [r3, #4]
1000148e:	3308      	adds	r3, #8
10001490:	428b      	cmp	r3, r1
10001492:	d1fa      	bne.n	1000148a <runtime_init_install_ram_vector_table+0x4e>
10001494:	2301      	movs	r3, #1
10001496:	4203      	tst	r3, r0
10001498:	d01c      	beq.n	100014d4 <runtime_init_install_ram_vector_table+0x98>
1000149a:	4398      	bics	r0, r3
1000149c:	1984      	adds	r4, r0, r6
1000149e:	00a3      	lsls	r3, r4, #2
100014a0:	50ea      	str	r2, [r5, r3]
100014a2:	1c63      	adds	r3, r4, #1
100014a4:	2c2f      	cmp	r4, #47	@ 0x2f
100014a6:	d015      	beq.n	100014d4 <runtime_init_install_ram_vector_table+0x98>
100014a8:	009b      	lsls	r3, r3, #2
100014aa:	50ea      	str	r2, [r5, r3]
100014ac:	1ca3      	adds	r3, r4, #2
100014ae:	2c2e      	cmp	r4, #46	@ 0x2e
100014b0:	d010      	beq.n	100014d4 <runtime_init_install_ram_vector_table+0x98>
100014b2:	009b      	lsls	r3, r3, #2
100014b4:	50ea      	str	r2, [r5, r3]
100014b6:	1ce3      	adds	r3, r4, #3
100014b8:	2c2d      	cmp	r4, #45	@ 0x2d
100014ba:	d00b      	beq.n	100014d4 <runtime_init_install_ram_vector_table+0x98>
100014bc:	009b      	lsls	r3, r3, #2
100014be:	50ea      	str	r2, [r5, r3]
100014c0:	1d23      	adds	r3, r4, #4
100014c2:	2c2c      	cmp	r4, #44	@ 0x2c
100014c4:	d006      	beq.n	100014d4 <runtime_init_install_ram_vector_table+0x98>
100014c6:	009b      	lsls	r3, r3, #2
100014c8:	50ea      	str	r2, [r5, r3]
100014ca:	1d63      	adds	r3, r4, #5
100014cc:	2c2b      	cmp	r4, #43	@ 0x2b
100014ce:	d001      	beq.n	100014d4 <runtime_init_install_ram_vector_table+0x98>
100014d0:	009b      	lsls	r3, r3, #2
100014d2:	50ea      	str	r2, [r5, r3]
100014d4:	4b05      	ldr	r3, [pc, #20]	@ (100014ec <runtime_init_install_ram_vector_table+0xb0>)
100014d6:	609d      	str	r5, [r3, #8]
100014d8:	bd70      	pop	{r4, r5, r6, pc}
100014da:	46c0      	nop			@ (mov r8, r8)
100014dc:	10000100 	.word	0x10000100
100014e0:	100001c0 	.word	0x100001c0
100014e4:	20000000 	.word	0x20000000
100014e8:	100001c1 	.word	0x100001c1
100014ec:	e000ed00 	.word	0xe000ed00

100014f0 <runtime_init_clocks>:
100014f0:	2300      	movs	r3, #0
100014f2:	b510      	push	{r4, lr}
100014f4:	4c29      	ldr	r4, [pc, #164]	@ (1000159c <runtime_init_clocks+0xac>)
100014f6:	b082      	sub	sp, #8
100014f8:	67a3      	str	r3, [r4, #120]	@ 0x78
100014fa:	f7ff ff2d 	bl	10001358 <xosc_init>
100014fe:	2201      	movs	r2, #1
10001500:	4b27      	ldr	r3, [pc, #156]	@ (100015a0 <runtime_init_clocks+0xb0>)
10001502:	601a      	str	r2, [r3, #0]
10001504:	6c63      	ldr	r3, [r4, #68]	@ 0x44
10001506:	2b01      	cmp	r3, #1
10001508:	d1fc      	bne.n	10001504 <runtime_init_clocks+0x14>
1000150a:	2203      	movs	r2, #3
1000150c:	4b25      	ldr	r3, [pc, #148]	@ (100015a4 <runtime_init_clocks+0xb4>)
1000150e:	601a      	str	r2, [r3, #0]
10001510:	4a22      	ldr	r2, [pc, #136]	@ (1000159c <runtime_init_clocks+0xac>)
10001512:	6b93      	ldr	r3, [r2, #56]	@ 0x38
10001514:	2b01      	cmp	r3, #1
10001516:	d1fc      	bne.n	10001512 <runtime_init_clocks+0x22>
10001518:	3301      	adds	r3, #1
1000151a:	9300      	str	r3, [sp, #0]
1000151c:	2101      	movs	r1, #1
1000151e:	4a22      	ldr	r2, [pc, #136]	@ (100015a8 <runtime_init_clocks+0xb8>)
10001520:	4822      	ldr	r0, [pc, #136]	@ (100015ac <runtime_init_clocks+0xbc>)
10001522:	3304      	adds	r3, #4
10001524:	f7ff fe86 	bl	10001234 <pll_init>
10001528:	2305      	movs	r3, #5
1000152a:	2101      	movs	r1, #1
1000152c:	9300      	str	r3, [sp, #0]
1000152e:	4a20      	ldr	r2, [pc, #128]	@ (100015b0 <runtime_init_clocks+0xc0>)
10001530:	4820      	ldr	r0, [pc, #128]	@ (100015b4 <runtime_init_clocks+0xc4>)
10001532:	f7ff fe7f 	bl	10001234 <pll_init>
10001536:	2200      	movs	r2, #0
10001538:	2102      	movs	r1, #2
1000153a:	2004      	movs	r0, #4
1000153c:	4b1e      	ldr	r3, [pc, #120]	@ (100015b8 <runtime_init_clocks+0xc8>)
1000153e:	f7ff fe03 	bl	10001148 <clock_configure_undivided>
10001542:	2200      	movs	r2, #0
10001544:	2101      	movs	r1, #1
10001546:	2005      	movs	r0, #5
10001548:	4b1c      	ldr	r3, [pc, #112]	@ (100015bc <runtime_init_clocks+0xcc>)
1000154a:	f7ff fdfd 	bl	10001148 <clock_configure_undivided>
1000154e:	2200      	movs	r2, #0
10001550:	2100      	movs	r1, #0
10001552:	2007      	movs	r0, #7
10001554:	4b1a      	ldr	r3, [pc, #104]	@ (100015c0 <runtime_init_clocks+0xd0>)
10001556:	f7ff fdf7 	bl	10001148 <clock_configure_undivided>
1000155a:	2200      	movs	r2, #0
1000155c:	2100      	movs	r1, #0
1000155e:	2008      	movs	r0, #8
10001560:	4b17      	ldr	r3, [pc, #92]	@ (100015c0 <runtime_init_clocks+0xd0>)
10001562:	f7ff fdf1 	bl	10001148 <clock_configure_undivided>
10001566:	2380      	movs	r3, #128	@ 0x80
10001568:	00db      	lsls	r3, r3, #3
1000156a:	9300      	str	r3, [sp, #0]
1000156c:	2200      	movs	r2, #0
1000156e:	2100      	movs	r1, #0
10001570:	2009      	movs	r0, #9
10001572:	4b13      	ldr	r3, [pc, #76]	@ (100015c0 <runtime_init_clocks+0xd0>)
10001574:	f7ff fd72 	bl	1000105c <clock_configure_int_divider>
10001578:	2200      	movs	r2, #0
1000157a:	4b10      	ldr	r3, [pc, #64]	@ (100015bc <runtime_init_clocks+0xcc>)
1000157c:	2100      	movs	r1, #0
1000157e:	2006      	movs	r0, #6
10001580:	f7ff fde2 	bl	10001148 <clock_configure_undivided>
10001584:	2004      	movs	r0, #4
10001586:	f7ff fe4f 	bl	10001228 <clock_get_hz>
1000158a:	490e      	ldr	r1, [pc, #56]	@ (100015c4 <runtime_init_clocks+0xd4>)
1000158c:	f000 f824 	bl	100015d8 <__wrap___aeabi_uidiv>
10001590:	0001      	movs	r1, r0
10001592:	2000      	movs	r0, #0
10001594:	f7ff fea6 	bl	100012e4 <tick_start>
10001598:	b002      	add	sp, #8
1000159a:	bd10      	pop	{r4, pc}
1000159c:	40008000 	.word	0x40008000
100015a0:	4000b03c 	.word	0x4000b03c
100015a4:	4000b030 	.word	0x4000b030
100015a8:	59682f00 	.word	0x59682f00
100015ac:	40028000 	.word	0x40028000
100015b0:	47868c00 	.word	0x47868c00
100015b4:	4002c000 	.word	0x4002c000
100015b8:	00b71b00 	.word	0x00b71b00
100015bc:	07735940 	.word	0x07735940
100015c0:	02dc6c00 	.word	0x02dc6c00
100015c4:	000f4240 	.word	0x000f4240

100015c8 <__aeabi_bits_init>:
100015c8:	4801      	ldr	r0, [pc, #4]	@ (100015d0 <__aeabi_bits_init+0x8>)
100015ca:	2104      	movs	r1, #4
100015cc:	4b01      	ldr	r3, [pc, #4]	@ (100015d4 <__aeabi_bits_init+0xc>)
100015ce:	4718      	bx	r3
100015d0:	20000200 	.word	0x20000200
100015d4:	10001315 	.word	0x10001315

100015d8 <__wrap___aeabi_uidiv>:
100015d8:	4a11      	ldr	r2, [pc, #68]	@ (10001620 <divmod_u32u32_savestate+0x18>)
100015da:	6f93      	ldr	r3, [r2, #120]	@ 0x78
100015dc:	089b      	lsrs	r3, r3, #2
100015de:	d213      	bcs.n	10001608 <divmod_u32u32_savestate>

100015e0 <divmod_u32u32_core>:
100015e0:	6610      	str	r0, [r2, #96]	@ 0x60
100015e2:	6651      	str	r1, [r2, #100]	@ 0x64
100015e4:	2900      	cmp	r1, #0
100015e6:	d005      	beq.n	100015f4 <divmod_u32u32_core+0x14>
100015e8:	e7ff      	b.n	100015ea <divmod_u32u32_core+0xa>
100015ea:	e7ff      	b.n	100015ec <divmod_u32u32_core+0xc>
100015ec:	e7ff      	b.n	100015ee <divmod_u32u32_core+0xe>
100015ee:	6f51      	ldr	r1, [r2, #116]	@ 0x74
100015f0:	6f10      	ldr	r0, [r2, #112]	@ 0x70
100015f2:	4770      	bx	lr
100015f4:	b504      	push	{r2, lr}
100015f6:	2800      	cmp	r0, #0
100015f8:	d001      	beq.n	100015fe <divmod_u32u32_core+0x1e>
100015fa:	2000      	movs	r0, #0
100015fc:	43c0      	mvns	r0, r0
100015fe:	f000 fba7 	bl	10001d50 <____aeabi_idiv0_veneer>
10001602:	2100      	movs	r1, #0
10001604:	bd04      	pop	{r2, pc}
10001606:	46c0      	nop			@ (mov r8, r8)

10001608 <divmod_u32u32_savestate>:
10001608:	b5f0      	push	{r4, r5, r6, r7, lr}
1000160a:	6e14      	ldr	r4, [r2, #96]	@ 0x60
1000160c:	6e55      	ldr	r5, [r2, #100]	@ 0x64
1000160e:	6f57      	ldr	r7, [r2, #116]	@ 0x74
10001610:	6f16      	ldr	r6, [r2, #112]	@ 0x70
10001612:	f7ff ffe5 	bl	100015e0 <divmod_u32u32_core>
10001616:	6614      	str	r4, [r2, #96]	@ 0x60
10001618:	6655      	str	r5, [r2, #100]	@ 0x64
1000161a:	6757      	str	r7, [r2, #116]	@ 0x74
1000161c:	6716      	str	r6, [r2, #112]	@ 0x70
1000161e:	bdf0      	pop	{r4, r5, r6, r7, pc}
10001620:	d0000000 	.word	0xd0000000

10001624 <__aeabi_double_init>:
10001624:	2313      	movs	r3, #19
10001626:	b570      	push	{r4, r5, r6, lr}
10001628:	781d      	ldrb	r5, [r3, #0]
1000162a:	2d01      	cmp	r5, #1
1000162c:	d019      	beq.n	10001662 <__aeabi_double_init+0x3e>
1000162e:	dd14      	ble.n	1000165a <__aeabi_double_init+0x36>
10001630:	481f      	ldr	r0, [pc, #124]	@ (100016b0 <__aeabi_double_init+0x8c>)
10001632:	f7ff fe67 	bl	10001304 <rom_data_lookup>
10001636:	0006      	movs	r6, r0
10001638:	481e      	ldr	r0, [pc, #120]	@ (100016b4 <__aeabi_double_init+0x90>)
1000163a:	f7ff fe63 	bl	10001304 <rom_data_lookup>
1000163e:	4c1e      	ldr	r4, [pc, #120]	@ (100016b8 <__aeabi_double_init+0x94>)
10001640:	2280      	movs	r2, #128	@ 0x80
10001642:	0031      	movs	r1, r6
10001644:	0020      	movs	r0, r4
10001646:	f000 f8c1 	bl	100017cc <__wrap___aeabi_memcpy>
1000164a:	2d02      	cmp	r5, #2
1000164c:	d02d      	beq.n	100016aa <__aeabi_double_init+0x86>
1000164e:	481b      	ldr	r0, [pc, #108]	@ (100016bc <__aeabi_double_init+0x98>)
10001650:	f7ff fe50 	bl	100012f4 <rom_func_lookup>
10001654:	4b1a      	ldr	r3, [pc, #104]	@ (100016c0 <__aeabi_double_init+0x9c>)
10001656:	6018      	str	r0, [r3, #0]
10001658:	bd70      	pop	{r4, r5, r6, pc}
1000165a:	4b1a      	ldr	r3, [pc, #104]	@ (100016c4 <__aeabi_double_init+0xa0>)
1000165c:	4c16      	ldr	r4, [pc, #88]	@ (100016b8 <__aeabi_double_init+0x94>)
1000165e:	64a3      	str	r3, [r4, #72]	@ 0x48
10001660:	e7f5      	b.n	1000164e <__aeabi_double_init+0x2a>
10001662:	4b18      	ldr	r3, [pc, #96]	@ (100016c4 <__aeabi_double_init+0xa0>)
10001664:	4c14      	ldr	r4, [pc, #80]	@ (100016b8 <__aeabi_double_init+0x94>)
10001666:	6023      	str	r3, [r4, #0]
10001668:	6063      	str	r3, [r4, #4]
1000166a:	60a3      	str	r3, [r4, #8]
1000166c:	60e3      	str	r3, [r4, #12]
1000166e:	6123      	str	r3, [r4, #16]
10001670:	6163      	str	r3, [r4, #20]
10001672:	61a3      	str	r3, [r4, #24]
10001674:	61e3      	str	r3, [r4, #28]
10001676:	6223      	str	r3, [r4, #32]
10001678:	6263      	str	r3, [r4, #36]	@ 0x24
1000167a:	62a3      	str	r3, [r4, #40]	@ 0x28
1000167c:	62e3      	str	r3, [r4, #44]	@ 0x2c
1000167e:	6323      	str	r3, [r4, #48]	@ 0x30
10001680:	6363      	str	r3, [r4, #52]	@ 0x34
10001682:	63a3      	str	r3, [r4, #56]	@ 0x38
10001684:	63e3      	str	r3, [r4, #60]	@ 0x3c
10001686:	6423      	str	r3, [r4, #64]	@ 0x40
10001688:	6463      	str	r3, [r4, #68]	@ 0x44
1000168a:	64a3      	str	r3, [r4, #72]	@ 0x48
1000168c:	64e3      	str	r3, [r4, #76]	@ 0x4c
1000168e:	6523      	str	r3, [r4, #80]	@ 0x50
10001690:	6563      	str	r3, [r4, #84]	@ 0x54
10001692:	65a3      	str	r3, [r4, #88]	@ 0x58
10001694:	65e3      	str	r3, [r4, #92]	@ 0x5c
10001696:	6623      	str	r3, [r4, #96]	@ 0x60
10001698:	6663      	str	r3, [r4, #100]	@ 0x64
1000169a:	66a3      	str	r3, [r4, #104]	@ 0x68
1000169c:	66e3      	str	r3, [r4, #108]	@ 0x6c
1000169e:	6723      	str	r3, [r4, #112]	@ 0x70
100016a0:	6763      	str	r3, [r4, #116]	@ 0x74
100016a2:	67a3      	str	r3, [r4, #120]	@ 0x78
100016a4:	67e3      	str	r3, [r4, #124]	@ 0x7c
100016a6:	64a3      	str	r3, [r4, #72]	@ 0x48
100016a8:	e7d1      	b.n	1000164e <__aeabi_double_init+0x2a>
100016aa:	4b06      	ldr	r3, [pc, #24]	@ (100016c4 <__aeabi_double_init+0xa0>)
100016ac:	64a3      	str	r3, [r4, #72]	@ 0x48
100016ae:	e7ce      	b.n	1000164e <__aeabi_double_init+0x2a>
100016b0:	00004453 	.word	0x00004453
100016b4:	00004653 	.word	0x00004653
100016b8:	200003c0 	.word	0x200003c0
100016bc:	0000334c 	.word	0x0000334c
100016c0:	20000610 	.word	0x20000610
100016c4:	100016c9 	.word	0x100016c9

100016c8 <double_table_shim_on_use_helper>:
100016c8:	b507      	push	{r0, r1, r2, lr}
100016ca:	4660      	mov	r0, ip
100016cc:	8801      	ldrh	r1, [r0, #0]
100016ce:	0a0a      	lsrs	r2, r1, #8
100016d0:	3002      	adds	r0, #2
100016d2:	2adf      	cmp	r2, #223	@ 0xdf
100016d4:	d1fa      	bne.n	100016cc <double_table_shim_on_use_helper+0x4>
100016d6:	b2c9      	uxtb	r1, r1
100016d8:	0882      	lsrs	r2, r0, #2
100016da:	d304      	bcc.n	100016e6 <double_table_shim_on_use_helper+0x1e>
100016dc:	8802      	ldrh	r2, [r0, #0]
100016de:	8840      	ldrh	r0, [r0, #2]
100016e0:	0400      	lsls	r0, r0, #16
100016e2:	4310      	orrs	r0, r2
100016e4:	e000      	b.n	100016e8 <double_table_shim_on_use_helper+0x20>
100016e6:	6800      	ldr	r0, [r0, #0]
100016e8:	4a01      	ldr	r2, [pc, #4]	@ (100016f0 <double_table_shim_on_use_helper+0x28>)
100016ea:	5050      	str	r0, [r2, r1]
100016ec:	9003      	str	r0, [sp, #12]
100016ee:	bd07      	pop	{r0, r1, r2, pc}
100016f0:	200003c0 	.word	0x200003c0

100016f4 <__wrap___aeabi_lmul>:
100016f4:	4351      	muls	r1, r2
100016f6:	4343      	muls	r3, r0
100016f8:	18c9      	adds	r1, r1, r3
100016fa:	468c      	mov	ip, r1
100016fc:	0c11      	lsrs	r1, r2, #16
100016fe:	b283      	uxth	r3, r0
10001700:	434b      	muls	r3, r1
10001702:	b410      	push	{r4}
10001704:	0c04      	lsrs	r4, r0, #16
10001706:	4361      	muls	r1, r4
10001708:	b292      	uxth	r2, r2
1000170a:	b280      	uxth	r0, r0
1000170c:	4350      	muls	r0, r2
1000170e:	4362      	muls	r2, r4
10001710:	041c      	lsls	r4, r3, #16
10001712:	0c1b      	lsrs	r3, r3, #16
10001714:	1900      	adds	r0, r0, r4
10001716:	bc10      	pop	{r4}
10001718:	4159      	adcs	r1, r3
1000171a:	0413      	lsls	r3, r2, #16
1000171c:	0c12      	lsrs	r2, r2, #16
1000171e:	18c0      	adds	r0, r0, r3
10001720:	4151      	adcs	r1, r2
10001722:	4461      	add	r1, ip
10001724:	4770      	bx	lr
	...

10001728 <__aeabi_float_init>:
10001728:	2313      	movs	r3, #19
1000172a:	b510      	push	{r4, lr}
1000172c:	781c      	ldrb	r4, [r3, #0]
1000172e:	4813      	ldr	r0, [pc, #76]	@ (1000177c <__aeabi_float_init+0x54>)
10001730:	f7ff fde8 	bl	10001304 <rom_data_lookup>
10001734:	2c01      	cmp	r4, #1
10001736:	d00b      	beq.n	10001750 <__aeabi_float_init+0x28>
10001738:	dd04      	ble.n	10001744 <__aeabi_float_init+0x1c>
1000173a:	0001      	movs	r1, r0
1000173c:	2280      	movs	r2, #128	@ 0x80
1000173e:	4810      	ldr	r0, [pc, #64]	@ (10001780 <__aeabi_float_init+0x58>)
10001740:	f000 f844 	bl	100017cc <__wrap___aeabi_memcpy>
10001744:	480f      	ldr	r0, [pc, #60]	@ (10001784 <__aeabi_float_init+0x5c>)
10001746:	f7ff fdd5 	bl	100012f4 <rom_func_lookup>
1000174a:	4b0f      	ldr	r3, [pc, #60]	@ (10001788 <__aeabi_float_init+0x60>)
1000174c:	6018      	str	r0, [r3, #0]
1000174e:	bd10      	pop	{r4, pc}
10001750:	4c0b      	ldr	r4, [pc, #44]	@ (10001780 <__aeabi_float_init+0x58>)
10001752:	0001      	movs	r1, r0
10001754:	2254      	movs	r2, #84	@ 0x54
10001756:	0020      	movs	r0, r4
10001758:	f000 f838 	bl	100017cc <__wrap___aeabi_memcpy>
1000175c:	4b0b      	ldr	r3, [pc, #44]	@ (1000178c <__aeabi_float_init+0x64>)
1000175e:	6563      	str	r3, [r4, #84]	@ 0x54
10001760:	65a3      	str	r3, [r4, #88]	@ 0x58
10001762:	65e3      	str	r3, [r4, #92]	@ 0x5c
10001764:	6623      	str	r3, [r4, #96]	@ 0x60
10001766:	6663      	str	r3, [r4, #100]	@ 0x64
10001768:	66a3      	str	r3, [r4, #104]	@ 0x68
1000176a:	66e3      	str	r3, [r4, #108]	@ 0x6c
1000176c:	6723      	str	r3, [r4, #112]	@ 0x70
1000176e:	6763      	str	r3, [r4, #116]	@ 0x74
10001770:	67a3      	str	r3, [r4, #120]	@ 0x78
10001772:	67e3      	str	r3, [r4, #124]	@ 0x7c
10001774:	6223      	str	r3, [r4, #32]
10001776:	61e3      	str	r3, [r4, #28]
10001778:	e7e4      	b.n	10001744 <__aeabi_float_init+0x1c>
1000177a:	46c0      	nop			@ (mov r8, r8)
1000177c:	00004653 	.word	0x00004653
10001780:	200004c0 	.word	0x200004c0
10001784:	0000334c 	.word	0x0000334c
10001788:	20000610 	.word	0x20000610
1000178c:	10001791 	.word	0x10001791

10001790 <float_table_shim_on_use_helper>:
10001790:	b507      	push	{r0, r1, r2, lr}
10001792:	4660      	mov	r0, ip
10001794:	8801      	ldrh	r1, [r0, #0]
10001796:	0a0a      	lsrs	r2, r1, #8
10001798:	3002      	adds	r0, #2
1000179a:	2adf      	cmp	r2, #223	@ 0xdf
1000179c:	d1fa      	bne.n	10001794 <float_table_shim_on_use_helper+0x4>
1000179e:	b2c9      	uxtb	r1, r1
100017a0:	0882      	lsrs	r2, r0, #2
100017a2:	d304      	bcc.n	100017ae <float_table_shim_on_use_helper+0x1e>
100017a4:	8802      	ldrh	r2, [r0, #0]
100017a6:	8840      	ldrh	r0, [r0, #2]
100017a8:	0400      	lsls	r0, r0, #16
100017aa:	4310      	orrs	r0, r2
100017ac:	e000      	b.n	100017b0 <float_table_shim_on_use_helper+0x20>
100017ae:	6800      	ldr	r0, [r0, #0]
100017b0:	4a01      	ldr	r2, [pc, #4]	@ (100017b8 <float_table_shim_on_use_helper+0x28>)
100017b2:	5050      	str	r0, [r2, r1]
100017b4:	9003      	str	r0, [sp, #12]
100017b6:	bd07      	pop	{r0, r1, r2, pc}
100017b8:	200004c0 	.word	0x200004c0

100017bc <__aeabi_mem_init>:
100017bc:	4801      	ldr	r0, [pc, #4]	@ (100017c4 <__aeabi_mem_init+0x8>)
100017be:	2104      	movs	r1, #4
100017c0:	4b01      	ldr	r3, [pc, #4]	@ (100017c8 <__aeabi_mem_init+0xc>)
100017c2:	4718      	bx	r3
100017c4:	20000210 	.word	0x20000210
100017c8:	10001315 	.word	0x10001315

100017cc <__wrap___aeabi_memcpy>:
100017cc:	4b01      	ldr	r3, [pc, #4]	@ (100017d4 <__wrap___aeabi_memcpy+0x8>)
100017ce:	685b      	ldr	r3, [r3, #4]
100017d0:	4718      	bx	r3
100017d2:	0000      	.short	0x0000
100017d4:	20000210 	.word	0x20000210

100017d8 <_out_char>:
100017d8:	b510      	push	{r4, lr}
100017da:	2800      	cmp	r0, #0
100017dc:	d100      	bne.n	100017e0 <_out_char+0x8>
100017de:	bd10      	pop	{r4, pc}
100017e0:	f000 f920 	bl	10001a24 <__wrap_putchar>
100017e4:	e7fb      	b.n	100017de <_out_char+0x6>
100017e6:	46c0      	nop			@ (mov r8, r8)

100017e8 <weak_raw_vprintf>:
100017e8:	b510      	push	{r4, lr}
100017ea:	4a09      	ldr	r2, [pc, #36]	@ (10001810 <weak_raw_vprintf+0x28>)
100017ec:	0003      	movs	r3, r0
100017ee:	6814      	ldr	r4, [r2, #0]
100017f0:	b084      	sub	sp, #16
100017f2:	2c00      	cmp	r4, #0
100017f4:	d008      	beq.n	10001808 <weak_raw_vprintf+0x20>
100017f6:	2201      	movs	r2, #1
100017f8:	9100      	str	r1, [sp, #0]
100017fa:	4806      	ldr	r0, [pc, #24]	@ (10001814 <weak_raw_vprintf+0x2c>)
100017fc:	4252      	negs	r2, r2
100017fe:	a903      	add	r1, sp, #12
10001800:	47a0      	blx	r4
10001802:	2001      	movs	r0, #1
10001804:	b004      	add	sp, #16
10001806:	bd10      	pop	{r4, pc}
10001808:	f000 f956 	bl	10001ab8 <__wrap_puts>
1000180c:	2000      	movs	r0, #0
1000180e:	e7f9      	b.n	10001804 <weak_raw_vprintf+0x1c>
10001810:	200005fc 	.word	0x200005fc
10001814:	100017d9 	.word	0x100017d9

10001818 <_exit>:
10001818:	be00      	bkpt	0x0000
1000181a:	e7fd      	b.n	10001818 <_exit>

1000181c <_fini>:
1000181c:	4770      	bx	lr
1000181e:	46c0      	nop			@ (mov r8, r8)

10001820 <exit>:
10001820:	b510      	push	{r4, lr}
10001822:	f7ff fff9 	bl	10001818 <_exit>
10001826:	46c0      	nop			@ (mov r8, r8)

10001828 <runtime_init>:
10001828:	b570      	push	{r4, r5, r6, lr}
1000182a:	f7ff fdb1 	bl	10001390 <runtime_run_initializers>
1000182e:	4d07      	ldr	r5, [pc, #28]	@ (1000184c <runtime_init+0x24>)
10001830:	4e07      	ldr	r6, [pc, #28]	@ (10001850 <runtime_init+0x28>)
10001832:	42b5      	cmp	r5, r6
10001834:	d209      	bcs.n	1000184a <runtime_init+0x22>
10001836:	2400      	movs	r4, #0
10001838:	3e01      	subs	r6, #1
1000183a:	1b76      	subs	r6, r6, r5
1000183c:	08b6      	lsrs	r6, r6, #2
1000183e:	3601      	adds	r6, #1
10001840:	cd08      	ldmia	r5!, {r3}
10001842:	3401      	adds	r4, #1
10001844:	4798      	blx	r3
10001846:	42b4      	cmp	r4, r6
10001848:	d1fa      	bne.n	10001840 <runtime_init+0x18>
1000184a:	bd70      	pop	{r4, r5, r6, pc}
1000184c:	10001dac 	.word	0x10001dac
10001850:	10001dac 	.word	0x10001dac

10001854 <stdio_out_chars_no_crlf>:
10001854:	0003      	movs	r3, r0
10001856:	b510      	push	{r4, lr}
10001858:	0008      	movs	r0, r1
1000185a:	0011      	movs	r1, r2
1000185c:	681b      	ldr	r3, [r3, #0]
1000185e:	4798      	blx	r3
10001860:	bd10      	pop	{r4, pc}
10001862:	46c0      	nop			@ (mov r8, r8)

10001864 <stdio_out_chars_crlf>:
10001864:	b5f8      	push	{r3, r4, r5, r6, r7, lr}
10001866:	7d43      	ldrb	r3, [r0, #21]
10001868:	0007      	movs	r7, r0
1000186a:	000d      	movs	r5, r1
1000186c:	0016      	movs	r6, r2
1000186e:	2b00      	cmp	r3, #0
10001870:	d038      	beq.n	100018e4 <stdio_out_chars_crlf+0x80>
10001872:	2a00      	cmp	r2, #0
10001874:	dd1a      	ble.n	100018ac <stdio_out_chars_crlf+0x48>
10001876:	780b      	ldrb	r3, [r1, #0]
10001878:	2b0a      	cmp	r3, #10
1000187a:	d018      	beq.n	100018ae <stdio_out_chars_crlf+0x4a>
1000187c:	2000      	movs	r0, #0
1000187e:	2e01      	cmp	r6, #1
10001880:	d009      	beq.n	10001896 <stdio_out_chars_crlf+0x32>
10001882:	2401      	movs	r4, #1
10001884:	0021      	movs	r1, r4
10001886:	5c6b      	ldrb	r3, [r5, r1]
10001888:	3401      	adds	r4, #1
1000188a:	2b0a      	cmp	r3, #10
1000188c:	d01a      	beq.n	100018c4 <stdio_out_chars_crlf+0x60>
1000188e:	42b4      	cmp	r4, r6
10001890:	d1f8      	bne.n	10001884 <stdio_out_chars_crlf+0x20>
10001892:	4286      	cmp	r6, r0
10001894:	dd03      	ble.n	1000189e <stdio_out_chars_crlf+0x3a>
10001896:	1a31      	subs	r1, r6, r0
10001898:	683b      	ldr	r3, [r7, #0]
1000189a:	1828      	adds	r0, r5, r0
1000189c:	4798      	blx	r3
1000189e:	19ad      	adds	r5, r5, r6
100018a0:	3d01      	subs	r5, #1
100018a2:	782b      	ldrb	r3, [r5, #0]
100018a4:	3b0d      	subs	r3, #13
100018a6:	425a      	negs	r2, r3
100018a8:	4153      	adcs	r3, r2
100018aa:	753b      	strb	r3, [r7, #20]
100018ac:	bdf8      	pop	{r3, r4, r5, r6, r7, pc}
100018ae:	7d03      	ldrb	r3, [r0, #20]
100018b0:	2b00      	cmp	r3, #0
100018b2:	d1e3      	bne.n	1000187c <stdio_out_chars_crlf+0x18>
100018b4:	2102      	movs	r1, #2
100018b6:	480e      	ldr	r0, [pc, #56]	@ (100018f0 <stdio_out_chars_crlf+0x8c>)
100018b8:	683b      	ldr	r3, [r7, #0]
100018ba:	4798      	blx	r3
100018bc:	2e01      	cmp	r6, #1
100018be:	d0ee      	beq.n	1000189e <stdio_out_chars_crlf+0x3a>
100018c0:	2001      	movs	r0, #1
100018c2:	e7de      	b.n	10001882 <stdio_out_chars_crlf+0x1e>
100018c4:	1e6b      	subs	r3, r5, #1
100018c6:	5c5b      	ldrb	r3, [r3, r1]
100018c8:	2b0d      	cmp	r3, #13
100018ca:	d0e0      	beq.n	1000188e <stdio_out_chars_crlf+0x2a>
100018cc:	4288      	cmp	r0, r1
100018ce:	da03      	bge.n	100018d8 <stdio_out_chars_crlf+0x74>
100018d0:	1a09      	subs	r1, r1, r0
100018d2:	683b      	ldr	r3, [r7, #0]
100018d4:	1828      	adds	r0, r5, r0
100018d6:	4798      	blx	r3
100018d8:	4805      	ldr	r0, [pc, #20]	@ (100018f0 <stdio_out_chars_crlf+0x8c>)
100018da:	2102      	movs	r1, #2
100018dc:	683b      	ldr	r3, [r7, #0]
100018de:	4798      	blx	r3
100018e0:	0020      	movs	r0, r4
100018e2:	e7d4      	b.n	1000188e <stdio_out_chars_crlf+0x2a>
100018e4:	6803      	ldr	r3, [r0, #0]
100018e6:	0011      	movs	r1, r2
100018e8:	0028      	movs	r0, r5
100018ea:	4798      	blx	r3
100018ec:	e7de      	b.n	100018ac <stdio_out_chars_crlf+0x48>
100018ee:	46c0      	nop			@ (mov r8, r8)
100018f0:	10001fe0 	.word	0x10001fe0

100018f4 <stdio_put_string>:
100018f4:	b5f0      	push	{r4, r5, r6, r7, lr}
100018f6:	4646      	mov	r6, r8
100018f8:	46d6      	mov	lr, sl
100018fa:	464f      	mov	r7, r9
100018fc:	b5c0      	push	{r6, r7, lr}
100018fe:	b082      	sub	sp, #8
10001900:	4690      	mov	r8, r2
10001902:	001c      	movs	r4, r3
10001904:	0006      	movs	r6, r0
10001906:	000d      	movs	r5, r1
10001908:	f7ff faca 	bl	10000ea0 <time_us_64>
1000190c:	2300      	movs	r3, #0
1000190e:	4a2f      	ldr	r2, [pc, #188]	@ (100019cc <stdio_put_string+0xd8>)
10001910:	1812      	adds	r2, r2, r0
10001912:	414b      	adcs	r3, r1
10001914:	2b00      	cmp	r3, #0
10001916:	da02      	bge.n	1000191e <stdio_put_string+0x2a>
10001918:	2201      	movs	r2, #1
1000191a:	4b2d      	ldr	r3, [pc, #180]	@ (100019d0 <stdio_put_string+0xdc>)
1000191c:	4252      	negs	r2, r2
1000191e:	492d      	ldr	r1, [pc, #180]	@ (100019d4 <stdio_put_string+0xe0>)
10001920:	0008      	movs	r0, r1
10001922:	468a      	mov	sl, r1
10001924:	f000 fa0c 	bl	10001d40 <__mutex_try_enter_block_until_veneer>
10001928:	4681      	mov	r9, r0
1000192a:	1c6b      	adds	r3, r5, #1
1000192c:	d103      	bne.n	10001936 <stdio_put_string+0x42>
1000192e:	0030      	movs	r0, r6
10001930:	f000 f9d4 	bl	10001cdc <strlen>
10001934:	0005      	movs	r5, r0
10001936:	2c00      	cmp	r4, #0
10001938:	d027      	beq.n	1000198a <stdio_put_string+0x96>
1000193a:	4f27      	ldr	r7, [pc, #156]	@ (100019d8 <stdio_put_string+0xe4>)
1000193c:	4b27      	ldr	r3, [pc, #156]	@ (100019dc <stdio_put_string+0xe8>)
1000193e:	681c      	ldr	r4, [r3, #0]
10001940:	2c00      	cmp	r4, #0
10001942:	d018      	beq.n	10001976 <stdio_put_string+0x82>
10001944:	4643      	mov	r3, r8
10001946:	2b00      	cmp	r3, #0
10001948:	d121      	bne.n	1000198e <stdio_put_string+0x9a>
1000194a:	4b25      	ldr	r3, [pc, #148]	@ (100019e0 <stdio_put_string+0xec>)
1000194c:	4698      	mov	r8, r3
1000194e:	e002      	b.n	10001956 <stdio_put_string+0x62>
10001950:	6924      	ldr	r4, [r4, #16]
10001952:	2c00      	cmp	r4, #0
10001954:	d00f      	beq.n	10001976 <stdio_put_string+0x82>
10001956:	6823      	ldr	r3, [r4, #0]
10001958:	2b00      	cmp	r3, #0
1000195a:	d0f9      	beq.n	10001950 <stdio_put_string+0x5c>
1000195c:	4643      	mov	r3, r8
1000195e:	681b      	ldr	r3, [r3, #0]
10001960:	2b00      	cmp	r3, #0
10001962:	d001      	beq.n	10001968 <stdio_put_string+0x74>
10001964:	429c      	cmp	r4, r3
10001966:	d1f3      	bne.n	10001950 <stdio_put_string+0x5c>
10001968:	0020      	movs	r0, r4
1000196a:	002a      	movs	r2, r5
1000196c:	0031      	movs	r1, r6
1000196e:	47b8      	blx	r7
10001970:	6924      	ldr	r4, [r4, #16]
10001972:	2c00      	cmp	r4, #0
10001974:	d1ef      	bne.n	10001956 <stdio_put_string+0x62>
10001976:	464b      	mov	r3, r9
10001978:	2b00      	cmp	r3, #0
1000197a:	d123      	bne.n	100019c4 <stdio_put_string+0xd0>
1000197c:	0028      	movs	r0, r5
1000197e:	b002      	add	sp, #8
10001980:	bce0      	pop	{r5, r6, r7}
10001982:	46ba      	mov	sl, r7
10001984:	46b1      	mov	r9, r6
10001986:	46a8      	mov	r8, r5
10001988:	bdf0      	pop	{r4, r5, r6, r7, pc}
1000198a:	4f16      	ldr	r7, [pc, #88]	@ (100019e4 <stdio_put_string+0xf0>)
1000198c:	e7d6      	b.n	1000193c <stdio_put_string+0x48>
1000198e:	4b14      	ldr	r3, [pc, #80]	@ (100019e0 <stdio_put_string+0xec>)
10001990:	4698      	mov	r8, r3
10001992:	e002      	b.n	1000199a <stdio_put_string+0xa6>
10001994:	6924      	ldr	r4, [r4, #16]
10001996:	2c00      	cmp	r4, #0
10001998:	d0ed      	beq.n	10001976 <stdio_put_string+0x82>
1000199a:	6823      	ldr	r3, [r4, #0]
1000199c:	2b00      	cmp	r3, #0
1000199e:	d0f9      	beq.n	10001994 <stdio_put_string+0xa0>
100019a0:	4643      	mov	r3, r8
100019a2:	681b      	ldr	r3, [r3, #0]
100019a4:	2b00      	cmp	r3, #0
100019a6:	d001      	beq.n	100019ac <stdio_put_string+0xb8>
100019a8:	42a3      	cmp	r3, r4
100019aa:	d1f3      	bne.n	10001994 <stdio_put_string+0xa0>
100019ac:	002a      	movs	r2, r5
100019ae:	0031      	movs	r1, r6
100019b0:	0020      	movs	r0, r4
100019b2:	47b8      	blx	r7
100019b4:	466b      	mov	r3, sp
100019b6:	220a      	movs	r2, #10
100019b8:	0020      	movs	r0, r4
100019ba:	71da      	strb	r2, [r3, #7]
100019bc:	1dd9      	adds	r1, r3, #7
100019be:	3a09      	subs	r2, #9
100019c0:	47b8      	blx	r7
100019c2:	e7e7      	b.n	10001994 <stdio_put_string+0xa0>
100019c4:	4650      	mov	r0, sl
100019c6:	f000 f9cb 	bl	10001d60 <__mutex_exit_veneer>
100019ca:	e7d7      	b.n	1000197c <stdio_put_string+0x88>
100019cc:	000f4240 	.word	0x000f4240
100019d0:	7fffffff 	.word	0x7fffffff
100019d4:	20000238 	.word	0x20000238
100019d8:	10001865 	.word	0x10001865
100019dc:	200005f4 	.word	0x200005f4
100019e0:	200005f8 	.word	0x200005f8
100019e4:	10001855 	.word	0x10001855

100019e8 <stdio_set_driver_enabled>:
100019e8:	4a0a      	ldr	r2, [pc, #40]	@ (10001a14 <stdio_set_driver_enabled+0x2c>)
100019ea:	6813      	ldr	r3, [r2, #0]
100019ec:	2b00      	cmp	r3, #0
100019ee:	d105      	bne.n	100019fc <stdio_set_driver_enabled+0x14>
100019f0:	e00c      	b.n	10001a0c <stdio_set_driver_enabled+0x24>
100019f2:	001a      	movs	r2, r3
100019f4:	691b      	ldr	r3, [r3, #16]
100019f6:	3210      	adds	r2, #16
100019f8:	2b00      	cmp	r3, #0
100019fa:	d007      	beq.n	10001a0c <stdio_set_driver_enabled+0x24>
100019fc:	4283      	cmp	r3, r0
100019fe:	d1f8      	bne.n	100019f2 <stdio_set_driver_enabled+0xa>
10001a00:	2900      	cmp	r1, #0
10001a02:	d102      	bne.n	10001a0a <stdio_set_driver_enabled+0x22>
10001a04:	6918      	ldr	r0, [r3, #16]
10001a06:	6010      	str	r0, [r2, #0]
10001a08:	6119      	str	r1, [r3, #16]
10001a0a:	4770      	bx	lr
10001a0c:	2900      	cmp	r1, #0
10001a0e:	d0fc      	beq.n	10001a0a <stdio_set_driver_enabled+0x22>
10001a10:	6010      	str	r0, [r2, #0]
10001a12:	e7fa      	b.n	10001a0a <stdio_set_driver_enabled+0x22>
10001a14:	200005f4 	.word	0x200005f4

10001a18 <stdio_init_all>:
10001a18:	b510      	push	{r4, lr}
10001a1a:	f000 f937 	bl	10001c8c <stdio_uart_init>
10001a1e:	2001      	movs	r0, #1
10001a20:	bd10      	pop	{r4, pc}
10001a22:	46c0      	nop			@ (mov r8, r8)

10001a24 <__wrap_putchar>:
10001a24:	b5f0      	push	{r4, r5, r6, r7, lr}
10001a26:	46ce      	mov	lr, r9
10001a28:	4647      	mov	r7, r8
10001a2a:	b580      	push	{r7, lr}
10001a2c:	b083      	sub	sp, #12
10001a2e:	466b      	mov	r3, sp
10001a30:	0006      	movs	r6, r0
10001a32:	1ddd      	adds	r5, r3, #7
10001a34:	7028      	strb	r0, [r5, #0]
10001a36:	f7ff fa33 	bl	10000ea0 <time_us_64>
10001a3a:	2300      	movs	r3, #0
10001a3c:	4a19      	ldr	r2, [pc, #100]	@ (10001aa4 <__wrap_putchar+0x80>)
10001a3e:	1812      	adds	r2, r2, r0
10001a40:	414b      	adcs	r3, r1
10001a42:	2b00      	cmp	r3, #0
10001a44:	da02      	bge.n	10001a4c <__wrap_putchar+0x28>
10001a46:	2201      	movs	r2, #1
10001a48:	4b17      	ldr	r3, [pc, #92]	@ (10001aa8 <__wrap_putchar+0x84>)
10001a4a:	4252      	negs	r2, r2
10001a4c:	4917      	ldr	r1, [pc, #92]	@ (10001aac <__wrap_putchar+0x88>)
10001a4e:	0008      	movs	r0, r1
10001a50:	4689      	mov	r9, r1
10001a52:	f000 f975 	bl	10001d40 <__mutex_try_enter_block_until_veneer>
10001a56:	4b16      	ldr	r3, [pc, #88]	@ (10001ab0 <__wrap_putchar+0x8c>)
10001a58:	4680      	mov	r8, r0
10001a5a:	681c      	ldr	r4, [r3, #0]
10001a5c:	2c00      	cmp	r4, #0
10001a5e:	d014      	beq.n	10001a8a <__wrap_putchar+0x66>
10001a60:	4f14      	ldr	r7, [pc, #80]	@ (10001ab4 <__wrap_putchar+0x90>)
10001a62:	e002      	b.n	10001a6a <__wrap_putchar+0x46>
10001a64:	6924      	ldr	r4, [r4, #16]
10001a66:	2c00      	cmp	r4, #0
10001a68:	d00f      	beq.n	10001a8a <__wrap_putchar+0x66>
10001a6a:	6823      	ldr	r3, [r4, #0]
10001a6c:	2b00      	cmp	r3, #0
10001a6e:	d0f9      	beq.n	10001a64 <__wrap_putchar+0x40>
10001a70:	683b      	ldr	r3, [r7, #0]
10001a72:	2b00      	cmp	r3, #0
10001a74:	d001      	beq.n	10001a7a <__wrap_putchar+0x56>
10001a76:	429c      	cmp	r4, r3
10001a78:	d1f4      	bne.n	10001a64 <__wrap_putchar+0x40>
10001a7a:	0020      	movs	r0, r4
10001a7c:	2201      	movs	r2, #1
10001a7e:	0029      	movs	r1, r5
10001a80:	f7ff fef0 	bl	10001864 <stdio_out_chars_crlf>
10001a84:	6924      	ldr	r4, [r4, #16]
10001a86:	2c00      	cmp	r4, #0
10001a88:	d1ef      	bne.n	10001a6a <__wrap_putchar+0x46>
10001a8a:	4643      	mov	r3, r8
10001a8c:	2b00      	cmp	r3, #0
10001a8e:	d105      	bne.n	10001a9c <__wrap_putchar+0x78>
10001a90:	0030      	movs	r0, r6
10001a92:	b003      	add	sp, #12
10001a94:	bcc0      	pop	{r6, r7}
10001a96:	46b9      	mov	r9, r7
10001a98:	46b0      	mov	r8, r6
10001a9a:	bdf0      	pop	{r4, r5, r6, r7, pc}
10001a9c:	4648      	mov	r0, r9
10001a9e:	f000 f95f 	bl	10001d60 <__mutex_exit_veneer>
10001aa2:	e7f5      	b.n	10001a90 <__wrap_putchar+0x6c>
10001aa4:	000f4240 	.word	0x000f4240
10001aa8:	7fffffff 	.word	0x7fffffff
10001aac:	20000238 	.word	0x20000238
10001ab0:	200005f4 	.word	0x200005f4
10001ab4:	200005f8 	.word	0x200005f8

10001ab8 <__wrap_puts>:
10001ab8:	b570      	push	{r4, r5, r6, lr}
10001aba:	0004      	movs	r4, r0
10001abc:	f000 f90e 	bl	10001cdc <strlen>
10001ac0:	2301      	movs	r3, #1
10001ac2:	0001      	movs	r1, r0
10001ac4:	0005      	movs	r5, r0
10001ac6:	2201      	movs	r2, #1
10001ac8:	0020      	movs	r0, r4
10001aca:	f7ff ff13 	bl	100018f4 <stdio_put_string>
10001ace:	4b08      	ldr	r3, [pc, #32]	@ (10001af0 <__wrap_puts+0x38>)
10001ad0:	681c      	ldr	r4, [r3, #0]
10001ad2:	2c00      	cmp	r4, #0
10001ad4:	d006      	beq.n	10001ae4 <__wrap_puts+0x2c>
10001ad6:	6863      	ldr	r3, [r4, #4]
10001ad8:	2b00      	cmp	r3, #0
10001ada:	d005      	beq.n	10001ae8 <__wrap_puts+0x30>
10001adc:	4798      	blx	r3
10001ade:	6924      	ldr	r4, [r4, #16]
10001ae0:	2c00      	cmp	r4, #0
10001ae2:	d1f8      	bne.n	10001ad6 <__wrap_puts+0x1e>
10001ae4:	0028      	movs	r0, r5
10001ae6:	bd70      	pop	{r4, r5, r6, pc}
10001ae8:	6924      	ldr	r4, [r4, #16]
10001aea:	2c00      	cmp	r4, #0
10001aec:	d1f3      	bne.n	10001ad6 <__wrap_puts+0x1e>
10001aee:	e7f9      	b.n	10001ae4 <__wrap_puts+0x2c>
10001af0:	200005f4 	.word	0x200005f4

10001af4 <stdio_uart_out_chars>:
10001af4:	b5f0      	push	{r4, r5, r6, r7, lr}
10001af6:	2900      	cmp	r1, #0
10001af8:	dd15      	ble.n	10001b26 <stdio_uart_out_chars+0x32>
10001afa:	4b0e      	ldr	r3, [pc, #56]	@ (10001b34 <stdio_uart_out_chars+0x40>)
10001afc:	270d      	movs	r7, #13
10001afe:	681a      	ldr	r2, [r3, #0]
10001b00:	4b0d      	ldr	r3, [pc, #52]	@ (10001b38 <stdio_uart_out_chars+0x44>)
10001b02:	4c0e      	ldr	r4, [pc, #56]	@ (10001b3c <stdio_uart_out_chars+0x48>)
10001b04:	18d3      	adds	r3, r2, r3
10001b06:	425d      	negs	r5, r3
10001b08:	416b      	adcs	r3, r5
10001b0a:	1845      	adds	r5, r0, r1
10001b0c:	2120      	movs	r1, #32
10001b0e:	005b      	lsls	r3, r3, #1
10001b10:	5f1e      	ldrsh	r6, [r3, r4]
10001b12:	7804      	ldrb	r4, [r0, #0]
10001b14:	42a6      	cmp	r6, r4
10001b16:	d007      	beq.n	10001b28 <stdio_uart_out_chars+0x34>
10001b18:	6993      	ldr	r3, [r2, #24]
10001b1a:	4219      	tst	r1, r3
10001b1c:	d1fc      	bne.n	10001b18 <stdio_uart_out_chars+0x24>
10001b1e:	3001      	adds	r0, #1
10001b20:	6014      	str	r4, [r2, #0]
10001b22:	42a8      	cmp	r0, r5
10001b24:	d1f5      	bne.n	10001b12 <stdio_uart_out_chars+0x1e>
10001b26:	bdf0      	pop	{r4, r5, r6, r7, pc}
10001b28:	6993      	ldr	r3, [r2, #24]
10001b2a:	4219      	tst	r1, r3
10001b2c:	d1fc      	bne.n	10001b28 <stdio_uart_out_chars+0x34>
10001b2e:	6017      	str	r7, [r2, #0]
10001b30:	e7f2      	b.n	10001b18 <stdio_uart_out_chars+0x24>
10001b32:	46c0      	nop			@ (mov r8, r8)
10001b34:	20000618 	.word	0x20000618
10001b38:	bffc8000 	.word	0xbffc8000
10001b3c:	20000614 	.word	0x20000614

10001b40 <stdio_uart_in_chars>:
10001b40:	4b1f      	ldr	r3, [pc, #124]	@ (10001bc0 <stdio_uart_in_chars+0x80>)
10001b42:	b530      	push	{r4, r5, lr}
10001b44:	681b      	ldr	r3, [r3, #0]
10001b46:	1e0d      	subs	r5, r1, #0
10001b48:	469c      	mov	ip, r3
10001b4a:	dd2a      	ble.n	10001ba2 <stdio_uart_in_chars+0x62>
10001b4c:	1e44      	subs	r4, r0, #1
10001b4e:	2110      	movs	r1, #16
10001b50:	2000      	movs	r0, #0
10001b52:	4b1c      	ldr	r3, [pc, #112]	@ (10001bc4 <stdio_uart_in_chars+0x84>)
10001b54:	681a      	ldr	r2, [r3, #0]
10001b56:	6993      	ldr	r3, [r2, #24]
10001b58:	4219      	tst	r1, r3
10001b5a:	d114      	bne.n	10001b86 <stdio_uart_in_chars+0x46>
10001b5c:	3001      	adds	r0, #1
10001b5e:	6993      	ldr	r3, [r2, #24]
10001b60:	4219      	tst	r1, r3
10001b62:	d1fc      	bne.n	10001b5e <stdio_uart_in_chars+0x1e>
10001b64:	6813      	ldr	r3, [r2, #0]
10001b66:	5423      	strb	r3, [r4, r0]
10001b68:	4285      	cmp	r5, r0
10001b6a:	d1f4      	bne.n	10001b56 <stdio_uart_in_chars+0x16>
10001b6c:	4663      	mov	r3, ip
10001b6e:	2b00      	cmp	r3, #0
10001b70:	d007      	beq.n	10001b82 <stdio_uart_in_chars+0x42>
10001b72:	2350      	movs	r3, #80	@ 0x50
10001b74:	6393      	str	r3, [r2, #56]	@ 0x38
10001b76:	6b51      	ldr	r1, [r2, #52]	@ 0x34
10001b78:	3b18      	subs	r3, #24
10001b7a:	400b      	ands	r3, r1
10001b7c:	4912      	ldr	r1, [pc, #72]	@ (10001bc8 <stdio_uart_in_chars+0x88>)
10001b7e:	1852      	adds	r2, r2, r1
10001b80:	6013      	str	r3, [r2, #0]
10001b82:	0028      	movs	r0, r5
10001b84:	bd30      	pop	{r4, r5, pc}
10001b86:	4663      	mov	r3, ip
10001b88:	2b00      	cmp	r3, #0
10001b8a:	d007      	beq.n	10001b9c <stdio_uart_in_chars+0x5c>
10001b8c:	2350      	movs	r3, #80	@ 0x50
10001b8e:	6393      	str	r3, [r2, #56]	@ 0x38
10001b90:	6b51      	ldr	r1, [r2, #52]	@ 0x34
10001b92:	3b18      	subs	r3, #24
10001b94:	400b      	ands	r3, r1
10001b96:	490c      	ldr	r1, [pc, #48]	@ (10001bc8 <stdio_uart_in_chars+0x88>)
10001b98:	1852      	adds	r2, r2, r1
10001b9a:	6013      	str	r3, [r2, #0]
10001b9c:	2800      	cmp	r0, #0
10001b9e:	d1f1      	bne.n	10001b84 <stdio_uart_in_chars+0x44>
10001ba0:	e00b      	b.n	10001bba <stdio_uart_in_chars+0x7a>
10001ba2:	2b00      	cmp	r3, #0
10001ba4:	d009      	beq.n	10001bba <stdio_uart_in_chars+0x7a>
10001ba6:	2250      	movs	r2, #80	@ 0x50
10001ba8:	4b06      	ldr	r3, [pc, #24]	@ (10001bc4 <stdio_uart_in_chars+0x84>)
10001baa:	681b      	ldr	r3, [r3, #0]
10001bac:	639a      	str	r2, [r3, #56]	@ 0x38
10001bae:	6b59      	ldr	r1, [r3, #52]	@ 0x34
10001bb0:	3a18      	subs	r2, #24
10001bb2:	400a      	ands	r2, r1
10001bb4:	4904      	ldr	r1, [pc, #16]	@ (10001bc8 <stdio_uart_in_chars+0x88>)
10001bb6:	185b      	adds	r3, r3, r1
10001bb8:	601a      	str	r2, [r3, #0]
10001bba:	2003      	movs	r0, #3
10001bbc:	4240      	negs	r0, r0
10001bbe:	e7e1      	b.n	10001b84 <stdio_uart_in_chars+0x44>
10001bc0:	200005c0 	.word	0x200005c0
10001bc4:	20000618 	.word	0x20000618
10001bc8:	00001034 	.word	0x00001034

10001bcc <on_uart_rx>:
10001bcc:	4b06      	ldr	r3, [pc, #24]	@ (10001be8 <on_uart_rx+0x1c>)
10001bce:	b510      	push	{r4, lr}
10001bd0:	681b      	ldr	r3, [r3, #0]
10001bd2:	2b00      	cmp	r3, #0
10001bd4:	d006      	beq.n	10001be4 <on_uart_rx+0x18>
10001bd6:	2100      	movs	r1, #0
10001bd8:	4a04      	ldr	r2, [pc, #16]	@ (10001bec <on_uart_rx+0x20>)
10001bda:	6812      	ldr	r2, [r2, #0]
10001bdc:	6391      	str	r1, [r2, #56]	@ 0x38
10001bde:	4a04      	ldr	r2, [pc, #16]	@ (10001bf0 <on_uart_rx+0x24>)
10001be0:	6810      	ldr	r0, [r2, #0]
10001be2:	4798      	blx	r3
10001be4:	bd10      	pop	{r4, pc}
10001be6:	46c0      	nop			@ (mov r8, r8)
10001be8:	200005c0 	.word	0x200005c0
10001bec:	20000618 	.word	0x20000618
10001bf0:	200005c4 	.word	0x200005c4

10001bf4 <stdio_uart_out_flush>:
10001bf4:	2208      	movs	r2, #8
10001bf6:	4b03      	ldr	r3, [pc, #12]	@ (10001c04 <stdio_uart_out_flush+0x10>)
10001bf8:	6819      	ldr	r1, [r3, #0]
10001bfa:	698b      	ldr	r3, [r1, #24]
10001bfc:	421a      	tst	r2, r3
10001bfe:	d1fc      	bne.n	10001bfa <stdio_uart_out_flush+0x6>
10001c00:	4770      	bx	lr
10001c02:	46c0      	nop			@ (mov r8, r8)
10001c04:	20000618 	.word	0x20000618

10001c08 <stdio_uart_set_chars_available_callback>:
10001c08:	b570      	push	{r4, r5, r6, lr}
10001c0a:	4e1a      	ldr	r6, [pc, #104]	@ (10001c74 <stdio_uart_set_chars_available_callback+0x6c>)
10001c0c:	4b1a      	ldr	r3, [pc, #104]	@ (10001c78 <stdio_uart_set_chars_available_callback+0x70>)
10001c0e:	6832      	ldr	r2, [r6, #0]
10001c10:	0004      	movs	r4, r0
10001c12:	18d3      	adds	r3, r2, r3
10001c14:	4258      	negs	r0, r3
10001c16:	4143      	adcs	r3, r0
10001c18:	4d18      	ldr	r5, [pc, #96]	@ (10001c7c <stdio_uart_set_chars_available_callback+0x74>)
10001c1a:	3314      	adds	r3, #20
10001c1c:	0018      	movs	r0, r3
10001c1e:	682b      	ldr	r3, [r5, #0]
10001c20:	2c00      	cmp	r4, #0
10001c22:	d002      	beq.n	10001c2a <stdio_uart_set_chars_available_callback+0x22>
10001c24:	2b00      	cmp	r3, #0
10001c26:	d00f      	beq.n	10001c48 <stdio_uart_set_chars_available_callback+0x40>
10001c28:	bd70      	pop	{r4, r5, r6, pc}
10001c2a:	2b00      	cmp	r3, #0
10001c2c:	d0fc      	beq.n	10001c28 <stdio_uart_set_chars_available_callback+0x20>
10001c2e:	0006      	movs	r6, r0
10001c30:	2100      	movs	r1, #0
10001c32:	6394      	str	r4, [r2, #56]	@ 0x38
10001c34:	f7fe fbf4 	bl	10000420 <irq_set_enabled>
10001c38:	0030      	movs	r0, r6
10001c3a:	4911      	ldr	r1, [pc, #68]	@ (10001c80 <stdio_uart_set_chars_available_callback+0x78>)
10001c3c:	f7fe fc2c 	bl	10000498 <irq_remove_handler>
10001c40:	4b10      	ldr	r3, [pc, #64]	@ (10001c84 <stdio_uart_set_chars_available_callback+0x7c>)
10001c42:	602c      	str	r4, [r5, #0]
10001c44:	601c      	str	r4, [r3, #0]
10001c46:	e7ef      	b.n	10001c28 <stdio_uart_set_chars_available_callback+0x20>
10001c48:	602c      	str	r4, [r5, #0]
10001c4a:	0004      	movs	r4, r0
10001c4c:	4b0d      	ldr	r3, [pc, #52]	@ (10001c84 <stdio_uart_set_chars_available_callback+0x7c>)
10001c4e:	6019      	str	r1, [r3, #0]
10001c50:	490b      	ldr	r1, [pc, #44]	@ (10001c80 <stdio_uart_set_chars_available_callback+0x78>)
10001c52:	f7fe fbf7 	bl	10000444 <irq_set_exclusive_handler>
10001c56:	2101      	movs	r1, #1
10001c58:	0020      	movs	r0, r4
10001c5a:	f7fe fbe1 	bl	10000420 <irq_set_enabled>
10001c5e:	2250      	movs	r2, #80	@ 0x50
10001c60:	6833      	ldr	r3, [r6, #0]
10001c62:	639a      	str	r2, [r3, #56]	@ 0x38
10001c64:	6b59      	ldr	r1, [r3, #52]	@ 0x34
10001c66:	3a18      	subs	r2, #24
10001c68:	400a      	ands	r2, r1
10001c6a:	4907      	ldr	r1, [pc, #28]	@ (10001c88 <stdio_uart_set_chars_available_callback+0x80>)
10001c6c:	185b      	adds	r3, r3, r1
10001c6e:	601a      	str	r2, [r3, #0]
10001c70:	e7da      	b.n	10001c28 <stdio_uart_set_chars_available_callback+0x20>
10001c72:	46c0      	nop			@ (mov r8, r8)
10001c74:	20000618 	.word	0x20000618
10001c78:	bffc8000 	.word	0xbffc8000
10001c7c:	200005c0 	.word	0x200005c0
10001c80:	10001bcd 	.word	0x10001bcd
10001c84:	200005c4 	.word	0x200005c4
10001c88:	00001034 	.word	0x00001034

10001c8c <stdio_uart_init>:
10001c8c:	4b0d      	ldr	r3, [pc, #52]	@ (10001cc4 <stdio_uart_init+0x38>)
10001c8e:	b510      	push	{r4, lr}
10001c90:	781b      	ldrb	r3, [r3, #0]
10001c92:	4b0d      	ldr	r3, [pc, #52]	@ (10001cc8 <stdio_uart_init+0x3c>)
10001c94:	4c0d      	ldr	r4, [pc, #52]	@ (10001ccc <stdio_uart_init+0x40>)
10001c96:	781b      	ldrb	r3, [r3, #0]
10001c98:	4b0d      	ldr	r3, [pc, #52]	@ (10001cd0 <stdio_uart_init+0x44>)
10001c9a:	2102      	movs	r1, #2
10001c9c:	781b      	ldrb	r3, [r3, #0]
10001c9e:	4b0d      	ldr	r3, [pc, #52]	@ (10001cd4 <stdio_uart_init+0x48>)
10001ca0:	2000      	movs	r0, #0
10001ca2:	6023      	str	r3, [r4, #0]
10001ca4:	f7fe fb26 	bl	100002f4 <gpio_set_function>
10001ca8:	2102      	movs	r1, #2
10001caa:	2001      	movs	r0, #1
10001cac:	f7fe fb22 	bl	100002f4 <gpio_set_function>
10001cb0:	21e1      	movs	r1, #225	@ 0xe1
10001cb2:	6820      	ldr	r0, [r4, #0]
10001cb4:	0249      	lsls	r1, r1, #9
10001cb6:	f7ff f943 	bl	10000f40 <uart_init>
10001cba:	2101      	movs	r1, #1
10001cbc:	4806      	ldr	r0, [pc, #24]	@ (10001cd8 <stdio_uart_init+0x4c>)
10001cbe:	f7ff fe93 	bl	100019e8 <stdio_set_driver_enabled>
10001cc2:	bd10      	pop	{r4, pc}
10001cc4:	10002024 	.word	0x10002024
10001cc8:	10002020 	.word	0x10002020
10001ccc:	20000618 	.word	0x20000618
10001cd0:	1000201c 	.word	0x1000201c
10001cd4:	40034000 	.word	0x40034000
10001cd8:	20000220 	.word	0x20000220

10001cdc <strlen>:
10001cdc:	0003      	movs	r3, r0
10001cde:	4684      	mov	ip, r0
10001ce0:	079b      	lsls	r3, r3, #30
10001ce2:	d00b      	beq.n	10001cfc <strlen+0x20>
10001ce4:	0003      	movs	r3, r0
10001ce6:	2103      	movs	r1, #3
10001ce8:	e002      	b.n	10001cf0 <strlen+0x14>
10001cea:	3301      	adds	r3, #1
10001cec:	420b      	tst	r3, r1
10001cee:	d006      	beq.n	10001cfe <strlen+0x22>
10001cf0:	781a      	ldrb	r2, [r3, #0]
10001cf2:	2a00      	cmp	r2, #0
10001cf4:	d1f9      	bne.n	10001cea <strlen+0xe>
10001cf6:	4662      	mov	r2, ip
10001cf8:	1a98      	subs	r0, r3, r2
10001cfa:	4770      	bx	lr
10001cfc:	0003      	movs	r3, r0
10001cfe:	6819      	ldr	r1, [r3, #0]
10001d00:	4a0c      	ldr	r2, [pc, #48]	@ (10001d34 <strlen+0x58>)
10001d02:	480d      	ldr	r0, [pc, #52]	@ (10001d38 <strlen+0x5c>)
10001d04:	188a      	adds	r2, r1, r2
10001d06:	438a      	bics	r2, r1
10001d08:	4202      	tst	r2, r0
10001d0a:	d10f      	bne.n	10001d2c <strlen+0x50>
10001d0c:	6859      	ldr	r1, [r3, #4]
10001d0e:	4a09      	ldr	r2, [pc, #36]	@ (10001d34 <strlen+0x58>)
10001d10:	3304      	adds	r3, #4
10001d12:	188a      	adds	r2, r1, r2
10001d14:	438a      	bics	r2, r1
10001d16:	4202      	tst	r2, r0
10001d18:	d108      	bne.n	10001d2c <strlen+0x50>
10001d1a:	6859      	ldr	r1, [r3, #4]
10001d1c:	4a05      	ldr	r2, [pc, #20]	@ (10001d34 <strlen+0x58>)
10001d1e:	3304      	adds	r3, #4
10001d20:	188a      	adds	r2, r1, r2
10001d22:	438a      	bics	r2, r1
10001d24:	4202      	tst	r2, r0
10001d26:	d0f1      	beq.n	10001d0c <strlen+0x30>
10001d28:	e000      	b.n	10001d2c <strlen+0x50>
10001d2a:	3301      	adds	r3, #1
10001d2c:	781a      	ldrb	r2, [r3, #0]
10001d2e:	2a00      	cmp	r2, #0
10001d30:	d1fb      	bne.n	10001d2a <strlen+0x4e>
10001d32:	e7e0      	b.n	10001cf6 <strlen+0x1a>
10001d34:	fefefeff 	.word	0xfefefeff
10001d38:	80808080 	.word	0x80808080
10001d3c:	00000000 	.word	0x00000000

10001d40 <__mutex_try_enter_block_until_veneer>:
10001d40:	b401      	push	{r0}
10001d42:	4802      	ldr	r0, [pc, #8]	@ (10001d4c <__mutex_try_enter_block_until_veneer+0xc>)
10001d44:	4684      	mov	ip, r0
10001d46:	bc01      	pop	{r0}
10001d48:	4760      	bx	ip
10001d4a:	bf00      	nop
10001d4c:	200000c1 	.word	0x200000c1

10001d50 <____aeabi_idiv0_veneer>:
10001d50:	b401      	push	{r0}
10001d52:	4802      	ldr	r0, [pc, #8]	@ (10001d5c <____aeabi_idiv0_veneer+0xc>)
10001d54:	4684      	mov	ip, r0
10001d56:	bc01      	pop	{r0}
10001d58:	4760      	bx	ip
10001d5a:	bf00      	nop
10001d5c:	20000181 	.word	0x20000181

10001d60 <__mutex_exit_veneer>:
10001d60:	b401      	push	{r0}
10001d62:	4802      	ldr	r0, [pc, #8]	@ (10001d6c <__mutex_exit_veneer+0xc>)
10001d64:	4684      	mov	ip, r0
10001d66:	bc01      	pop	{r0}
10001d68:	4760      	bx	ip
10001d6a:	bf00      	nop
10001d6c:	20000159 	.word	0x20000159

10001d70 <__pre_init_runtime_init_early_resets>:
10001d70:	100013b9                                ....

10001d74 <__pre_init_runtime_init_usb_power_down>:
10001d74:	100013e5 100015c9 100017bd 10001625     ............%...
10001d84:	10001729                                )...

10001d88 <__pre_init_runtime_init_clocks>:
10001d88:	100014f1                                ....

10001d8c <__pre_init_runtime_init_post_clock_resets>:
10001d8c:	10001401                                ....

10001d90 <__pre_init_runtime_init_rp2040_gpio_ie_disable>:
10001d90:	10001421                                !...

10001d94 <__pre_init_runtime_init_spin_locks_reset>:
10001d94:	10001435                                5...

10001d98 <__pre_init_runtime_init_mutex>:
10001d98:	10000719                                ....

10001d9c <__pre_init_runtime_init_install_ram_vector_table>:
10001d9c:	1000143d                                =...

10001da0 <__pre_init_runtime_init_default_alarm_pool>:
10001da0:	10000a99                                ....

10001da4 <__pre_init_first_per_core_initializer>:
10001da4:	10001381                                ....

10001da8 <__pre_init_runtime_init_per_core_irq_priorities>:
10001da8:	100003d9                                ....

Disassembly of section .data:

200000c0 <mutex_try_enter_block_until>:
200000c0:	b5f0      	push	{r4, r5, r6, r7, lr}
200000c2:	46c6      	mov	lr, r8
200000c4:	0016      	movs	r6, r2
200000c6:	b500      	push	{lr}
200000c8:	0004      	movs	r4, r0
200000ca:	001f      	movs	r7, r3
200000cc:	6802      	ldr	r2, [r0, #0]
200000ce:	f3ef 8110 	mrs	r1, PRIMASK
200000d2:	b672      	cpsid	i
200000d4:	6813      	ldr	r3, [r2, #0]
200000d6:	2b00      	cmp	r3, #0
200000d8:	d0fc      	beq.n	200000d4 <mutex_try_enter_block_until+0x14>
200000da:	f3bf 8f5f 	dmb	sy
200000de:	2304      	movs	r3, #4
200000e0:	56e3      	ldrsb	r3, [r4, r3]
200000e2:	6822      	ldr	r2, [r4, #0]
200000e4:	2b00      	cmp	r3, #0
200000e6:	db2b      	blt.n	20000140 <mutex_try_enter_block_until+0x80>
200000e8:	f3bf 8f5f 	dmb	sy
200000ec:	2000      	movs	r0, #0
200000ee:	6010      	str	r0, [r2, #0]
200000f0:	f381 8810 	msr	PRIMASK, r1
200000f4:	22d0      	movs	r2, #208	@ 0xd0
200000f6:	0612      	lsls	r2, r2, #24
200000f8:	7812      	ldrb	r2, [r2, #0]
200000fa:	2500      	movs	r5, #0
200000fc:	b252      	sxtb	r2, r2
200000fe:	4690      	mov	r8, r2
20000100:	429a      	cmp	r2, r3
20000102:	d10e      	bne.n	20000122 <mutex_try_enter_block_until+0x62>
20000104:	2000      	movs	r0, #0
20000106:	bc80      	pop	{r7}
20000108:	46b8      	mov	r8, r7
2000010a:	bdf0      	pop	{r4, r5, r6, r7, pc}
2000010c:	f3bf 8f5f 	dmb	sy
20000110:	6015      	str	r5, [r2, #0]
20000112:	f381 8810 	msr	PRIMASK, r1
20000116:	0030      	movs	r0, r6
20000118:	0039      	movs	r1, r7
2000011a:	f000 f835 	bl	20000188 <__best_effort_wfe_or_timeout_veneer>
2000011e:	2800      	cmp	r0, #0
20000120:	d1f0      	bne.n	20000104 <mutex_try_enter_block_until+0x44>
20000122:	6822      	ldr	r2, [r4, #0]
20000124:	f3ef 8110 	mrs	r1, PRIMASK
20000128:	b672      	cpsid	i
2000012a:	6813      	ldr	r3, [r2, #0]
2000012c:	2b00      	cmp	r3, #0
2000012e:	d0fc      	beq.n	2000012a <mutex_try_enter_block_until+0x6a>
20000130:	f3bf 8f5f 	dmb	sy
20000134:	7923      	ldrb	r3, [r4, #4]
20000136:	6822      	ldr	r2, [r4, #0]
20000138:	2b7f      	cmp	r3, #127	@ 0x7f
2000013a:	d9e7      	bls.n	2000010c <mutex_try_enter_block_until+0x4c>
2000013c:	4643      	mov	r3, r8
2000013e:	e002      	b.n	20000146 <mutex_try_enter_block_until+0x86>
20000140:	23d0      	movs	r3, #208	@ 0xd0
20000142:	061b      	lsls	r3, r3, #24
20000144:	681b      	ldr	r3, [r3, #0]
20000146:	7123      	strb	r3, [r4, #4]
20000148:	f3bf 8f5f 	dmb	sy
2000014c:	2300      	movs	r3, #0
2000014e:	6013      	str	r3, [r2, #0]
20000150:	f381 8810 	msr	PRIMASK, r1
20000154:	2001      	movs	r0, #1
20000156:	e7d6      	b.n	20000106 <mutex_try_enter_block_until+0x46>

20000158 <mutex_exit>:
20000158:	6802      	ldr	r2, [r0, #0]
2000015a:	f3ef 8110 	mrs	r1, PRIMASK
2000015e:	b672      	cpsid	i
20000160:	6813      	ldr	r3, [r2, #0]
20000162:	2b00      	cmp	r3, #0
20000164:	d0fc      	beq.n	20000160 <mutex_exit+0x8>
20000166:	f3bf 8f5f 	dmb	sy
2000016a:	23ff      	movs	r3, #255	@ 0xff
2000016c:	7103      	strb	r3, [r0, #4]
2000016e:	6803      	ldr	r3, [r0, #0]
20000170:	f3bf 8f5f 	dmb	sy
20000174:	2200      	movs	r2, #0
20000176:	601a      	str	r2, [r3, #0]
20000178:	f381 8810 	msr	PRIMASK, r1
2000017c:	bf40      	sev
2000017e:	4770      	bx	lr

20000180 <__aeabi_idiv0>:
20000180:	4770      	bx	lr
20000182:	46c0      	nop			@ (mov r8, r8)
20000184:	0000      	movs	r0, r0
	...

20000188 <__best_effort_wfe_or_timeout_veneer>:
20000188:	b401      	push	{r0}
2000018a:	4802      	ldr	r0, [pc, #8]	@ (20000194 <__best_effort_wfe_or_timeout_veneer+0xc>)
2000018c:	4684      	mov	ip, r0
2000018e:	bc01      	pop	{r0}
20000190:	4760      	bx	ip
20000192:	bf00      	nop
20000194:	10000d5d 	.word	0x10000d5d

20000198 <striped_spin_lock_num>:
20000198:	00000010                                ....

2000019c <irq_handler_chain_slots>:
2000019c:	00000000 	.word	0x00000000
200001a0:	00010000 	.word	0x00010000
	...
200001ac:	00020000 	.word	0x00020000
	...
200001b8:	00030000 	.word	0x00030000
	...
200001c4:	00ff0000 	.word	0x00ff0000
200001c8:	00000000 	.word	0x00000000

200001cc <irq_handler_chain_first_slot>:
200001cc:	b501      	push	{r0, lr}
200001ce:	6848      	ldr	r0, [r1, #4]
200001d0:	3101      	adds	r1, #1
200001d2:	468e      	mov	lr, r1
200001d4:	4700      	bx	r0

200001d6 <irq_handler_chain_remove_tail>:
200001d6:	4670      	mov	r0, lr
200001d8:	3809      	subs	r0, #9
200001da:	4901      	ldr	r1, [pc, #4]	@ (200001e0 <irq_handler_chain_remove_tail+0xa>)
200001dc:	4788      	blx	r1
200001de:	bd01      	pop	{r0, pc}
200001e0:	10000655 	.word	0x10000655

200001e4 <default_alarm_pool>:
	...
200001f8:	20000240 00000000                       @.. ....

20000200 <aeabi_bits_funcs>:
20000200:	00003350 	.word	0x00003350
20000204:	0000334c 	.word	0x0000334c
20000208:	00003354 	.word	0x00003354
2000020c:	00003352 	.word	0x00003352

20000210 <aeabi_bits_funcs_end>:
20000210:	0000534d 	.word	0x0000534d
20000214:	0000434d 	.word	0x0000434d
20000218:	00003453 	.word	0x00003453
2000021c:	00003443 	.word	0x00003443

20000220 <stdio_uart>:
20000220:	10001af5 10001bf5 10001b41 10001c09     ........A.......
20000230:	00000000 00000100                       ........

20000238 <print_mutex>:
	...
