:020000041000EA
:10000000002008205D0100101B0100101D010010E0
:100010001101001011010010110100101101001058
:100020001901001019010010190100101F01001022
:10003000110100101901001021010010230100100E
:100040001101001011010010110100101101001028
:100050001101001011010010110100101101001018
:100060001101001011010010110100101101001008
:1000700011010010110100101101001011010010F8
:1000800011010010110100101101001011010010E8
:1000900011010010110100101101001011010010D8
:1000A00011010010110100101101001011010010C8
:1000B00011010010110100101101001011010010B8
:1000C00011010010110100101101001011010010A8
:1000D0001101001011010010110100101101001098
:1000E0001101001011010010110100101101001088
:1000F0001101001011010010110100101101001078
:100100001101001011010010110100101101001067
:10011000EFF30580103800BE00BE00BE00BE00BE7A
:1001200000BE00BEF2EB88713C4D0110684D01101D
:10013000A001001090A31AE7D3DEFFFF42012110B7
:10014000FF010000F05A0100793512AB4FF00000BA
:100150001E49086006C881F3088810474FF05040D8
:10016000006810B14FF00000F2E70DA40ECC00299A
:1001700002D000F012F8F9E71549164A002000E015
:1001800001C19142FCD11449884714498847144958
:10019000884700BEFDE701C901C29A42FBD3704700
:1001A000684D011010010020D00F0020285C0110C4
:1001B0000000082000000820285C01100010082022
:1001C00000100820000000007047000008ED00E06B
:1001D000D00F0020E455032069780010750200104C
:1001E0002D780010F8B500BF0348044B834202D0BD
:1001F000034B03B118477047D00F0020D00F0020E9
:1002000000000000064B0749C91A891048BF013198
:10021000491003D0044B0BB101481847704700BF89
:10022000D00F0020D00F00200000000010B5064CB9
:10023000237843B9FFF7D8FF044B13B10448AFF359
:1002400000800123237010BD781100200000000001
:100250006439011008B5044B1BB104490448AFF3DD
:100260000080BDE80840CDE7000000007C110020C0
:10027000643901102DE9F04F8FB0BC480CAB0BAACC
:100280000AA905F059FB099018B9B849B84804F013
:1002900027F8DDE90B120A9805F08CFAB54B01221C
:1002A00000930021062005F09FF94FF4E131B24898
:1002B00005F018F90221002003F0D0FF02210120EF
:1002C00003F0CCFF012300224FF4E131AA4807F0EC
:1002D000D7FDC82004F00EFFA849A94807F0F2FC9A
:1002E000A84B40F2D241A84AA84807F0EBFC02F024
:1002F00091FC3C220021A6480EF01EFB04F09EF863
:10030000202203460821A24805F060F84FF440324D
:10031000A049A14802F006FC9F4800F053FE9F4808
:1003200007F022FE00F060FB9D4807F049FC04F056
:10033000FFFF4FF0FF346FF000429A4E4FF000097C
:10034000861941F10007B44272EB07033CBF264611
:100350001746B0468E4CDFF870B2DFF870A200F09E
:100360004FFB00F0B1FB012805467AD0B9F1000F30
:1003700006D000F087FE002840F09A80DDF8249037
:1003800000F0A2FB10B9814684F8250080480CA932
:1003900005F068F8054660B19DF83030F02B00F0AC
:1003A000D280F12B00F0C78000F08EFB022800F015
:1003B0000F8100F089FB022800F0A580012002F0E7
:1003C0003DFCDAF824309F42C9D8DAF828204245AB
:1003D00001D29F42C3D004F0ABFF4FF0FF326FF069
:1003E0000043704D10EB050841F10007424573EBE7
:1003F00007013CBF90461F4600F0A8FE06466A492A
:10040000226B0968DBF80050684B551B711A059286
:10041000A3FB0525A3FB01312A0B090B5E480892BB
:10042000079102F08BFB256A069000F095FEDDE94E
:100430000712CDE901504FF44030009094F82400A9
:10044000069B03905A4807F03DFC5749059A0E60F9
:10045000CBF8002000F0D4FA00F036FB0128054666
:1004600084D1544807F0ACFB01F09AFC064620B951
:1004700001F02CF9002840F0C6804F4807F0A0FB9F
:1004800000230120A362E36284F8253000F02AFBF8
:1004900094F82430002B3FF469AF02F095F800F097
:1004A000EFFD00F095FD00F0EDFD00283FF466AF94
:1004B00000F00AFB02287FF461AF404B1B78002B51
:1004C00000F0C680DAF824303D49D1E900129A42A2
:1004D0003FF654AFDAF82800884202D29A423FF43D
:1004E0004DAF0023354A3748137007F069FB00F021
:1004F000CFFD02F069F800F0C3FD274802F01AFBB7
:1005000000F066FD3AE794F8253083B194F8263080
:100510004BB194F8273033B1B9F1000F6FD00420FC
:1005200002F08CFB4DE7022002F088FB49E7052032
:1005300002F084FB45E700F0ABFD174802F0FAFA41
:100540004FF0000935E700F0BFFA02287FF431AF21
:1005500000F09EFD02F038F800F092FD0E4802F027
:10056000E9FAA94600F034FD23E700BFF049020094
:10057000F039011080D1F0080000074068390110FF
:100580007039011090D003008014F840A039011098
:10059000682403206824002078240320A12600106A
:1005A000C4390110404B4C00AC440320CDCCCCCC22
:1005B000743C0110243A01106C3A0110D555032007
:1005C00068110020AC3A0110A844032000000B4041
:1005D00094F82530002B3FF4ECAE00F061FD9DF85F
:1005E00030100D9D4B1E0D2B00F2C180DFE803F093
:1005F000515961697179858D959DA5AEB7470320E5
:1006000002F01CFBDDE65C4801F09EF95B4800F05F
:10061000C9FF304601F004F8284601F03DF94FF4D7
:10062000F87001F07FF801F051F803463046A362FC
:1006300001F064F8E062284684F8255000F052FA90
:1006400001F04AF8E26A01464D4807F03BFB1FE71C
:1006500004F06EFE4B4B4FF0FF32C0186FF00043BA
:1006600041F10001824273EB01053CBF104619467F
:10067000454B464AC3E90001012313707EE6294633
:10068000434807F01FFB284601F054FF00F016FD19
:100690008FE629463F4807F015FB284600F082FF09
:1006A000F4E729463C4807F00DFB284601F04CF9D9
:1006B000ECE72946394807F005FB284601F0ECF83D
:1006C000E4E72946364807F0FDFA284601F02AF803
:1006D000DCE72946334807F0F5FA284600F0A0FF8A
:1006E000D4E72E0C2DB231462A462F4807F0EAFAFD
:1006F0002946304601F0CEF8C8E729462B4807F0D6
:10070000E1FA284601F0F8F9C0E72946284807F041
:10071000D9FA284601F038FAB8E72946254807F003
:10072000D1FA284601F078FAB0E72946224807F0C6
:10073000C9FA284601F09EFEA8E729461F4807F09F
:10074000C1FA0021284601F0A3FE9FE729461C4874
:1007500007F0B8FA2946002001F09AFE96E72946EC
:10076000184807F0AFFA284601F034F88EE716482B
:1007700007F0A8FA8AE700BF90D003008014F84081
:10078000443A011020A1070068110020D55503202C
:100790003C3C0110D03A0110E43A0110003B01103A
:1007A0001C3B0110303B0110503B0110703B01100D
:1007B0008C3B0110A43B0110C43B0110E43B011031
:1007C000FC3B0110183C0110543C0110012210B4F4
:1007D000064C90F803C00649064B406884F800C0F8
:1007E0005DF8044B08601A70704700BFD7550320AE
:1007F000F0440320D65503202DE9F04104F098FD84
:100800004FF0FF356FF000421D4FC71941F1000452
:10081000BD4272EB040338BF2F461A4D38BF144651
:100820002B7853B1184EDFF87480736A9C4208D855
:10083000B26ABA4201D29C4203D02B787BB9BDE8A0
:10084000F08198F80030002BF7D00021084609F01D
:1008500003FA2B78002BE8D12B78002BEFD00B4834
:1008600007F0AEF90A4A0B4B1178187808F07CFFB4
:100870000023094A2B70136801331360BDE8F0812F
:10088000400D0300DF55032000000B40CC3C01105D
:10089000D9550320D8550320F4440320DC55032008
:1008A000002330B53E4D87B02B70C378FBB93D496E
:1008B000426804460B606AB93B4B1B7843B13B4B23
:1008C0001B7803F0FF021BB9394B1B78002B44D176
:1008D00007B030BD374B18680028EDD0364902F01C
:1008E00035F9364A616813680B441360E4E734480D
:1008F0002C4A0168022B01F101010160116801F12C
:100900000101116027D01368132B0CD92D491268EF
:100910002D4807F0D7F90020012223492B4B0870FE
:100920001A7007B030BD04F003FD4FF0FF346FF0D4
:10093000004210F5FA6041F10001844272EB0105BA
:100940003CBF204611460124214B224AC3E9000145
:10095000147007B030BD2049D9E74FF480531F49C8
:100960001F4809780078CDF80620CDF81220CDF880
:100970000220ADF816208DF800101A4A0E498DF8A5
:100980000100684603910492029308F07DFE10B1C5
:1009900001232B709CE70A4A13680133136097E721
:1009A000DF550320EC440320DD550320DE550320F2
:1009B000DC550320784503207C450320E8440320D0
:1009C000F4440320043D01100C3D0110DA550320CE
:1009D00070110020DB550320FC3C0110D85503208A
:1009E000D9550320A1080010022300B583B001A946
:1009F0000020ADF8043008F0BDFD03B05DF804FB45
:100A000010B500214FF0FF3086B009F025F9224BD8
:100A10001A78002A36D0214A21495468486A126857
:100A200084422FD8896A91422ED300211D4A197021
:100A300013783BB31C4B1B7823BB1C4C237803F06F
:100A4000FF02FBB91A4B1B78E3B14FF480531949ED
:100A5000194809780078CDF80620CDF81220CDF895
:100A60000220ADF816208DF80010144A14498DF8B4
:100A70000100684603910492029308F005FE30B12C
:100A80000123237006B010BD8442CED1FAE70D4A8F
:100A9000136801331360F5E7DB5503207011002064
:100AA00000000B40DD550320DE550320DF550320F9
:100AB000DC550320D8550320D9550320A108001088
:100AC0007C450320F4440320014B1878704700BF95
:100AD000DC55032000487047F84403200048704765
:100AE00038450320034B1A7812B10130C0B2187098
:100AF000704700BFDC550320F0B50546734C744EBB
:100B000085B02246314608F007FD284627883688FA
:100B100008F022FD6F4C704B3246002808BF1C467F
:100B200000946E4C3B4629466D4807F0CBF84FF4D5
:100B3000807322460021284609F000FC002840F07E
:100B4000A980628804F10A03B2F5807F94BFA118DE
:100B500004F58071994288BF04F1090205D893E039
:100B60001A44531C994240F28F801378012B40F2B3
:100B70008B805478052CF3D1D47804F00304022C34
:100B8000EED19078C009EBD093881068ADF80C30A6
:100B9000BDF80C109279C1F30A014B1E3F2B029055
:100BA0008DF80E2000F28280284602A909F09EFBF3
:100BB000002875D09DF80A204A4F4B4C4B4B002122
:100BC0002270384680221D700DF0B6FE802340F260
:100BD00009413A46284609F04FFC0023DFF814C1CA
:100BE0008CF80030C0B93E78012E15D9023E76103F
:100BF00067D038466146012202E00132402A5CD0CB
:100C000030F8023F802B28BF3F23964201F8013B7A
:100C1000F3D100230CF802308022002131480DF07E
:100C20008BFE802340F2094128462E4A09F0BCFC85
:100C300000232F4E3370B8B93D78012D14D9023DF1
:100C40006D1040D030460122264902E00132402A90
:100C500035D031F8023F802B28BF3F23954200F862
:100C6000013BF3D10023B3542178214B214A224880
:100C700007F028F800230121204C2148214A236055
:100C80000360117005B0F0BD1F4805B0BDE8F0402D
:100C900006F096BF1D4805B0BDE8F04006F090BFD5
:100CA0009DF80A101A4807F00DF8EBE7194807F00D
:100CB00009F84023ADF80C3076E73F22A9E73F2240
:100CC000D0E73246A5E72A46CCE700BFCC55032043
:100CD000CE5503205C3D0110543D0110101800203A
:100CE000603D01108C170020D9550320D8550320F2
:100CF00038450320F8440320443E0110E844032013
:100D0000F4440320DC550320CC3D01109C3D011030
:100D1000203E0110F83D011038B50146074806F0A5
:100D2000D1FF0023064C0749074A0848084D2370A5
:100D30002B700B700370137038BD00BF6C3E011038
:100D4000DD550320DF550320DC550320D855032053
:100D5000D95503202DE9F04FDFF85C9293B099F854
:100D60000070BDF874400092002F00F00481834FA2
:100D70009B463B78002B00F0FE80DFF840A2054642
:100D80009AF800300E4603F0FF0201924BB17C4B03
:100D90001A78002A40F0C1809AF80020002A40F01A
:100DA000C480402C00F2E78097F80080002D00F00E
:100DB0009480009BC022ADF8123000238DF81160A2
:100DC000CDE90633ADF814B0ADF816408DF810201B
:100DD0000B9306A8002C00F091806A4B0022099327
:100DE00004238DF81880DFF8D881674988F800203F
:100DF000664A0A91137004AB089308F037FF002885
:100E000000F0838004F094FA4FF0FF3E6FF0004C46
:100E10005F4BCDE9026BC01841F1000286457CEBC7
:100E200002033CBF704662468346164698F800307F
:100E300003F0FF01BBB9084608F00EFF554A536A9C
:100E40009E425DD8926A5A4501D29E4258D0DDE951
:100E5000026B009A31465B464F4806F033FF002193
:100E6000387808F081FC98F800301BB1474B1B78AC
:100E7000002B55D04FF0FF34019B53B39AF800304C
:100E80003BB300223E4B454D1A702B7803F0FF0216
:100E9000FBB999F80030E3B14FF4805340483978FA
:100EA0000078CDF83620CDF84220CDF83220ADF8CC
:100EB00046208DF830103B4A3B498DF831000CA894
:100EC000CDE90F120E9308F0DFFB00284ED001236E
:100ED0002B70204613B0BDE8F08F5CBB009BCDE9C2
:100EE0000644ADF8123040238DF81160ADF814B00F
:100EF000ADF816400B948DF8103006A800236DE76E
:100F000099F80030002B91D1ADE70146387808F010
:100F10002BFC264806F054FEACE70023019340E783
:100F200005B1ECB9224B1C68A6E701221A70FFF745
:100F300063FC36E722461C9912480EF09DFA4023C6
:100F40008DF81030009BCDE906558DF81160ADF895
:100F50001230ADF814B0ADF816400B9506A83CE77A
:100F600022461C9807490EF087FADBE7114A1368FE
:100F700001331360ADE74FF0FF34AAE7D8550320E3
:100F8000DE5503208C550320CD070010D7550320D4
:100F9000E093040000000B408C3E0110DF5503205D
:100FA000D9550320A10800107C450320C43E011040
:100FB000F0440320F4440320DC550320DD550320D6
:100FC000D6550320014B1860704700BF78450320B9
:100FD0001F4B1B78022B00D070471E4B1A78002A3B
:100FE000FAD0F0B5002301251B49DFF890C01B4F54
:100FF0001B4E1C481C4C8CF800303B703360037057
:101000000D70237887B003F0FF010BB107B0F0BD7E
:10101000164BCDF806101B78CDF812108DF8003065
:101020004FF48053CDF80210ADF816108DF8012062
:101030000F49104A684603910492029308F024FB7A
:1010400008B12570E2E70C4A13682B441360DDE712
:10105000DC550320D9550320DD550320DA55032044
:10106000EC440320DB550320DF550320D855032033
:101070007C450320A1080010F4440320DE55032022
:1010800007F07AB9014B1878704700BFDA55032092
:101090000022024B1A70FFF7AFBB00BFDD550320E3
:1010A000044B1B7803B970470122034B1A70FFF7FA
:1010B000A3BB00BFDD550320DE5503201A4B1B7870
:1010C00073B1002210B5194B194C1A70237886B0F1
:1010D00003F0FF0213B9174B1B7813B906B010BD0C
:1010E00070474FF480531449144809780078CDF8BC
:1010F0000620CDF81220CDF80220ADF816208DF88C
:1011000000100F4A0F498DF80100684603910492C0
:10111000029308F0B9FA10B101232370DEE70A4AFE
:10112000136801331360D9E7DD550320DE55032032
:10113000DF550320DC550320D8550320D955032063
:10114000A10800107C450320F4440320014B1868DB
:10115000704700BFE8440320014B1868704700BF88
:10116000F444032030B51446000200F47F40012C03
:1011700040F02002C8B20CBF03460B0A002185B024
:1011800002ADCDE900548DF808308DF80900112327
:101190000846FFF7DFFD051E13DB0120002103AB2E
:1011A0004FF49072009301900A23ADF80C10FFF7F2
:1011B000D1FD021E0BDB601B18BF4FF0FF3005B0E6
:1011C00030BD2A460749084806F07CFDE5E7074997
:1011D000054806F077FD601B18BF4FF0FF3005B0E3
:1011E00030BD00BF3C470110E43E01102447011010
:1011F0002DE9F04104F0F2FE0022254B04F068FED8
:10120000DFF894800446D8F860000D4604F0D4FE60
:101210001DA3D3E9002304F081FE00221D4B04F03E
:101220002FFE0646D8F804000F4604F0D7FE02460B
:101230000B463046394604F04BFE04F0F3FE04F052
:10124000CDFE0B4602462946204604F067FE01F11A
:10125000004104F0D5FE05460122C5F305411920E1
:10126000FFF780FFC5F30721044601221A20FFF78C
:1012700079FF03460122E9B21B201C43FFF772FFEE
:101280002043BDE8F08100BF0000000080842E41B3
:10129000000050410000F03F7C1B002030B50C46A0
:1012A0004FF0000C0021012585B00202E0B202AB34
:1012B00060F3070C02F47F4260F30F2C00930846A2
:1012C0001023019542F02002ADF808C0FFF742FD5F
:1012D000041E13DB0120002103AA00920A234FF40D
:1012E00090720190ADF80C10FFF734FD021E0BDB7D
:1012F000601E18BF4FF0FF3005B030BD22460749D1
:10130000074806F0DFFCE5E70649054806F0DAFC89
:10131000601E18BF4FF0FF3005B030BD3C470110D4
:10132000E43E01102447011070B54FF0000C012677
:1013300084B003AC06FA00F543F201023046019690
:101340004FF400730E4600946146ADF80CC0FFF7F1
:1013500001FD021EEDB21EDBBDF80C00C6B1284334
:101360004FF0000500210126C0B260F3070543F2EB
:10137000010260F30F254FF40473084600940196B0
:10138000ADF80C50FFF7E6FC021E09DB04B070BD9F
:1013900020EA0500E4E70549054806F093FCDBE791
:1013A0000449034806F08EFC04B070BD6847011084
:1013B000E43E01105447011070B50126002184B0AD
:1013C00003AD43F2040206FA00F44FF40073304612
:1013D00000950196ADF80C10FFF7BCFC021EE4B2BC
:1013E00041DB4FF0000C00210126BDF80C0043F258
:1013F000040220EA0400C0B260F3070C60F30F2C73
:101400004FF40473084600950196ADF80CC0FFF741
:10141000A1FC021E37DB0120002143F203024FF43E
:10142000007300950190ADF80C10FFF793FC021EBD
:1014300024DB4FF0000C012000219DF80C3043F21A
:1014400003021C4364F3070C64F30F2C01904FF468
:10145000047308460095ADF80CC0FFF77BFC021E34
:1014600006DB04B070BD0A490A4806F02BFCB8E759
:101470000949084806F026FC04B070BD0449054837
:1014800006F020FCD5E70449024806F01BFCC2E741
:1014900068470110E43E01105447011038B50C466E
:1014A0001546FFF717FB21460DF098FA08B100200A
:1014B00038BDFFF713FB29460DF090FAB0FA80F023
:1014C000400938BD184610B58C461446002182B03C
:1014D000C0B201904FF4C263624608460094FFF721
:1014E00039FC02B010BD00BF30B51C468C46154615
:1014F00083B0E4B24FF4C06300216246CDE90054EA
:101500000120FFF727FC03B030BD00BF70B5CCB29F
:1015100084B020461646FFF74FFF0120002103AD9F
:1015200043F201024FF40073CDE9005000FA04F4D5
:10153000ADF80C10FFF70EFC021EE4B21FDBBDF885
:101540000C00CEB120434FF0000400210126C0B2B0
:1015500060F3070443F2010260F30F244FF40473B5
:10156000084600950196ADF80C40FFF7F3FB021E0C
:101570000ADB002004B070BD20EA0400E3E706495E
:10158000064806F09FFBDAE70549044806F09AFB97
:10159000002004B070BD00BF68470110E43E011098
:1015A0005447011070B51D4ED6F8E03063B3B36CEC
:1015B000044653B996F84C30053B012B0CD94FF03B
:1015C000FF3500247465284670BDFFF711FE0546FF
:1015D000002D18BF0024F5E7012218211046FFF75F
:1015E000C1FD96F84C30F16D053B012BA4EB0101D8
:1015F0000DD806F17C0002F0B7F801220546102153
:101600001046FFF7AFFDE3E74FF0FF35DBE70122C0
:1016100010211046FFF7A6FDD1E700BF7C1B00207C
:10162000F8B5274C226E824243D0034640422366DF
:1016300004F0C2FC0022234B04F04AFC1EA3D3E9B1
:10164000002304F06BFC04F0DBFC06460122F1B23F
:101650003F20FFF787FD36B20122C6F3052105467C
:101660003E20FFF77FFD0346206E1D4304F0A4FCDF
:1016700011A3D3E9002304F051FC0022124B04F023
:10168000FFFB0646206D0F4604F0A8FC0B46024601
:101690003946304604F01CFC04F0C4FC636DE0667F
:1016A0000BB92846F8BD1846FFF77CFF05432846CE
:1016B000F8BD6FF00105F4E70000000080842E41C2
:1016C0007C1B0020000070410000F03F014B93F8AC
:1016D0004C0070477C1B0020054B93F84C30013BBD
:1016E000DBB2052B9ABF034A52F823000248704729
:1016F0007C1B00200C470110F83E011008B5074B79
:1017000093F84C30053B012B01D9002008BD18B1DE
:10171000742203490DF0B0FE1D2008BD7C1B002083
:1017200078470110F0B5274D85B095F84C30053B52
:10173000012B41D80122044618211046FFF712FD63
:1017400095F84C30053B012B39D82246012105F193
:101750007C0001F09BFD064641F2100000210127AC
:1017600002AB4FF490720093ADF8080011230846C5
:101770000197FFF7EFFA021E14DB0120002103ABF3
:101780004FF49072009301900A23ADF80C10FFF70C
:10179000E1FA021E0BDB002E18BF00246C663046F7
:1017A00005B0F0BD0849094806F08CFAE5E708499C
:1017B000064806F087FAEEE74FF0FF36EFE74FF006
:1017C000FF36C9E77C1B00203C470110E43E0110B6
:1017D00024470110F0B52A4C85B094F84C30053BF5
:1017E000012B46D81C2828BF1C200122254B18217C
:1017F00053F820601046FFF7B5FC94F84C30053BD9
:10180000012B39D83246012104F17C0001F03EFD64
:10181000054641F210000021012702AB4FF49072FF
:101820000093ADF80800112308460197FFF792FADC
:10183000021E14DB0120002103AB4FF490720093D1
:1018400001900A23ADF80C10FFF784FA021E0BDB9F
:10185000002D18BF00266666284605B0F0BD0A496F
:101860000A4806F02FFAE5E70949084806F02AFA7F
:10187000EEE74FF0FF35EFE74FF0FF35C9E700BF68
:101880007C1B0020784701103C470110E43E01100A
:10189000244701100020704770B5254D84B095F89D
:1018A0004C30053B012B3CD800210446012641F673
:1018B000180002AB4FF490720093ADF808001123AA
:1018C00008460196FFF746FA021E20DB01200021A0
:1018D00003AB4FF49072009301900A23ADF80C1003
:1018E000FFF738FA021E17DB95F84C30053B012B49
:1018F0001AD8214600220F4801F0C8FC04460122F4
:1019000010211046FFF72EFC204604B070BD0A4996
:101910000A4806F0D7F9D9E70949084806F0D2F98C
:10192000E2E74FF0FF34EFE74FF0FF34E7E700BFA7
:101930007C1B0020F81B00203C470110E43E0110F6
:101940002447011000000000A0F55B332DE9F047AB
:1019500004466FF43A70604A0344934200F2B08048
:101960006FF478715D4AA4F592230B44934240F2E0
:10197000A780DFF880A1DAF8040004F02FFB002232
:10198000574B04F0A5FA80462046894604F026FB12
:1019900006460F4632463B464046494604F0BEFAEC
:1019A00004F040FB20F0704525F00305680000F0CE
:1019B0008050284304F012FB02460B46404649463D
:1019C00004F0ACFA8946804604F02CFB42460446FB
:1019D0004B463046394604F049FB002841D09AF87E
:1019E0004C30CAF80040053B012B45D9290C022296
:1019F0009F20FFF7B7FB0222A9B20446A120FFF700
:101A0000B1FBDAF860300443584204F0D5FA002202
:101A1000344B04F05DFA2EA3D3E9002304F07EFAE0
:101A200004F0EEFA05460122E9B23F20FFF79AFBE7
:101A300003462DB2C5F3052101221D463E20FFF7C6
:101A400091FB01222C43142104431046FFF78AFB2B
:101A50000122044310211046FFF784FB2043BDE818
:101A6000F0872146204806F02DF99AF84C30CAF844
:101A70000040053B012BB9D8012218211046FFF781
:101A800071FBDAF85810C1B19AF84C30053B012BC4
:101A90000DD8DAF80020154801F09EFD002806DB7D
:101AA000FFF7A6FB18B9DAF85400FFF77BFD012217
:101AB00010211046FFF756FB98E7DAF80010E3E72D
:101AC00021460B4806F0FEF86FF01500C7E700BF8F
:101AD0000000000080842E4117652D00BF270900FB
:101AE0000000504100007041243F0110F81B00200D
:101AF000003F01107C1B00200021884230B50CBF44
:101B00004FF0050C4FF0030C4FF00004012585B099
:101B100002AB6CF307046CF30F2400934FF4C9522B
:101B2000102308460195ADF80840FFF713F9041E8D
:101B300013DB0120002103AA00920A234FF49072C4
:101B40000190ADF80C10FFF705F9021E0BDB601ECB
:101B500018BF4FF0FF3005B030BD22460749084896
:101B600006F0B0F8E5E70749054806F0ABF8601E57
:101B700018BF4FF0FF3005B030BD00BF3C4701102B
:101B8000E43E0110244701100021884230B50CBF0B
:101B90004FF0050C4FF0250C4FF00004012585B0E7
:101BA00002AB6CF307046CF30F2400934FF4C9529B
:101BB000102308460195ADF80840FFF7CBF8041E46
:101BC00013DB0120002103AA00920A234FF4907234
:101BD0000190ADF80C10FFF7BDF8021E0BDB601E84
:101BE00018BF4FF0FF3005B030BD22460749084806
:101BF00006F068F8E5E70749054806F063F8601E57
:101C000018BF4FF0FF3005B030BD00BF3C4701109A
:101C1000E43E0110244701102DE9F8435A4E0546D1
:101C200096F84C30053BDBB250B3012B46D900246B
:101C300001221A21B120FFF795FA03460122002163
:101C400015201C43FFF78EFA03464D2108201C4344
:101C5000FFF724FB0346022DB4BF8021902106200C
:101C60001C43FFF71BFB0346294648481C4306F06C
:101C700029F8706DB564FFF795FC2043BDE8F88343
:101C8000012B2BD907460020FFF7B2FACD210446DD
:101C90000820FFF703FB034601221B21B1203C4330
:101CA0001C43FFF75FFA044380210620FFF7F6FA92
:101CB000034637481C4305F083FFDAE70122182169
:101CC0001046FFF74FFA06F17C0001F097FF012262
:101CD000044610211046FFF745FAA9E70122182112
:101CE0001046FFF73FFA96F84C30306E062B15BFC2
:101CF000002202223423742386F8702086F868308C
:101D0000C6F8DC6004F058F91DA3D3E9002304F001
:101D100005F900221F4B04F0B3F88046306D894668
:101D200004F05CF902460B464046494604F0D0F800
:101D300004F078F901463046082206F1680340F8BD
:101D40007C3FC6E91D25F16601F0F4FF0122102158
:101D500007461046FFF706FA96F84C30053B012B74
:101D600091D80D48FFF744FA012204461146152088
:101D7000FFF7F8F904433C4396E700BFAFF3008058
:101D80000000000080842E417C1B0020483F011091
:101D9000783F01100000F03F50793600000000004D
:101DA0002DE9F043A04EA14D89B0E4220021304638
:101DB00006F108040CF0C0FD0FCD0FC40FCD0FC409
:101DC0000FCD0FC495E80F004FF0010984E80F0014
:101DD000002140F60918DFF858C203AFC6F804C066
:101DE0004FF400524FF488730846CDE90079ADF8FE
:101DF0000C80FEF7AFFF021EC0F2648200214FF498
:101E000000524FF488730846CDE90079ADF80C8094
:101E1000FEF7A0FF021EC0F2628200214FF40070A4
:101E2000022442F25812ADF80C004FF488730846B1
:101E300000970194FEF78EFF021EC0F25A82002125
:101E40004FF40470022442F24812ADF80C004FF433
:101E50008873084600970194FEF77CFF021EC0F2CB
:101E60004382002142F22220012443F20B02ADF80A
:101E70000C004FF40473084600970194FEF76AFFC4
:101E8000021EC0F2408200214EF6E80001244FF409
:101E90004052ADF80C004FF40473084600970194CB
:101EA000FEF758FF021EC0F22982012214211046BB
:101EB000FFF758F9012210211046FFF753F90122CC
:101EC00000211520FFF74EF9022200211620FFF70E
:101ED00049F916242046013401220021A4B2FFF75B
:101EE00041F91C2CF6D1B36803F18002FF2A00F2FD
:101EF000AC80F2688DF80C3002F18003FF2B00F209
:101F0000A48033698DF80D2003F18002FF2A00F2CE
:101F10009C8072698DF80E3002F18003FF2B00F275
:101F20009480B3698DF80F2003F18002FF2A00F23C
:101F30008C80F2698DF8103002F18003FF2B00F2E3
:101F40008480336A8DF8112003F18002FF2A7CD847
:101F5000726A8DF8123002F18003FF2B75D8B36AD4
:101F60008DF8132003F50061B1F5805FF26A6CD241
:101F700002F50061B1F5805F67D219118DF8141078
:101F8000C2F3032141EA0313316B8DF8162001F5EA
:101F90000062B2F5805F8DF81530736B55D203F592
:101FA0000062B2F5805F50D20A118DF81720C3F39A
:101FB000032242EA0112B16B8DF8182001F500628C
:101FC000B2F5805F8DF81930F36B3ED203F50062F5
:101FD000B2F5805F39D20A118DF81A20C3F30322BB
:101FE00042EA0112316C8DF81B2001F50062B2F556
:101FF000805F8DF81C30736C27D203F50062B2F558
:10200000805F22D20A118DF81D20C3F3032242EA19
:1020100001123C460DF120088DF81E208DF81F306E
:10202000C7F11C0508E000BF7C1B0020EC47011035
:102030000074B701444508D02819012214F8011B87
:1020400080B2FFF78FF80028F4D005211920FFF7A0
:1020500025F90122F0219320FFF784F801220F21B6
:102060009420FFF77FF8012200211120FFF77AF872
:10207000012200210420FFF775F860216120FFF79D
:102080000DF980210620FFF709F901221B21B1205B
:10209000FFF768F883210D20FFF700F901220024E3
:1020A00001254FF00209182110460DF10B08FFF72A
:1020B00059F84FF4C263C822214620460195CDF855
:1020C00000808DF80C408DF80B90FEF743FE4FF426
:1020D000C063C82221462846CDE90075FEF73AFEC6
:1020E0009DF80C30402B00F013814FF4C263C622E0
:1020F00021462046CDE900858DF80B408DF80C4037
:10210000FEF728FE4FF4C063C62221462846CDE9DB
:102110000075FEF71FFE9DF80C30A32B00F0188110
:102120004FF4C263342221462046CDE900858DF864
:102130000B408DF80C40FEF70DFE4FF4C0633422C7
:1021400021462846CDE90075FEF704FE9DF80C30C7
:10215000692B00F0E5804FF4C263742221462046CB
:10216000CDE900858DF80B408DF80C40FEF7F2FDAF
:102170004FF4C063742221462846CDE90075FEF76E
:10218000E9FD9DF80C30692B00F082800420FFF7F8
:1021900013F929460420FFF7C7F821460420FFF76A
:1021A000C3F84FF4C263AC2221462046CDE9008536
:1021B0008DF80B508DF80C40FEF7CCFD4FF4C0634A
:1021C000AC2221462846CDE90075FEF7C3FD9DF8F7
:1021D0000C3003F07F03562B00F0F6804FF4C263FF
:1021E000C62221462046CDE900858DF80B408DF8AA
:1021F0000C40FEF7AFFD4FF4C063C62221462846CF
:10220000CDE90075FEF7A6FD9DF80C30A12B00F07E
:10221000EE8096F84C407368052C336523D101227B
:102220001A21B120FEF79EFF4D210820FFF736F856
:102230007D48FEF7DDFF012215201146FEF792FFD3
:1022400096F84C305A1F012A40F28B80002401225C
:1022500010211046FEF786FF01232046C6F8E03025
:1022600009B0BDE8F083062C22D0002CEED16F48D7
:1022700005F0A6FC2A4610212846FEF773FF2846E3
:10228000C6F8E050FFF7C8FC204609B0BDE8F0836F
:10229000674805F095FCFEF71DFC66490CF09EFBB7
:1022A000002800F0AF800623726886F84C30326553
:1022B000FEF710FC5F490CF091FB002840D05E4B0C
:1022C0003365ACE74FF0FF345C495D4805F0FAFC3C
:1022D0005C4805F075FC204609B0BDE8F08357491D
:1022E000574805F0EFFC98E55449554805F0EAFCDD
:1022F000B7E55249524805F0E5FCA0E54F49504882
:1023000005F0E0FCD1E54D494D4805F0DBFCBAE5B0
:102310004D4805F055FC736886F84C50336595E7D9
:102320004A4805F04DFCFEF7D5FB42490CF056FB40
:10233000002851D00523726886F84C3032656EE76C
:10234000FEF7CCFB42490CF049FB0028B7D166E709
:10235000404805F035FC0322736886F84C2033654D
:1023600074E7062B15BF0022022234237423306E3B
:1023700086F8702086F86830C6F8DC6003F01CFE32
:1023800027A3D3E9002303F0C9FD0022324B03F059
:1023900077FD0446306D0D4603F020FE02460B46E5
:1023A0002046294603F094FD03F03CFE0821044634
:1023B00000222A4BF46603F11400C6E91D12F367EC
:1023C00001F0B8FC044642E7254805F0F9FB042279
:1023D000736886F84C20C2E7FEF780FB21490CF0B9
:1023E000FDFA0028A6D1204805F0EAFBA2E71F4825
:1023F00005F0E6FB0620FEF7DFFF736886F84C90D9
:10240000336523E7FEF76AFB11490CF0E7FA002871
:102410007FF449AF164805F0D3FB44E7AFF30080E3
:102420000000000080842E41507936008841011060
:10243000B84001107C4001100024F4005447011002
:10244000E43E01109C3F0110CC3F011054400110AC
:10245000E0400110104001100000F03FE41B00209C
:1024600008410110884001109440011044410110BE
:10247000E8400110054B93F84C30053B012B94BF0D
:102480006FF001006FF00200704700BF7C1B00205E
:102490002DE9F0410C4638BB234D4FF000082B6D61
:1024A000A3421ED004B96C68286E2C6503F084FD2D
:1024B0001BA3D3E9002303F031FD00221B4B03F0E3
:1024C000DFFC064620460F4603F088FD0B46024619
:1024D0003946304603F0FCFC03F0A4FD6B6DE86662
:1024E000A3B94046BDE8F081114B0344B3F5FA6F40
:1024F00011D80D4D6B688342CFD02B686860002BDC
:10250000CBD01846FFF720FA8046C8E71846BDE84A
:10251000F041FFF747B86FF00108E2E7AFF3008042
:102520000000000080842E417C1B00200000F03F52
:10253000E88F48FE30B5054685B00020FEF73CFF29
:102540000120002103AC43F201024FF40073CDE9F6
:102550000040ADF80C10FEF7FDFB021E21DBBDF8BC
:102560000C30D5B143F001004FF0000C00210125E3
:10257000C0B260F3070C60F30F2C43F201024FF47A
:102580000473084600940195ADF80CC0FEF7E2FB19
:10259000021E0BDB002005B030BD23F0010080B22D
:1025A000E2E70649064805F08DFBD8E705490448EF
:1025B00005F088FB002005B030BD00BF6847011062
:1025C000E43E01105447011030B500214FF404706F
:1025D000022585B003AC42F24812ADF80C004FF46E
:1025E0008873084600940195FEF7B4FB021E11DBC8
:1025F0000021022042F2481201904FF488730846ED
:102600000094ADF80C10FEF7A5FB021E07DB0020BE
:1026100005B030BD0549064805F054FBE8E703491D
:10262000034805F04FFB002005B030BD54470110B2
:10263000E43E0110014805F0C3BA00BFD8410110C3
:102640000CF092B830B5144C97B020460CF094F8CA
:1026500004F108000CF09CF8201D0CF0A5F804F122
:102660004C000CF0ADF8022304F10A0184F861304B
:102670005822063C68460CF0FFFE94E80F0008F074
:10268000E9FA657A237AE279A1790448009505F0A0
:1026900019FB17B030BD00BFC6070020F041011084
:1026A0002DE9F04F9348A3B005F08AFA08F040FAFC
:1026B00008F05EFA08F020FA08F06AFA08F098FAD2
:1026C0008D4808F065FB8D4B93F86730022B00F0C6
:1026D00001828A4B8A4F1A4611460C46587AD279A3
:1026E0001B7A89790090874805F0ECFA2146582238
:1026F000103168460CF0C0FE94E80F0008F0AAFA0A
:102700000122D4F8063087F82720BB6302F010FEC0
:102710007D4B04465B6A0D46994240F2CD811FAB6A
:1027200017937A4B7A4E18937A4BDFF80C821D93ED
:10273000794B19931EAB1C93DFF8CC910A2002F061
:10274000D9FCD9F82430AB42F8D34FF0000B2A461D
:102750005D469346DFF8B091D9F82810A14202D225
:102760009B4500F0958002F0E3FD6C4A6FF000435A
:1027700084184FF0FF324FF0000A41F1000BA242E3
:1027800073EB0B014FF0170017993CBF9B461446A3
:102790008DF87CA00AF008F8013000F094809DF8D4
:1027A0007C10A1F10103B3FA83F35B09AB4270D053
:1027B000012987F8263040F02C815949594805F005
:1027C00081FA0125AA464D4B93F86730022B64D05D
:1027D00043F201000AF06EFD1C281CD8DFE800F06F
:1027E0000F1B1B1B1B1B1B1B1B1B1B1B1B1B1B1B45
:1027F0001B1B1B541B1B1B251B1B1B1B2100199B7D
:102800001B78002B40F03281202340F2D24201217C
:10281000002008F039FED9F824305B45D3D3554663
:102820009AE7002009F0DEF8F5E7199B1D78002DE6
:1028300040F096804FF0010C04221C993A4883F82E
:1028400000C035701E950AF06DFD9DF87B309DF837
:1028500079209DF87810009334489DF87A3005F07F
:1028600031FA334B17990C220B60BB6A28461BBA0E
:102870002093FB6A1BBA219309F0FCF80C285DD069
:10288000284609F0AFF8C6E7002008F053FFC2E77A
:102890002B46002B95D15D464EE7189B1B78002BED
:1028A00000F0C6800BF0E4FD0428054600F0B3807C
:1028B000002800F0CF8097F82730002B88D1012026
:1028C00002F018FCA7E75B46AB461D46BBF1000FC4
:1028D0003FF432AF87F826A01649124805F0F2F906
:1028E000064B93F86730023B18BF012387F8273067
:1028F00022E700BF1442011041260010C00700204B
:10290000682403203842011000000B40E0550320EA
:10291000D1550320E4440320D255032020A1070011
:102920007442011060420110012001009C4201101C
:1029300052544C3058420110241900207B6B2095D2
:1029400001337B63F0254FF001031799644887F842
:1029500024308DF87C5002F04BFD002800F0988068
:1029600000200AF03FFDD0B11A9404461C9D1B972D
:1029700001222946002009F0FDF8631E01289CB2BF
:102980000BD131789DF878004A1CD2B2052A08F89C
:102990000100327029D0002CEAD1DDE91A4700206D
:1029A0000AF0DAFC05464F4800F0C8F8A842024693
:1029B00028BF2A46B2F5005F6FD83F2A05D8002A03
:1029C0003FF429AFA8423FF626AF4749454800F0FB
:1029D000F3F802464449002092B209F04BF8011E78
:1029E0005EDD3B6B0B443B6315E7D8F801C098F8FC
:1029F00000709CFA8CF3179939488DF87C702093FD
:102A000002F0F6FC08B34FF000033370002CAFD196
:102A1000C3E75D4660E797F82730002B7FF44BAFA4
:102A2000012387F82730314BD3F80630BB6342E7E8
:102A300001202F490BF034FE2E492F4A08460BF097
:102A40003BF80123189A13702CE739462B4805F000
:102A500039F9D8E71D9B2A4819680131196005F03A
:102A600031F90BF0B3FC189B1D7024E70023F1250E
:102A7000199A17991A48137087F8243020938DF803
:102A80007C5002F0B5FC90B11E4805F099F8BBE609
:102A900029461A4805F016F962E74FF4005294E708
:102AA000194805F00FF9002008F09CFFB3E629460D
:102AB000124805F007F9E7E7144A154E1892154A2F
:102AC000DFF85C801D92144A19921FAA17921EAA61
:102AD0001C923AE6114805F073F8014F16E600BF64
:102AE0006824032078240320A4240320C0070020A6
:102AF000601C00204526001035260010C842011039
:102B00007842011018430110F4420110E0550320EF
:102B1000D1550320E4440320D2550320284201105C
:102B20002419002000230160C360426083600361B8
:102B3000704700BF0023C360836070478268C3682A
:102B40009A423CBF41685218D01A70472DE9F041B3
:102B500088468168C3684568994238BF4919044668
:102B6000CB1A681EC71ABA421CD921690A44121A24
:102B700013442361A6682068AD1BBD4228BF3D46B3
:102B800041462A4630440CF077FCBD420CD36368C2
:102B90003E44B34298BFF61ABFF35F8F3846A66033
:102BA000BDE8F0811746E5E7206808EB05017A1BD0
:102BB0000CF062FCEBE700BF2DE9F041884681682C
:102BC000C3684668994238BF8919CB1A9A4228BF10
:102BD0001A46C7681546F61B964228BF1646016876
:102BE00004463246404639440CF046FCAE420AD315
:102BF00063682F44BB4298BFFF1ABFF35F8F28461C
:102C0000E760BDE8F081216808EB0600AA1B0CF024
:102C100033FCEDE708B50BF0F1FD074B1A7852B124
:102C20004FF0000C282283F800C01146BDE8084090
:102C300010460BF063BE08BD28080020154B1A781B
:102C4000824207D01870052804D8DFE800F0090E8A
:102C500013181D0470473C22002110460BF04EBE95
:102C60002822114610460BF049BE00223C20114696
:102C70000BF044BE0022282132200BF03FBE002181
:102C80003C2208460BF03ABE00223C2110460BF0D5
:102C900035BE00BF280800202DE9F04F0746C1F1DE
:102CA000230887B0481E98450E461D46039207EB41
:102CB000000406DB114620461A460CF0AFFB002844
:102CC00047D0A84542462046A8BF2A4603990CF0A3
:102CD000D3FB07F12303059307F122034FF000090B
:102CE000B346049303E02D1B5FFA82FB31D03E68AC
:102CF000039BF46803EB0901013CAC4232BFA046E0
:102D0000A8462C4608F1010A2246059887F822B009
:102D10000CF0B2FB049A53463178386EFEF7D2FBC2
:102D200082450BEB0802C144DDD082460B4A0346C4
:102D300012680B49D068CDE900B80A4A0CF02EFCA5
:102D40001AF101035046A8BF4FF0FF3007B0BDE8AD
:102D5000F08F002007B0BDE8F08F00BF1009002001
:102D600034430110484801102DE9F0410027024684
:102D700080F8227052F8224B012305460E46006E61
:102D8000217886B0FEF79EFB012813D0012504466A
:102D90004B4A034612684B49D0684B4A009701954D
:102DA0000CF0FCFB621CA8BF4FF0FF34204606B0BD
:102DB000BDE8F0812A4652F8231B0523286E0978C6
:102DC000FEF792FB0528044666D13C4695F8233071
:102DD000DFF8FCE003F00F0808F118020DEB020821
:102DE0000DF1080C06AA02EB13179EE80F008CE801
:102DF0000F0018F8102C17F8103C204643EA021375
:102E0000337095F8243003F00F0808F118020DEB29
:102E1000020806AA02EB131717F8103C18F8102C3A
:102E200043EA0213737095F8253003F00F0808F198
:102E300018020DEB020806AA02EB131717F8103C54
:102E400018F8102C43EA0213B37095F8263003F0FB
:102E50000F0808F118020DEB020806AA02EB13177F
:102E600017F8103C18F8102C43EA0213F37095F889
:102E7000273003F00F0707F118020DEB020706AA2F
:102E800002EB131515F8103C17F8102C43EA021347
:102E9000337106B0BDE8F0810525094A0346126882
:102EA0000A49D068084A009701950CF077FB631C2B
:102EB000A8BF4FF0FF34204606B0BDE8F08100BF48
:102EC0001009002034430110544801105C430110E4
:102ED000A44901102DE9F04F8DB090F819C0076892
:102EE00008AD2CF00C0C0E4601232A461A217F68EF
:102EF00004468DF820C0FFF7CFFE0028C0F2B58051
:102F0000C84906F5FA73D4F80F00A1FB0313C0F308
:102F1000044262F07F0206909B098DF81A20627DC0
:102F20005900A1F5D8118DF81E20BF4AB4F813C07E
:102F3000A1F5047100F0EF009142ADF81CC08DF8CE
:102F4000180000F295804FF002084FF0000920466B
:102F500004A9FFF709FF0028C0F2878023681B7AC5
:102F6000022B08D0B14AB249206EFEF797FA82468A
:102F7000002800F03F814FF0010A52469DF81430BE
:102F8000C3F301139A4280F0C08009F1FF395FFA60
:102F900089F9A8FB06819DF81830090441EA184117
:102FA00003F01F034FEA084818EB070043EA4913F0
:102FB00041F100018DF818307A00002310F090FCE8
:102FC000BAF1000F14BF80234023C0F307418B42A6
:102FD00080B240F34D81A1F10D021346B0FA80F7A3
:102FE000002AB8BFA1F10A039DF81A60C3F3870352
:102FF00003EB82138DF81D0026F00806000A7F09F6
:103000008DF81C308DF81E0007231021204606AADB
:1030100046EAC7068DF81A60FFF73EFE002824DB5B
:10302000002104F12203834E039302914FF000022A
:10303000236884F822201978039A0123206EFEF772
:1030400041FA0128074666D07B4A034612680124EC
:10305000D0680022794900920194794A0CF09EFAD6
:103060007A1C3846A8BF4FF0FF300DB0BDE8F08F96
:103070009900A1F5D811A1F50471914204D84FF03F
:1030800004084FF0010962E7D900A1F5D811A1F5B4
:103090000471914216D84FF0080843464FF00009DA
:1030A000C3F3470309F10109022B5FFA89F97FF69F
:1030B0004EAFC3F3470309F10109022B5FFA89F907
:1030C000EED844E71901A1F5D811A1F50471914298
:1030D00002D84FF01008E0E75901A1F5D811A1F589
:1030E0000471914202D84FF02008D6E79B01A3F566
:1030F000D813A3F50473934202D84FF04008CCE7ED
:103100004FF080084FF0000921E784BF09F1010961
:103110005FFA89F93DE7224652F8231B0323206E0C
:103120000978FEF7E1F90328804665D194F823E099
:1031300094F824C00EF00F0B0BF130030CF00F0AC3
:103140000DEB030B0CAB03EB1E1E0AF130030DEB72
:10315000030A0CAB03EB1C1C94F8253003F00F089A
:1031600008F130020DEB02080CAA02EB131996E8E5
:103170000F0085E80F001BF8102C1EF8103C43EAE6
:1031800002138DF810301AF8102C1CF8103C43EA8A
:1031900002138DF8113018F8103C19F8108C48EA19
:1031A00003185FFA88F88DF8128018F0400810D1E3
:1031B000029B002B4AD0204B18221B683946DB6843
:1031C00020480CF0F3FB4046C4F84C800DB0BDE83D
:1031D000F08F617E3B4621F0080141F008018DF837
:1031E00020102A4620461A21E764FFF755FD0DB04E
:1031F000BDE8F08F0222C1E60F4A0346126803249D
:10320000D06800221049009201940D4A0CF0C6F9D2
:1032100018F101034046A8BF4FF0FF300DB0BDE8E4
:10322000F08F00BFD34D62100F021B0088400110C9
:103230007C400110A4490110100900203443011002
:1032400054480110AC4301105C430110637C2A46D2
:1032500003F01F0343F060038DF8203012213B463A
:103260002046FFF719FD0028FFF6FFAE0297DDE6C6
:10327000044B32461B680449D8680CF08FF94FF0B4
:10328000FF30F2E610090020844301102DE9F041DF
:1032900016460279044684B002F0EF0200293CD0C1
:1032A00042F010028DF80F20012305210DF10F02CD
:1032B000FFF7F2FC00282DDBA279012322F0100297
:1032C0008DF80F20072120460DF10F02FFF7E4FCD7
:1032D00000281FDB4FF00008224684F8228052F8B5
:1032E000221B0123206E0978FEF7ECF8012807461F
:1032F00040D00124B44A03461268B449D068B44AA5
:10330000CDF8008001940CF049F97A1C3846A8BF2A
:103310004FF0FF3004B0BDE8F0818DF80F2001239D
:1033200005210DF10F02FFF7B7FC0028F2DBA179B0
:10333000012321F0100141F010018DF80F102046FB
:1033400007210DF10F02FFF7A7FC0028E2DBE57A69
:10335000012305F060050C21204645F00B050DF119
:103360000F028DF80F50FFF797FC00EAE07004B0F1
:10337000BDE8F081224652F8231B0423206E097811
:10338000FEF7B2F80428054640F09B80E37A0C2152
:1033900003F0600343F008038DF80F3020463B46EE
:1033A0000DF10F02FFF778FC0028B3DB002E40F38D
:1033B0009E80092E64DD0E2E40F39B801B2E40F371
:1033C0009B80252E40F39C804D2E40F3A180572EEC
:1033D00040F39A807D2E40F39F80902E40F38380AF
:1033E0009D2E40F39D80A62E40F39E80C52E40F377
:1033F0009F80CF2E40F3A080E52E40F3A580FE2EC7
:1034000040F39E80B6F58C7F40F3A680B6F5957F9D
:10341000C0F29E80B6F5A47F40F3AA80B6F5A97FDE
:1034200040F3A280B6F5B67F40F39A80B6F5BA7F36
:1034300040F3A280B6F5C17F40F3A280B6F5C97F04
:1034400040F3A280B6F5D37FC0F2A680B6F5D97F4F
:1034500040F39E80B6F5DC7FC0F2AA80B6F5DF7F30
:10346000C0F2A280B6F5F07F40F39A80B6F5F27F05
:10347000C0F2A680B6F5F87F40F39E800F27B846CD
:103480002379052123F00F031F43204601230DF16B
:103490000F028DF80F70FFF7FFFB0028FFF63AAF21
:1034A000A279012322F00F0248EA020820460721F0
:1034B0000DF10F028DF80F80FFF7EEFB00EAE070D0
:1034C00028E70424404A034612684249D068404A2B
:1034D000CDF8008001940CF061F86B1C2846A8BF61
:1034E0004FF0FF3016E74FF004084746C8E747465D
:1034F000C6E7B8464746C3E74FF001080227BFE7D3
:103500004FF002084746BBE74FF003084746B7E7CE
:103510004FF002080327B3E74FF003080427AFE793
:103520004FF004080527ABE74FF005084746A7E72B
:103530004FF005080627A3E74FF0060847469FE728
:103540004FF0070847469BE74FF00608072797E725
:103550004FF00808474693E74FF0070808278FE722
:103560004FF009080A278BE74FF00908474687E71D
:103570004FF00808092783E74FF00A0847467FE71E
:103580004FF00A080B277BE74FF00B08474677E719
:103590004FF00C08474673E74FF00B080C276FE716
:1035A0004FF00D080E276BE74FF00D08474667E711
:1035B0004FF00C080D2763E74FF00E080F275FE769
:1035C0004FF00E0847465BE7100900203443011016
:1035D000544801105C430110F0B54B4B044699422E
:1035E00083B006DC494B994228DD2A251022484940
:1035F00002E00B2510224649637A616423F0100330
:103600001A438DF8072001230A2120460DF10702F5
:10361000FFF742FB00280FDBA27A012302F0100221
:1036200015430B2120460DF107028DF80750FFF7D7
:1036300033FB0028A8BF606C03B0F0BD354B994246
:103640003FDC354B994240DDC0254FF0800CA1F5A1
:10365000B921324E324F334B334AA1F58C61334896
:10366000814206DD3B4665463246A1F5AA21A1F519
:10367000E6612F48814230DC2E48814236DC2E48FC
:10368000814235DC2D48814234DC2D48814233DCD7
:103690002C48814232DC2C48814231DC2B4881426B
:1036A00030DC2B488142C8BF092017DC01460620C8
:1036B0000A4402EBD27105430022EDB2A3EB610193
:1036C0009AE76B251022234996E7E0254FF0A00CDE
:1036D00000221F4E204F214BC1E701202049461EEA
:1036E000C0F1100051F82610C0B2E1E70220F5E762
:1036F0000320F3E70420F1E70520EFE70620EDE7DC
:103700000720EBE70820E9E7C0CF6A00808D5B0067
:1037100090BB450030142500D0471F0090230B00BC
:10372000F03B2E00C0E4280060CC0500A0F019009A
:10373000006A1800B0A6170010201600804F120073
:10374000A0BB0D0060AE0A0070640800D0DD06006A
:103750003057050050793600906F2800601823001C
:1037600060480110000000002DE9F04FC44A0546F2
:1037700083B00F46006EC349FDF790FEC24A8046F3
:10378000C049286EFDF78AFE58EA0003814640F0E2
:103790001C8138466A6CBD498618A1FB0621DFF8FA
:1037A00018A300245346890C02E0142C00F01C815D
:1037B00053F80C2F2046914204F10104F5D204463F
:1037C00000EB40030AEB83031B7903F00803AA7D97
:1037D000172122F0080213438DF8073028460123F1
:1037E0000DF10702FFF758FAB0F1000BC0F2E180CB
:1037F00004EB44040AEB84046B7E627903F03C031F
:1038000022F03C0213438DF807301A210123284689
:103810000DF10702FFF740FAB0F1000BC0F2C980CA
:10382000A3791B218DF80730284601230DF10702EB
:10383000FFF732FAB0F1000BC0F2BB8095F84130CF
:10384000022B00F0D38000F21181E27942F00802ED
:10385000EB7B02F00B0223F00B0313438DF80730D0
:103860001021012328460DF10702FFF715FAB0F1E8
:10387000000BC0F29E80EB79082123F03F038DF806
:103880000730284601230DF10702FFF705FAB0F1D2
:10389000000BC0F28E802B7A092123F03F038DF8B4
:1038A0000730284601230DF10702FFF7F5F9B0F1C3
:1038B000000B7EDB31462846FFF70CFBB0F1000B16
:1038C00077DBEB6C002B7CD0B8F1000F00F092801E
:1038D0006F4AAB7D974203F0F70440F2EF806D4BE7
:1038E0006D4A3B44934240F247816C4EA7F12463FA
:1038F000A3F50343B34294BF0026012601231721F9
:1039000028460DF1070244EAC6048DF80740FFF788
:10391000C3F9B0F1000B54DB614B9F4240F2DB80F6
:10392000604A61493A448A4295F8493040F233810D
:10393000032B46D00026032201273446334685F860
:1039400049206A79062122F0080213438DF80730D6
:10395000284601230DF10702FFF79EF9B0F1000B95
:1039600027DB3A460521286EFDF7D0FDB0F1000BAC
:103970001FDB2B79052123F040031C43284601233C
:103980000DF107028DF80740FFF786F9B0F1000B43
:103990000FDB2A79012322F0200216432846052155
:1039A0000DF107028DF80760FFF776F9B0F1000B13
:1039B00007DA3E4A5B4610683D493E4AC0680BF054
:1039C000EDFD584603B0BDE8F08F354B38469F42B9
:1039D000BFF4E0AE02F002FB27A3D3E9002302F01C
:1039E0004FFA02F01FFBD5E60023F0E6227A42F000
:1039F00008022DE7B9F1000F00F09780284B9F4295
:103A000040F2D28095F84930032BDAD044460323A4
:103A10004FF00108264642460521286E85F84930B8
:103A2000FDF774FDB0F1000BC3DB2B79052123F00A
:103A300040031E43284601230DF107028DF807605D
:103A4000FFF72AF9B0F1000BB3DB2A79012322F04A
:103A500020021443284605210DF107028DF8074086
:103A6000FFF71AF9B0F1000BABDAA2E7042B7FD114
:103A7000627AEDE6AFF300800000000040777B4102
:103A8000E04001107C4001108840011083DE1B43A0
:103A9000C0912100C000EFFAC0FC9B01801D2C04E6
:103AA0000074B701FF8B48FE7E3E2F0D10090020E9
:103AB000C84301103848011088480110012317211C
:103AC00028460DF107028DF80740FFF7E5F8B0F141
:103AD000000BFFF676AF697E012301F03C0141F057
:103AE00040018DF8071028461A210DF10702FFF753
:103AF000D3F8B0F1000BFFF65CAF002401231B21CB
:103B000028460DF107028DF80740FFF7C5F8B0F120
:103B1000000BFFF64EAF95F84930012B3FF451AF43
:103B2000012220260823274609E7334B9F4294BFF2
:103B3000602700272B681B7A022B7FF442AF95F891
:103B40004930BB423FF43DAF2979012321F06001A8
:103B500039438DF80710284605210DF1070285F835
:103B60004970FFF799F8B0F1000BFFF622AF28E794
:103B7000627A42F008026BE60123172128460DF114
:103B800007028DF80740FFF787F8B0F1000BFFF64A
:103B900018AF95F84930022B3FF413AF02222026CC
:103BA000402401270023CAE66A7E012302F03C027A
:103BB00042F040028DF807201A2128460DF1070235
:103BC000FFF76AF8B0F1000BFFF6F3AE01231B21FB
:103BD00028460DF107028DF80780FFF75DF8B0F178
:103BE000000BFFF6E6AE95F84930012B3FF4E9AE45
:103BF0000123202440260EE740489014036D0BB9A2
:103C0000184670474FF0B10C10B582B00123062161
:103C10000DF1070204468DF807C0FFF73DF8031EBB
:103C2000C0F284804FF0A00C0123052120460DF145
:103C300007028DF807C0FFF72FF8031E76DB4FF061
:103C40003A0C0123072120460DF107028DF807C029
:103C5000FFF722F8031E69DB4FF0400C0123082117
:103C600020460DF107028DF807C0FFF715F8031E77
:103C70005CDB4FF0C00C0123092120460DF1070247
:103C80008DF807C0FFF708F8031E4FDB4FF0360C26
:103C900001230A2120460DF107028DF807C0FEF727
:103CA000FBFF031E42DB4FF0350C01230C212046A5
:103CB0000DF107028DF807C0FEF7EEFF031E35DB9E
:103CC0004FF0680C01230F2120460DF107028DF8FB
:103CD00007C0FEF7E1FF031E28DB4FF0030C0123B2
:103CE000112120460DF107028DF807C0FEF7D4FF21
:103CF000031E1BDB4FF0F40C0123172120460DF1AE
:103D000007028DF807C0FEF7C7FF031E0EDB4FF05A
:103D10000C0C01230DF10702192120468DF807C074
:103D2000FEF7BAFFFF22034684F85820184602B077
:103D300010BD00BF0423F0B50546C61885B080F855
:103D400041301E22002130460AF0F6FD1E230521D7
:103D5000C94A2846FEF7A0FF0027F023C74C8DF87C
:103D600008300FCC68607160B260F36007CC01234B
:103D700030617161B2610C21284602AA2F84FEF7DE
:103D80008BFF041EC0F26C81A97C012321F03F014E
:103D900041F031018DF808102846132102AAFEF7E0
:103DA0007BFF041EC0F25C81297F012321F03801D2
:103DB0008DF8081028461D2102AAFEF76DFF041E8B
:103DC000C0F24E810226AE4BAE4F6B64AB7A0B2134
:103DD00023F0600343F060038DF807302846012389
:103DE0000DF10702FEF758FF041EC0F23981AB7BCC
:103DF0000F2123F0040343F004038DF80730284615
:103E000001230DF10702FEF747FF041EC0F22881CF
:103E1000EB7B102123F003038DF8073028460123A4
:103E20000DF10702FEF738FF041EC0F21981394672
:103E30002846FFF74FF8041EC0F21281EB6C002BEE
:103E400000F0DC80AB7A0B2123F0100343F0100369
:103E50008DF80730284601230DF10702FEF71CFFFD
:103E6000041EC0F2FD80AB7A0B2123F010038DF805
:103E70000730284601230DF10702FEF70DFF041E4F
:103E8000C0F2EE80AB7B0F2123F004038DF80730E6
:103E9000284601230DF10702FEF7FEFE041EC0F2C4
:103EA000DF80284602A9FEF75FFF041EC0F2D8801B
:103EB00048F201029DF80C3003F00F03DA4012F0D3
:103EC000010285F8483003D0012E01D016467DE767
:103ED0000F2B00F0BE816A7A0A2122F01F021343E1
:103EE00043F010028DF80720012328460DF1070248
:103EF000FEF7D2FE041EC0F2B380AA7A012302F0BC
:103F0000100242F06B028DF807200B2128460DF1BC
:103F10000702FEF7C1FE041EC0F2A280AA790123A7
:103F200002F07F028DF80720072128460DF10702D5
:103F3000FEF7B2FE041EC0F293806A79012322F0DC
:103F4000300242F010028DF80720062128460DF1BC
:103F50000702FEF7A1FE041EC0F282806A7F0123E1
:103F600022F0600242F060028DF807201E212846F0
:103F70000DF10702FEF790FE041E71DB2A79012382
:103F800002F07F028DF80720052128460DF1070277
:103F9000FEF782FE041E63DBAA7F012302F07F028C
:103FA0008DF807201F2128460DF10702FEF774FE49
:103FB000041E55DBAA7B012302F07F028DF8072047
:103FC0000F2128460DF10702FEF766FE041E47DBAF
:103FD000297E012321F0600141F060018DF8071076
:103FE000284619210DF10702FEF756FE041E37DBA5
:103FF0000323002285F858306A65EB652B681B693E
:1040000073B16979012321F0400141F040018DF83D
:1040100008102846062102AAFEF73EFE041E1DDBFC
:10402000297F012301F0380161F03A018DF8081071
:1040300028461D2102AAFEF72FFE041E0EDBE97E94
:10404000012301F0070141F020018DF808102846F6
:104050001C2102AAFEF720FE041E1BDA01232B6599
:10406000094A234610680949094AC0680BF096FAC4
:10407000204605B0F0BD00BF84490110B4490110CD
:1040800050793600007E560310090020C843011005
:104090002C480110532401230D21284602AA8DF833
:1040A0000840FEF7F9FD041ED8DB752401230E211C
:1040B000284602AA8DF80840FEF7EEFD041ECDDB6F
:1040C00000242A7985F8494022F060028DF8082002
:1040D00001230521284602AAFEF7DEFD041EBDDBF2
:1040E0006979012321F008018DF80810284606217E
:1040F00002AAFEF7D1FD041EB0DB297C012321F0CA
:10410000380141F038018DF808102846112102AA23
:10411000FEF7C2FD041EA1DBA97D012321F03001C1
:1041200041F030018DF808102846172102AAFEF749
:10413000B3FD041E92DB697A012321F0600141F096
:1041400040018DF8081028460A2102AAFEF7A4FDB6
:10415000041E83DB297F012321F038018DF808102C
:1041600028461D2102AAFEF797FD041EFFF676AF32
:10417000E97E012321F004018DF8081028461C2156
:1041800002AAFEF789FD041EFFF668AF69790123D4
:1041900021F040018DF808102846062102AAFEF7FA
:1041A0007BFD041EFFF65AAF697E012321F030012A
:1041B00041F030018DF8081028461A2102AAFEF7B6
:1041C0006BFD041EFFF64AAF297F012321F0380161
:1041D00041F018018DF8081028461D2102AAFEF7AB
:1041E0005BFD041EFFF63AAFE97E012321F00401D6
:1041F00041F004018DF8081028461C2102AAFEF7A0
:104200004BFD041EFFF62AAF697F012321F01F0139
:1042100041F00E018DF8081028461E2102AAFEF773
:104220003BFD041EFFF61AAF687E012320F030002C
:1042300040F020008DF808001A21284602AAFEF757
:104240002BFD041E4FF00103FFF609AF00242B6580
:104250000EE70022134685F848203CE610B44FF4E0
:1042600080740C4B53F8202003EB8003C00082F0D5
:10427000400200F1804003F5805C02F0C00200F5CE
:10428000203003F54053CCF8002041601C605DF8FD
:10429000044B70470480034030B44FF0000343ECFC
:1042A000440043EC400005254FF480740B4BC200E2
:1042B00053F8201003EB800081F0400102F18043AD
:1042C00003F5203301F0C00200F5805100F54050A5
:1042D0000A605D60046030BC704700BF048003402A
:1042E0000FB400B583B0049C074803F069FC3CB1EF
:1042F00005A92046019103F039FA044803F060FC57
:10430000012003F04BFA00BFD8430110683E0110B2
:10431000EFF3108072B6064BD3E8CF1F01220029BD
:10432000FAD1C3E8412F0029F6D1BFF35F8F704760
:104330002B1500200023034AC2E88F3F80F310882A
:10434000704700BF2B15002070B58646EFF310852F
:1043500072B6124CD4E8CF6F0120002EFAD1C4E817
:10436000460F002EF6D1BFF35F8F4FF0010CC80847
:1043700001F007030CFA03F31EF800C01CEA030661
:1043800008D14CEA030C0EF800C0C4E88F6F85F327
:10439000108870BD1046FFF7A3FF00BF2B1500204B
:1043A000F8B5EFF3108572B6234CD4E8CF7F012621
:1043B000002FFAD1C4E8476F002FF6D1BFF35F8F0B
:1043C0009A4227D80126D70810F807E002F0070C18
:1043D00006FA0CFC1EEA0C0F00EBD2070DD125E00B
:1043E0004FEAD20E10F80EE002F0070C06FA0CFCB1
:1043F0001EEA0C0F00EBD20718D001329342EFD225
:104400004FF0FF300023C4E88F3F85F310889842B7
:1044100007DBF8BD0023C4E88F3F85F310884FF019
:10442000FF300029F5D00698FFF75AFF4EEA0C0E30
:10443000104687F800E0E5E72B150020044A1078C5
:10444000431CDBB2182B28BF10231370704700BF2A
:104450002908002010B5054C82B001461F23182200
:1044600000940348FFF79CFF02B010BDE843011021
:10447000181900204FF0E022936843F00053936036
:10448000704700BF0021044B03F12002C3E88F1FD7
:1044900001339342FAD17047201500204FF0E023FA
:1044A0004FF08032C3F80024C3F80424C3F8082472
:1044B000C3F80C24C3F81024C3F81424C3F8182438
:1044C000C3F81C24C3F82024C3F82424C3F82824E8
:1044D000C3F82C24C3F8302462B67047012300F0DF
:1044E0001F029340400941B1800000F1604000F597
:1044F0006140C0F8803103607047024A203042F8C2
:104500002030704700E100E00123064A410952F8DB
:10451000212000F01F008340134214BF012000201F
:10452000704700BF00E100E0F8B50D46EFF31087DB
:1045300072B6124ED6E8CF2F0123002AFAD1C6E870
:10454000423F002AF6D1BFF35F8F0D4B00F11004FC
:104550009B680C4A53F82430934203D0994201D00F
:1045600001F048FB064B9B6843F82450BFF35F8F74
:104570000023C6E88F3F87F31088F8BD2915002077
:1045800000ED00E0110100102DE9F04F81468B464F
:10459000164683B0EFF3108372B6DFF8D0A1009314
:1045A000DAE8CF1F01230029FAD1CAE8413F0029E8
:1045B000F6D1BFF35F8F664B93F90040002CC0F239
:1045C000A080644D04EB440705EB870898F80610BB
:1045D00009F110091970604BBF009B6853F829005E
:1045E0006300411B2F292FD95C49884240F0A480E9
:1045F0001C445B4B02372F44043BDB1BC3F34A03D1
:104600006FEAC3434FF421416FEAD34325F82410E6
:1046100005EB840463804BF60153A380FF2348F02D
:104620000100E671C4F808B0A3714B4B9B6843F8D6
:104630002900BFF35F8F0023CAE88F3F009B83F3FD
:10464000108803B0BDE8F08F20F0010E9EF807102F
:10465000B1422ED84FF42143EB53414BB91C2944AE
:10466000043B04375B1A2F44AEF104013D4CC91BD7
:10467000C1F34A012143A8F80410C3F34A033A499D
:104680002343A8F802304AF6AA2073465B1B5B411D
:104690005843000D88F8076088F80600C8F808B08D
:1046A00048F00100CEF80010BFE7D179B1422ED911
:1046B00096469EF906C00CEB4C02BCF1000F05EBD0
:1046C0008202F2DA4BF601510EF10402A8F104075E
:1046D000BF1AC7F34A076FEAC7476FEAD7478EF892
:1046E000064003EB0408204C05EB8803AEF8047089
:1046F00045F82840998083F806C0DE71C3F808B0F9
:1047000093E701F077FA124B93F9004059E77246AC
:1047100032F8041F490514D44915023102EB410156
:1047200001916FF00701C91B019F491B3944C1F377
:104730004A0141F46041C9E7019301F05BFA019B32
:1047400056E701F5FF1101F5FF511F31E4E700BF06
:10475000D45503202C08002000ED00E011010010CA
:104760005C08002000E0FFFF014880472915002079
:104770002DE9F04F83B0EFF3108A72B6744ED6E88D
:10478000CF2F0123002AFAD1C6E8423F002AF6D1F2
:10479000BFF35F8F6F4B00F110089B686E4A53F8B0
:1047A000285095423FD08D420C464AD06B4FEB1BB0
:1047B0002F2B38D801214FEA50194FEA890909F106
:1047C000604909F5614900F01F0301FA03F0D9F8C7
:1047D0000030C9F8800000EA030BBFF35F8FEFF3EE
:1047E0000581C9B279B3884577D125F0010EDEF88D
:1047F00008C0644505D17CE0D3F808C0644532D0D8
:104800009E469EF9062002EB4203002A07EB830333
:10481000F2DA644500F08180BBF1000F20D0C9F8C6
:104820008001C9F800004B4B9B6843F82850BFF348
:104830005F8F0023C6E88F3F8AF3108803B0BDE87E
:10484000F08F1546EFE725F0010EDEF808C064454D
:10485000D7D19EF906407346002C08DA154666E06B
:10486000C9F88000DFE793F90640002C56DB04EB23
:10487000440C07EB8C0CDCF8082061009A609CF873
:104880000720DA719CF90620002A9A715DDBBCF8DA
:104890000420520504D502F5FF1202F5FF521F3223
:1048A000521502F1020C4FF0040E0C2212FB04E22E
:1048B00002EB4C026FF0070C3A44ACEB030C624481
:1048C000C2F34A0242F460429A80254B21441A788E
:1048D00007EB81011C708A719EE7CDE9000101F0B0
:1048E00089F9DDE9000125F0010EDEF808C0644514
:1048F00087D19EF906407346002CB8DA194A1A4C43
:10490000D21A083AC2F30A316FEA01516FEA115123
:1049100044EA5202DA8099807EE773460029EDD19D
:10492000FF228EF806204BF60152AEF804200C4C04
:104930004AF6AA2294F800C01946C91B49414A43C5
:10494000120D83F806C0227066E74BF60152BBE7F2
:104950002915002000ED00E0110100102C080020B6
:10496000D45503206608002000F8FFFFF0B5EFF3F0
:104970000585EDB2EFF3108C72B62649D1E8CF2F42
:104980000123002AFAD1C1E8423F002AF6D1BFF341
:104990005F8F214E40F0010EB4684AF6AA2354F806
:1049A00025701E4A0446A41A644163431B0D7745D3
:1049B0005BB21BD092F906409C421CD092F9124087
:1049C0009C4223D092F91E409C4221D092F92A4069
:1049D0009C4208BF03240FD0114A0024157813709D
:1049E0008571C1E88F4F8CF31088F0BDB2680D4C13
:1049F00042F82540F0E7002404EB440402EB840273
:104A0000FF2494714BF601549480E5E70124F3E709
:104A10000224F1E72915002000ED00E02C08002019
:104A2000D455032011010010014B0B440360704763
:104A30002015002070B5104C104DAC420ED2FF2650
:104A4000236863B1FFF7FAFC01462046FFF7ECFF4D
:104A5000A680BFF35F8F0834AC42F1D370BDFFF77F
:104A6000EDFC01462046FFF7DFFF2671BFF35F8FA5
:104A70000834AC42E4D370BDC00F0020D00F00203A
:104A800010B50446FFF7DAFC01462046FFF7CCFFDD
:104A9000FF232371BFF35F8F10BD00BF10B5044625
:104AA0000120FFF7D7FC034B03442360BFF35F8F64
:104AB00010BD00BF201500200D4B1A68EFF31081C8
:104AC00072B6D2E8CFCF0120BCF1000FF9D1C2E815
:104AD0004C0FBCF1000FF4D1BFF35F8F00221B68B5
:104AE000C3E88F2F81F3108840BF0020002170475A
:104AF0007C550320000000002DE9F04F2DED028BC6
:104B000085B0EFF30583DBB2103B9A0818BF012292
:104B10004FF0010103F0030018BFAF4DAF4B08BFCA
:104B2000AF4D00EB820253F8226001FA00FB05F55D
:104B300041539FEDA78B0190C3F804B02EE0B388DA
:104B4000180440F19280B379002B40F0DC80B6F974
:104B500008100029C0F21D81736901EB410103EBCC
:104B6000C103D3E90247B7F1FF3F08BFB4F1FF3FEC
:104B70000DD0019B05EB8301AB6A0A69D21AE31AD7
:104B8000934203D32B6A13EA0B0F00D10C61284622
:104B900000F0C6FBA042B941C0F2FB80B6F9083074
:104BA000C5F83CB0002B0093C9DBD6F8149003EB9A
:104BB000430A284609EBCA07D7E9024800F0B0FBD0
:104BC000A04271EB0801BADBB8F1000FC0F2C3805C
:104BD000D7E90431834A934200F0ED807A88B6F930
:104BE000080092B242EA0040984702460B4652EA59
:104BF000030100F0B080002B80F2D180B4EB020EF4
:104C000068EB030839F93A30C7E902E8002B96DB74
:104C1000716903EB430201EBC202D2E90270BE45A7
:104C200078EB000C4FEA430289DBB4462CF8083FCE
:104C30000BE031F93230A446002B0DDB03EB4300CF
:104C400001EBC0005A00D0E90270BE451A4478EB6F
:104C5000000001EBC204ECDA29F83A30009BACF812
:104C60000030B38818043FF56EAF3369EFF310825C
:104C700072B6D3E8CF0F01210028FAD1C3E8401F54
:104C80000028F6D1BFF35F8F4FF6FF74B088002382
:104C9000316900B2B480C1E88F3F82F31088984236
:104CA000FFF651AF0746A946746906F1080807EBFD
:104CB000470E04EBCE03D3E90250B6F90830C446E0
:104CC000002B13DBB246009704E034F936309446EB
:104CD000002B09DB03EB430604EBC602D2E90271A9
:104CE000BD4270EB0101F0DA5646009FACF800704F
:104CF00034F93E7024F83E30002FD8DAB3794D46AF
:104D0000002B3FF424AF0023B371B6F9083006F14D
:104D10000808591C3DD01946776903E080465A1CA3
:104D20003FF417AF03EB430207EBC200B0F802C039
:104D30001C461CF4004F9E4637F93230EED08C42B0
:104D400080ED028B05D0A8F80030318927F83210A9
:104D500034817146E3E739F83A3033813369EFF350
:104D6000108272B6D3E8CF0F01210028FAD1C3E830
:104D7000401F0028F6D1BFF35F8F7388316929F88F
:104D80003A30009B73800023C1E88F3F82F3108884
:104D9000D5E640BF05B0BDEC028BBDE8F08F2846DC
:104DA000CDE9022300F0BCFA029A039B10EB020E3D
:104DB00043EB010826E708460B6902919847002853
:104DC000C9D00299D1E9002311E700BFAFF30080F9
:104DD000FFFFFFFFFFFFFFFF00800B40BC440320ED
:104DE00000000B40F94A00102DE9F84F364C2569B8
:104DF0002DB1BDE8F84F0A213448FFF715BEDFF8A2
:104E0000E4800321404600F079FA0326C4F80C80C0
:104E1000FFF714FB4FF0504C2D4B267003442361D9
:104E2000DCF800300F216370636961801D834FF0EF
:104E30000405A3F878504FF00505A3F890504FF003
:104E40000605A3F8A8504FF007050E214FF6FF7294
:104E500008274FF00A0EA3F8C0504FF001094FF099
:104E60000C0C4FF0020B4FF0090A0D204FF00B0510
:104E7000A3F868111749A280A3F808E1A160A3F87C
:104E800048B0A3F8F0A0A3F82051A3F838C1A3F8C4
:104E90005001A3F83090A3F86060A3F8D8701A808E
:104EA0000D4B3046C8F820700C49DC60FFF73CFB26
:104EB00049463046FFF712FB094B0A211F6403489D
:104EC000BDE8F84FFFF7B0BD740800207C55032003
:104ED00020150020FFFF1000BC440320F94A0010F9
:104EE00000200B4000000B40004870477408002071
:104EF0000146F0B50069EFF3108772B6D0E8CF5FD6
:104F00000124002DFAD1C0E8454F002DF6D1BFF3A2
:104F10005F8FB1F902E04C690EEB4E0CBEF1000F51
:104F20004FEACC0504EBCC0C3DDB605B00264880EF
:104F30000869C0E88F6F87F31088BCF80200CCE9DD
:104F400002230130C0F30E00012838BF0120059B69
:104F5000ACF80200CCF81030069B40EA0E40CCF8CA
:104F600014300B69EFF3108272B6D3E8CFCF01276C
:104F7000BCF1000FF9D1C3E84C7FBCF1000FF4D1B4
:104F8000BFF35F8F8B886353A1F804E00B69C3E81C
:104F90008F6F82F310880122CB68097803F50153E3
:104FA0008A405A60F0BD00230A69C2E88F3F87F348
:104FB00010884FF0FF30F0BD03464089B0EB214F21
:104FC00037DD58690A1402EB420210B500EBC2004B
:104FD0001C69EFF3108C72B6D4E8CFEF0122BEF15A
:104FE000000FF9D1C4E84E2FBEF1000FF4D1BFF38A
:104FF0005F8F428889B292B28A4207D000221B6931
:10500000C3E88F2F8CF31088002010BD42F40042BB
:1050100042800121002218699971C0E88F2F8CF31A
:1050200010881C78DA68084602F50153A1405960DF
:1050300010BD0020704700BF2DE9F041861F41F1EF
:10504000FF35B04271EB050338BF002682B038BF90
:10505000354604460F4600F06BF9301A65EB010344
:10506000012873F1000306DA2046394602B0BDE894
:10507000F04100F099B900F05BF9864265EB01015F
:1050800000290ADB0021174B3246009316482B46B5
:105090000191FFF72DFF0028E6DB4FF0000C1348CD
:1050A000134A436A9D4204D8816AB142DCD29D42D0
:1050B000DAD11368EFF3108172B6D3E8CF8F5FF0C7
:1050C000010EB8F1000FF8D1C3E848EFB8F1000FB6
:1050D000F3D1BFF35F8F1368C3E88FCF81F31088DC
:1050E00020BFDEE7B94A00107408002000000B4022
:1050F0007C55032010B5044600F01AF94FF47A737A
:105100004FF0FF3C6FF00042E4FB0301BDE81040AC
:10511000844572EB01033CBF60461146FFF78CBF2C
:105120002DE9F04306460D4683B0EFF30584E4B263
:105130003CB1274B586AA8421CD2002003B0BDE8FE
:10514000F083244FD7F80C9097F80080484600F081
:10515000E7F808F1040859F828301B1A301A65EBF3
:105160000101984271F1000111DB20BF184B586A10
:10517000A842E2D39B6AB34203D3012003B0BDE847
:10518000F083401B18BF012003B0BDE8F08300F09E
:10519000CFF8864265EB01010029CADB0E4B384689
:1051A000CDE9003432462B46FFF7A2FE011EC0DDDA
:1051B000074B5A6AAA4208D39B6AB34203D30548F5
:1051C000FFF7FAFEB5E7AA42F9D120BFF7E700BF23
:1051D00000000B4074080020B94A00102DE9F0418E
:1051E0000446DDE9071552EA030070D0002B16468D
:1051F0001F4671DB0698C5E900232861AC60696130
:1052000000F096F84FF0FF326FF00043801947EB43
:105210000107824273EB07013CBF1F46104623691A
:10522000EFF3108872B6D3E8CF1F01220029FAD11C
:10523000C3E8412F0029F6D1BFF35F8FB4F90260B4
:10524000616906EB4603002E4FEAC30C01EBC30372
:1052500046DB31F80C204FF0000E62802269C2E874
:105260008FEF88F310885A88C3E902070132C2F32E
:105270000E02012A38BF01221F485A805D61186161
:1052800042EA06422369EFF3108072B6D3E8CF8F6B
:105290000127B8F1000FF9D1C3E8487FB8F1000F3A
:1052A000F4D1BFF35F8FA38821F80C30A680236967
:1052B000C3E88FEF80F3108801202178E36800FABB
:1052C00001F103F501535960EA60BDE8F081012660
:1052D000002732463B468DE7564263EB430789E79A
:1052E00000202369C3E88F0F88F310884FF0FF3246
:1052F000EA60BDE8F08100BFF94A001010B4054B28
:10530000054C064AA04214BF1846581C5DF8044BD1
:10531000FFF71AB81C19002000800B40044401104C
:105320000346416A0A46986A596A8A42FAD1704726
:10533000034B596A0A46986A596A9142FAD17047F2
:1053400000000B4010B4174A536A9C46946A536A93
:105350006345FAD1001959414FF0000228BF0122DC
:105360000346CAB10F4B596A4B1C08BF0B4608D005
:105370004FF0FF310B460B48426A8A42FCD38A4207
:1053800007D1084A02E0506A884202D1906A9842E6
:10539000F9D35DF8044B7047024A526A9142EAD849
:1053A000EDE700BF00000B40074A536A9942FCD862
:1053B000994207D1044B02E05A6A914202D19A6A9B
:1053C0008242F9D3704700BF00000B4070B516460B
:1053D0000D4619460446FFF727FB2946701C00F0CE
:1053E000A3FE0023E6816060A581A36070BD00BFBD
:1053F00038B504460368EFF3108572B6D3E8CF0FD3
:1054000001220028FAD1C3E8402F0028F6D1BFF3CB
:105410005F8F20896389E289C31A44BF02F1010CBE
:105420006344934206D100202368C3E88F0F85F3BD
:10543000108838BDA289636802FB00300AF01CF8AE
:1054400000222389E18901339BB2994238BF134678
:1054500021682381C1E88F2F85F3108840BF012088
:1054600038BD00BF38B504460368EFF3108572B647
:10547000D3E8CF0F01220028FAD1C3E8402F00283B
:10548000F6D1BFF35F8FB4F80AC02389B3EB0C00E9
:1054900006D448B92368C3E88F0F85F3108838BD58
:1054A000E38901331844F4E741B10846A2896168F1
:1054B00002FB0C1109F0E0FFB4F80AC0E3890CF11B
:1054C000010C1FFA8CFC634538BF4FF0000C2268BA
:1054D0000023A4F80AC0C2E88F3F85F3108840BFBC
:1054E000012038BDF8B5054606200E4600F05CF9EF
:1054F000002842D0354A3648954214BF4FF08062AA
:105500004FF00062334B344902601A608C6832EA13
:105510000404FBD12D4B4FF48071EB1AB3FA83F3E3
:105520002E4A5B09062022F8131000F03DF9C30053
:10553000B3FBF6F30133DA0920D140260121696279
:10554000AA622F6BFB0722D42B46002253F82C1F94
:10555000062003F5805422602F6300F025F940F205
:10556000013103228000B0FBF6F0EB6A83F0700398
:1055700003F07E0323602963AA64F8BD4FF6FE7131
:105580008A421BD922464FF6FF71154ED7E740F2EB
:10559000013205F540531A636B6AAC6A062004EBCE
:1055A000831400F001F90F4BA402A3FB0023DB0AD4
:1055B0000021B4FBF3F0FFF7C5FEC5E7C3F34503D5
:1055C000114603EB82161A46B9E700BF0080074078
:1055D00000200240003002400000024084550320B9
:1055E000C0FF3F00757B2B8F2DE9F047089C9C4244
:1055F0004FD806464FEA134A1D040F469046002333
:105600002246284651460EF06BF906EB4604A400EC
:1056100004F1804404F5803471B351464FF0000921
:105620006368301FC0B2012836D94FF40065294A9B
:1056300004F540531D6052F826503DB15369B3FB49
:10564000F5F3013303EB4303033BFDD2236804F579
:10565000805583EA481303F0E00301282B602DD91D
:1056600042F826104FF4006204F500531A6001203E
:10567000C4F80490BDE8F08763688146984200D979
:10568000606002460B46284651460EF029F9014655
:10569000C7E70020BDE8F087012FC6D1032204F53B
:1056A00040531A60A368DB07FCD5236804F58055D6
:1056B00083EA481303F0E003064A2B6001202368C5
:1056C000B8407B4003F003032B60A3680342FCD087
:1056D000C6E700BF2C19002000EB400C4FEA8C0CF1
:1056E0000CF1804C0CF5803CF0B51646DCF804203B
:1056F000051FB2F5803F38BF4FF48032EDB238BF9E
:10570000CCF80420012D2AD94FF40067254C0CF564
:105710004052176054F82020B2B9DCF80020012D67
:1057200082EA461202F0E0020CF5805632602AD975
:105730004FF4006144F820304FF480330CF50052F0
:105740001160CCF80430F0BD6769B7FBF2FE0EF1D2
:10575000010E0EEB4E0EBEF1030EFCD2DDE7012969
:10576000D2D103240CF540521460DCF80820D20793
:10577000FBD5DCF800200B4C82EA461202F0E00276
:105780000CF5805632600122DCF800504D4005F0E7
:105790000305356002FA01F1DCF808200A42FBD06B
:1057A000C6E700BF2C190020014B53F820007047BA
:1057B0002C190020584B2DE9F0431C6C1746B4F50A
:1057C000803F38BF4FF480320E464FF003018046D1
:1057D00038BF1A64514A504B83B0D1635C6CE50703
:1057E000FCD5DA6B4E4982F0200202F0E002CA6377
:1057F000DB6B494D83F0010303F00303CB636C6C57
:10580000A407FCD54FF400624FF48039454B464C59
:10581000DA63464B4246636101213346C5F8409046
:105820004348009700F056F94FF400616B6B07FB9B
:1058300006F64B4538BFC5F83490384B2269B8FBA3
:10584000F6F619633AB16369B3FBF2F3013303EB84
:105850004303033BFDD2304B31491A6B02F0E002A7
:105860000A631A6B82F0020202F003020A63996B68
:105870004807FCD54FF400654FF4803229490D6389
:105880002C495A632161196C91424FF0030138BFD2
:105890001A64224B204AD963536CD907FCD5D36BC9
:1058A0001F4D03F0E003EB63D36B1B4983F001034F
:1058B00003F00303EB634B6C9B07FCD54FF4803381
:1058C0004FF40065174A6661D5630B64CA6C9A424F
:1058D00038BFCB644FF40061104BA26999643AB1B0
:1058E0006369B3FBF2F3013303EB4303033BFDD2E4
:1058F0004FF400604FF48031074A094D936C83F0F8
:10590000400303F0E003AB64064B084DA5619864C7
:10591000D16403B0BDE8F0830000014000300140D5
:1059200000100140002001402C190020006CDC0216
:1059300000000540001BB7002DE9F04F4FF4A078A0
:10594000994685B0CDE902125F4CDFF884A1544539
:105950000AD908F1FF38A4F53B54B8F10F0FA4F1B0
:105960002004F4D1002069E0072304F537220194D4
:1059700003FB03F402F5D872B2FBF4FE70454FF05E
:10598000010C4FF002074FF003064FF004054FF0F3
:1059900005013FD0B3F1010E00F094800EFB03F43B
:1059A000B2FBF4FB58454CD019B301FB03F4B2FB36
:1059B000F4FB58454FD0E5B105FB03F4B2FBF4FB13
:1059C000584553D0AEB106FB03F4B2FBF4FB584587
:1059D00057D077B107FB03F4B2FBF4FB58455BD01B
:1059E000BCF1000F05D00CFB03F4B2FBF4FB8345C4
:1059F0005DD0734603FB03F4B2FBF4FE704501F186
:105A0000FF3105F1FF3506F1FF3607F1FF370CF1E5
:105A1000FF3CBFD104FB1024002CBBD19E464A465C
:105A2000DDF808B0DDF80C900120284901FB08F1F1
:105A3000CBF80010C9F80030C2F800E005B0BDE8AE
:105A4000F08F04FB1024002CAED14A46DDF808B0DC
:105A5000DDF80C90E8E704FB1024002CABD14A469B
:105A60008E46DDF808B0DDF80C90DDE704FB10246D
:105A7000002CA7D14A46AE46DDF808B0DDF80C9000
:105A8000D2E704FB1024002CA3D14A46B646DDF829
:105A900008B0DDF80C90C7E704FB1024002C9FD160
:105AA0004A46BE46DDF808B0DDF80C90BCE704FBC2
:105AB0001024002C9DD14A46E646DDF808B0DDF8FA
:105AC0000C90B1E7019C44E750262F00001BB70063
:105AD00050F80C0070B4039D04682D0345EA03459B
:105AE0001B4B002CB3FBF1F3B2FBF3F61FDB194A9F
:105AF000194B904214BF4FF480424FF40042174CB0
:105B00001A6003F580531A60A36832EA0303FBD1DD
:105B1000212200F540530433016086601A60026858
:105B2000002AFCDA0822C5601A6070BC704703685E
:105B300003F03F038B42DAD18368C3F30B03B34214
:105B4000D5D1C36803F4EE23AB42D0D1EDE700BF5B
:105B5000001BB7000080054000200240000002400A
:105B6000012300EB4000800000F1804000F584102C
:105B700041600360704700BF0023DB8A002242E8D7
:105B800000F2520201D4102118470421184700BF27
:105B9000034AD2F82838002BFBD0BFF35F8F704741
:105BA00000000E400021044B044ABFF35F8F43F80E
:105BB000041B9342F9D170470C080E402C080E408C
:105BC00010B44FF48D704FF42A64064A064B07490F
:105BD0001460D06019605368002BFCDA5DF8044B48
:105BE000704700BF0080044000A0044000B0FA00ED
:105BF000704700BF08B50148FEF772FB284401104A
:105C000038B5054C054DAC4204D254F8043B9847D6
:105C1000AC42FAD338BD00BF183901105839011011
:105C200038B5054C054DAC4204D254F8043B9847B6
:105C3000AC42FAD338BD00BF4439011058390110C5
:105C400010B40748074C084B084A094904601A6019
:105C50008B6832EA0303FBD15DF8044B704700BF49
:105C6000002002407F3BEFEF00300240F6FFF303DD
:105C700000000240044BDB6CB3F5004F03D14FF43E
:105C80008022024BDA64704700001150002011504E
:105C90004FF0E022044BD2F8881D0B43C2F8883D38
:105CA00010EE3004704700BF030330006FF0604116
:105CB000044B054A19609368DB4333F06043FAD123
:105CC000704700BF003002400000024010B545F2AE
:105CD0005320FFF751FFBDE810400346042018474A
:105CE00010B545F25320FFF747FFBDE810400346CB
:105CF00001201847FEF7C6BB70B51449144C154D6A
:105D0000641AA610442E324628BF44222846920028
:105D100009F0B2FBB4F5867F13D80F4AC6F14401EF
:105D200012D02B19480803EBC000C3E90022083346
:105D30008342FAD1CB0704D521F00103334445F85F
:105D40002320064B9D6070BD4323F8E70000001040
:105D500010010010000000201101001000ED00E013
:105D6000002370B52B4C82B0C4F88430FFF728FFB5
:105D70000122294BDA63636C012BFCD10321264AF3
:105D8000244B11639C6B012CFCD102260525214676
:105D90000523224A22480096FFF79CFE21462B4607
:105DA000204A21480095FFF795FE00220420314645
:105DB0001E4BFFF791FC2146284600221C4BFFF7A3
:105DC0008BFC0022082011461A4BFFF785FC0022AD
:105DD00009201146174BFFF77FFC002206201146D1
:105DE000134BFFF779FC0022114B07201146FFF7F8
:105DF00073FC0420FFF7D8FC00240F4BA3FB0035F5
:105E0000AD0CE0B229460134FFF7AAFE062CF8D10A
:105E100002B070BD0000014000300140002F685901
:105E200000000540008C864700800540001BB7003D
:105E300080D1F008006CDC0283DE1B4386B003B423
:105E400051FC0804CDE9020151FC0904CDE904012B
:105E500051EC0A04CDE9060103BCF047BDE800504F
:105E60004EEC00C4BDE800504EEC01C4BDE800504B
:105E70004EEC02C400BD000000B5FFF7DFFF02E0FA
:105E800010FE30F4F8D441EC100443EC112400EE81
:105E9000010410EE010480EE200451EC1004704760
:105EA00000B5FFF7CBFF02E010FE30F4F8D441EC70
:105EB000100443EC112400EE010410EE210480EEE6
:105EC000200451EC3004704700B5FFF7B7FF02E043
:105ED00010FE30F4F8D410B541EC100443EC11245A
:105EE00051EC040453EC0524A0FB024C5FF0000EBF
:105EF000E0FB03CEE1FB02CE4CEC20440024E1FBAE
:105F000003E444EC30E480EE200451EC5004BDE89E
:105F10001040704700B5FFF791FF02E010FE30F42B
:105F2000F8D441EC100443EC112451EC2104A0FB03
:105F300001126FEA820252FB100052FB12F252FB76
:105F40001000A0EBD07C53EC04245CFB13F153EC69
:105F50001524A1FB022001FB030053EC4424A2EB17
:105F6000000050FB1CF24FEA111312EB017043EBDF
:105F7000E27140EA515020EA915020F0070053ECC2
:105F80007524A0FB023C53EC752400FB03CC01FB01
:105F900002CC53EC0424ACEB824C40EA5C70A0F1E0
:105FA000010041EC400480EE200451EC7004704785
:105FB00000B5FFF743FF02E010FE30F4F8D440ECE8
:105FC000700400EE010410EE210480EE200451EC78
:105FD0003004704700B5FFF731FF02E010FE30F4E7
:105FE000F8D440EC600400EE010410EE210480EED1
:105FF000200451EC3004704700B5FFF71FFF02E0AA
:1060000010FE30F4F8D441EC800400EE010410EEF0
:10601000010480EE400410EE1304704700B5FFF752
:106020000DFF02E010FE30F4F8D441EC800400EEE5
:10603000010410EE010480EE400410EE33047047BA
:1060400000B5FFF7FBFE02E010FE30F4F8D441EC9F
:10605000100443EC112400EE010410EE3004C0F3F0
:106060000070704700B5FFF7E9FE02E010FE30F463
:10607000F8D441EC100443EC112400EE010410EEBE
:106080003004C0F38070704700B5FFF7D7FE02E020
:1060900010FE30F4F8D443EC102441EC110400EE6F
:1060A000010410EE30F48CBF01200020704700BFC7
:1060B00000B5FFF7C3FE02E010FE30F4F8D443EC65
:1060C000102441EC110400EE010410EE30F42CBF5A
:1060D00001200020704700BF00B5FFF7AFFE02E0CF
:1060E00010FE30F4F8D441EC100443EC112400EE1F
:1060F000010410EE30F42CBF01200020704700BFD7
:1061000000B5FFF79BFE02E010FE30F4F8D441EC3E
:10611000100443EC112400EE010410EE30F48CBFA7
:1061200001200020704700BF70B504460E460B48A2
:106130000DF0E2FB3146204608F02EFD05460748EB
:106140000DF0D2FB06FB04F42DB1054B2C449C4210
:1061500001D8284670BD0348FEF7C2F8C00F0020E2
:106160000000082034440110704700BF2DE9F04FB3
:1061700083B09946DDE90DAB0F9B884611469A071F
:10618000074616D1DA453AD20C460D46ABEB0A0665
:106190000E4422464B46414620200134B847B442C3
:1061A000F7D12946BAF1000F08D1204603B0BDE867
:1061B000F08F0C46BAF1000F10D00E4655460C9BDE
:1061C0002E449A440191721B4B46013D41461AF8F8
:1061D000010D3446B847002DF5D101990F9B9B075F
:1061E000E3D5651AAB45E0D922464B46414620200F
:1061F0000135B8475D4504F10104F5D3D5E7BAF19F
:10620000000FDAD10C46D0E72DE9F04F0F9FDDF8F3
:1062100024E017F0020F0A9C9DF82C900E9DDDE9FA
:106220000C8629D1002D6FD1B44225D2202C07F045
:10623000010B00F0128104F1FF3C4FF0300AF444EE
:1062400001E0202C7AD00134A6420CF801AFF8D836
:10625000BBF1000F10D0AC420ED2202C74D004F150
:10626000FF3C4FF0300AF44401E0202C29D00134E7
:10627000AC420CF801AFF8D117F0100F3AD017F478
:10628000806F28D11CBBB8F1100F00F0CA80B8F1A4
:10629000020F00F0D48030248EF800400124B9F1C0
:1062A000000F67D17E0740F1AA802B260EF804600C
:1062B0000134CDE90B57CDE909E4BDE8F04FFFF714
:1062C00055BFFC0640F189807C0535D42024A642C8
:1062D0006AD0AC4268D0B8F1100F00F08780B8F1F6
:1062E000020F5AD0202CE4D0264601344FF0300C57
:1062F0000EF806C0202CD2D1CDE90B57CDE909E428
:10630000BDE8F04FFFF732BF17F0010B3ED0B9F1F7
:10631000000F47D117F00C0F44D1B4429BD2202C70
:1063200089D1202D10D8FC0657D57C0555D4202EB8
:1063300000F0B980202D10D02024CCE7BBF1000F55
:1063400000F0A580202DBCD9FC0646D57C0544D4A0
:10635000202E00F0A880202D3FD12C461F26B8F11A
:10636000100F7FD0B8F1020FC0D14FF0620C0EF8C1
:1063700006C0B7E72D260EF804600134CDE90B57AF
:10638000CDE909E4BDE8F04FFFF7F0BEB442BFF439
:1063900073AF202C7FF44FAFD6E7202C89D0264650
:1063A0000134E2E7013DB8E7661ED8D1B8F1100F1D
:1063B00064D0B8F1020F7FF46EAF62268EF80060F1
:1063C000302644468EF80160B9F1000F3FF46AAF01
:1063D000D0E7B8F1100F7FF46CAF2024CDE90B5754
:1063E000CDE909E4BDE8F04FFFF7C0BEBE060ED40C
:1063F000202CF2D078260EF80460013472E73E07B4
:106400007FF557AF20260EF80460013451E7202CA9
:10641000E3D04FF0580C0EEB040686F800C00134B0
:1064200060E7BE0617D558248EF8004030248EF859
:1064300001400224B9F1000F3FF434AF9AE762241F
:106440008EF8004030248EF801400224B9F1000F8C
:106450003FF428AF8EE77824F2E7BBF1000F7FF41A
:1064600062AF71E717F0200F0CBF4FF0780C4FF0C0
:10647000580CA61E0EF806C0013C35E7BC06EAD54E
:1064800058248EF8004030248EF80140DDE717F0E4
:10649000100F3FF40EAF17F4806F9AD1202E7FF4C7
:1064A00018AF1F265BE734461F2658E700B9704730
:1064B00001F044BB10B1D1E900311847704700BF6B
:1064C0002DE9F04F9FB09DED287BDDE92AA558EC22
:1064D000177B83461E460D91109243463A46384636
:1064E00041468DED087B2C9CFFF7AEFD002840F067
:1064F000D880384641464FF0FF32754BFFF704FE17
:10650000002840F0CE80384641464FF0FF326FF40D
:106510008013FFF7BDFD002840F0C380DDE9087857
:106520000022384641460023FFF7B2FD002840F024
:10653000C081CDE90A78DDE90A2390461F4614F4AC
:10654000806308BF4FF0060A139304F4006258EA10
:106550000703119240F0C080002A00F0A2819FED55
:106560005A7B00278DED0E7B4FF00009BA45CCBF5A
:10657000AAEB070A4FF0000A4F46C8BF0AF1FF3ADC
:1065800044F480644D4594BF4FF00008A5EB090822
:1065900014F00203119304D0B9F1000F18BF4FF0AB
:1065A00000083FB1DDE90A01DDE90E23FFF7B6FC83
:1065B000CDE90A01DDE9080100220023FFF768FDAB
:1065C00030B1DDE90A01024601F10043CDE90A23B9
:1065D0009DED0A7BCDE902A8DDF834A024F4006328
:1065E00004938DED007B334651465846109A00F0D7
:1065F00097F98046B9F1000F4FD014F0200F0246F2
:1066000000F1010433460CBF652045205146D847B0
:1066100009F1FF3087EAE77C0DF1580900224B466B
:10662000DFF8B080ACEBE77C4FEAD77E01E0202AB0
:1066300010D0E246A8FB0C71C90801EB8107ACEB56
:1066400047073037BAF1090F8C4602F1010203F80F
:10665000017BECD805230590069300200A230D9FAB
:10666000CDE90330CDE9012E33462246394658465E
:10667000CDF80090FFF7C8FD119B80466BB1109BD1
:10668000C41AA54209D9424633463946202001346E
:10669000D847A54208F10108F5D840461FB0BDE82B
:1066A000F08F9DED087B33465846109A0D998DED7D
:1066B000287BCDE92B54CDF8A8A01FB0BDE8F04F42
:1066C00000F02EB9AFF300800000000000000000D1
:1066D000FFFFEF7FCDCCCCCCC7F30A50A0F2FF3048
:1066E000FFF76AFC8AA3D3E90023FFF7F1FB8AA333
:1066F000D3E90023FFF7C4FBC7F31307CDE90E016D
:1067000047F07F51404600227B4B41F44011FFF798
:10671000CBFB6BA3D3E90023FFF7DAFB02460B4662
:10672000DDE90E01FFF7ACFBFFF76AFC0746FFF758
:1067300043FC65A3D3E9002380468946FFF7C8FBE5
:1067400000226E4BFFF79CFBFFF75AFC03464946BD
:10675000404612935EA3D3E90023FFF7B9FB8046BE
:1067600012988946FFF728FC5BA3D3E90023FFF7C3
:10677000AFFB02460B4640464946FFF795FB0246F3
:106780000B4680468946FFF7A3FB42464B46CDE9C0
:106790000E0140464946FFF773FB0022CDE9140184
:1067A000DDE90E01564BFFF7B9FB0022554BFFF711
:1067B00067FB02460B46DDE90E01FFF7AFFB002247
:1067C000514BFFF75DFB02460B46DDE90E01FFF77B
:1067D000A5FB42464B468046894600204FF080414B
:1067E000FFF762FB02460B4640464946FFF748FB6F
:1067F00002460B46DDE91401FFF790FB0022434BF4
:10680000FFF73EFB129B002203F2FF3C4FEA0C53C2
:10681000FFF75EFB80468946DDE90A0142464B46AA
:10682000CDE90E89FFF734FC68BB4346494607F1C2
:106830006302C62A119A8CBF4FF005094FF0040974
:10684000002A3FF49FAE0B433FF48EAEDDE90A0110
:1068500023A3D3E90023FFF743FC48B1DDE90A0194
:1068600021A3D3E90023FFF713FC00287FF47CAEBB
:10687000BAF1000F3FF486AE139B002B3FF482AEBB
:106880000AF1FF3A7EE600221E4B40464946FFF7DA
:1068900045FB0A4601460346CDE90E12013F11466B
:1068A000C5E79FED137B17464FF004098DED0E7B76
:1068B00068E608F100430A970B933CE6AFF30080CB
:1068C00061436F63A787D23F71A379094F930A4051
:1068D0001655B5BBB16B0240EF39FAFE422EE63FCA
:1068E0002D431CEBE2361A3F0000000080842E414D
:1068F00000000000000000000000F83F0000E03F42
:1069000000002C4000002440000018400000F03F30
:10691000FB799F501344D33FB3C8608B288AC63F8E
:106920002DE9F04F97B0DDE92089CDE90401DDE9DB
:10693000224BCDE90623404642464B464946DDF808
:1069400090A0FFF781FB002840F0C58140464946F2
:106950004FF0FF326FF48013FFF79AFB002840F0EE
:106960001D81404649464FF0FF32C14BFFF7CCFB3B
:10697000002840F0E380B8A3D3E90023404649460D
:10698000FFF7C2FB002840F0CB80B5A3D3E900237A
:1069900040464946FFF77CFB002840F0C180404656
:1069A000494600220023FFF773FB002840F0E080F7
:1069B0001AF480650D9000F0E980092C40F2968170
:1069C0000EAB1A460C9330210023A4F109050133C4
:1069D000202B02F8011BA4EB030600F03A81AB4226
:1069E000F5D19FED9D7B8DED087B49464046FFF735
:1069F00007FB0446FFF7E0FA02460B4640464946CD
:106A0000FFF752FADDE90823FFF762FA02460B4668
:106A1000CDE90A23FFF706FB0746FFF7DFFA024638
:106A20000B46DDE90A01FFF73FFA02460B46CDE9C6
:106A30000A2300228F4BFFF767FB002800F0DB8062
:106A400001373846FFF7CAFADDE90823FFF748FBAC
:106A500008B100270134002E40F0B1802046FFF736
:106A6000ABFA02460B4640464946FFF71DFA0022A4
:106A7000804B06460F46FFF70BFB40B930463946C0
:106A800000227C4BFFF740FB002800F015810C9B97
:106A9000691E7948194410E080FB0462C3EBA2032D
:106AA00003EB8302A4EB420404F1300201351C46DF
:106AB00001F8012F002B00F0AB80202D4FEAE4738A
:106AC000EAD10AF00303012B1CD1BBF1000F19D04E
:106AD0000D9B002B40F0F9801AF00C0F40F0F58070
:106AE000AB4540F2D380202D0BD030220C996B1E89
:106AF0000B4401355D4503F8012F00F08D80202DFA
:106B0000F7D12025DDE90623DDE904010C9CCDE960
:106B100002BA01950094FFF729FB17B0BDE8F08F8A
:106B2000CDE92089DDE90623DDE90401CDE923BAB9
:106B3000229417B0BDE8F04FFFF7C2BC4F4DCDF81F
:106B40008CA00AF0040ABAF1000F4D4C18BF2C4675
:106B5000DDE90623DDE9040120940CBF03240424AD
:106B6000CDF888B0219417B0BDE8F04FFFF7FEBA1A
:106B70004B46424600200021FFF796F901231AF404
:106B80008065804689460D937FF417AF9FED367B75
:106B90000EAB06268DED087B0C9326E70424DDE979
:106BA0000623DDE90401374DCDF88CA0CDF888B07F
:106BB0002095219417B0BDE8F04FFFF7D7BA0C9B92
:106BC000681EDFF8C4C018440DE0ACFB0721C908FB
:106BD00001EB8102A7EB42023032092F00F8012FAE
:106BE00027D90F461D46202D05F1010306F1FF367A
:106BF000EBD120254BE70022DDE90A011D4BFFF711
:106C000047FA00287FF427AF002F5AD1013722E737
:106C10000AF00303012B75D0202D3FF473AF0D9BB9
:106C2000BBB32D2205F158036B4403F8202C01352A
:106C300068E7202BDDD0AEB30C9A1E4415443022F9
:106C400001E0B3422ED00133202B05F8012FF8D1FB
:106C5000CFE71D46C5E600BF0000000065CDCD4171
:106C60000000000065CDCDC10000000080842E41F1
:106C7000FFFFEF7F0000E03F676666668844011013
:106C80009044011098440110CDCCCCCC202D3FF481
:106C900039AF1AF0040F0DD11AF0080F3FF432AFDC
:106CA0002022BFE72E2103F158026A4402F8201C7B
:106CB0005D1CECE62B22B5E7E3077FF5E8AE013477
:106CC000E5E6FA077FF5C7AEA0E70BF1FF3BAB4562
:106CD0003FF609AFA0E70324DDE90623DDE904015F
:106CE0000A4DCDF88CA0CDF888B061E7084B264658
:106CF00003EBC40393ED007B0EAB8DED087B002509
:106D00000C9372E6BBF1000F86D0E1E694440110CB
:106D1000404A01102DE9F04F9A469BB0249C964DB5
:106D20000B94964C0B1E18BF834625609AF8000002
:106D3000934C0A9308BFA3460992002800F0BC8236
:106D40004FF000090AE04A46099B0A9909F1010936
:106D5000D8479AF80000002800F0CE8025280AF1D4
:106D6000010AF0D10023524612F8010BA0F12001D4
:106D700010290AD8DFE801F04009093C090909098E
:106D800009090938093409093000A0F1300109293D
:106D900040F28C802A2800F0F58000210C912E28EA
:106DA00000F099800027A0F1680112292DD8DFE8B2
:106DB00011F057012C0051012C0045012C002C0032
:106DC0002C002C002C002C002C0027002C002C0068
:106DD0002C002C002C002700924643F00103C2E750
:106DE000924643F00203BEE7924643F00403BAE73B
:106DF000924643F01003B6E7924643F00803B2E729
:106E00009AF8010043F4807301326728924600F239
:106E10008280242840F2C680A0F12502422A00F296
:106E2000C180DFE812F05F01BF00BF00BF00BF00FC
:106E3000BF00BF00BF00BF00BF00BF00BF00BF005A
:106E4000BF00BF00BF00BF00BF00BF00BF00BF004A
:106E5000BF00BF00BF00BF00BF00BF00BF00BF003A
:106E6000BF00BF00BF00260145012601BF00BF00D3
:106E7000BF00BF00BF00BF00BF00BF00BF00BF001A
:106E8000BF00BF00BF00BF00BF00BF00D301BF00F5
:106E9000BF00BF00BF00BF00BF00BF00BF00BF00FA
:106EA000D3016701D301260145012601002100E03D
:106EB000013201EB810100EB410110789246A0F113
:106EC0003004092CA1F13001F2D92E280C9102F1E5
:106ED00001027FF467AF9AF801001146A0F1300675
:106EE000092E43F4806340F231812A2800F03E816C
:106EF00092460027013256E74C46099B994501D33B
:106F000003F1FF394A460020099B0A99D8472046D9
:106F10001BB0BDE8F08FA0F16902D2B20F2A41D8B0
:106F2000012649F2410196400E4040F001810A2AB3
:106F30003FD0072A36D10B9C54F8042B002A00F0CE
:106F4000288143F021010DF1480E704603E0202E08
:106F500000F029811A4602F00F052B46092D94BF37
:106F6000303337330F2A00F8013B06F101064FEAB0
:106F70001213ECD817E100BF156D0010B0440320C8
:106F8000696100100B9C9AF8010054F8045B92466A
:106F9000002DBDBF694243F002030C910C950B9488
:106FA0000132FCE64A46099B0A9909F10109D847D2
:106FB000CFE60B9951F8048B98F800201046002F6B
:106FC00040F0E18072B16FF0010C0CF1010C46460B
:106FD000C44401E0664503D016F8014F002CF9D1F6
:106FE000A6EB080613F4806C02D0BE4228BF3E46D2
:106FF00013F0020400F08781002A00F02B81BCF11D
:10700000000F00F041810B940D964A46DDE90954CA
:107010000E464F4408E02B462146D84718F8010F8A
:1070200009F1010910B14A464F45F4D131460B9C94
:107030000D9E002C40F00E810B918AE69AF801001B
:107040006C287FF4DFAE9AF8020043F440730AF133
:107050000302DAE69AF8010043F400730132D4E641
:107060009AF80100682800F0208143F08003013283
:10707000CBE6672800F0E780472800F0008145282C
:1070800000F0FF800B9C04930C9B0734CDE9027346
:1070900024F007031C46DDE90931F4E802674A469B
:1070A0005846CDE900670B94FFF70AFA814650E68F
:1070B00046280B9C08BF43F0200304930C9B073425
:1070C000CDE9027324F007031C46DDE90931F4E839
:1070D00002674A465846CDE900670B94FFF720FC4B
:1070E000814636E64A462520099B0A9909F101099D
:1070F000D8472EE60B9A9C0702F1040709F1010616
:1071000040F1E6801078099B4A460A99D8470C9BC3
:10711000012B40F22C81DDE90954994432462B467B
:10712000214620200136D8474E45F7D10B9710E66F
:107130006F2800F08B8040F26581782800F008818C
:107140004FF00A0823F01003C44647E0002707EB7E
:10715000870700EB4700A0F1300711F8010FA0F1FD
:107160003002092AF3D98A464A1C1CE60B9C9AF87D
:10717000020054F8047B0AF1020A0AF101020B949E
:1071800027EAE7770FE6002A3FF42CAF07F1FF3C30
:107190001BE723F0100113F4806241F021013FF45A
:1071A000D2AE0DF1480E08231020059300234A4665
:1071B000CDE9023006915846DDE90931CDE900E616
:1071C0000497FFF721F80B948146C2E5582879D03F
:1071D000622840F051824FF00208C44613F48060E8
:1071E0006DD123F00C0313F4007240F0C2800B99B0
:1071F00004310D9113F4807140F02E825E060B9ADB
:1072000040F1AA801278002A40F0DA8023F01003BF
:10721000002800F0D58011460DF1480E06930C9B16
:10722000CDF80CC0CDE90473019100234A460293C6
:107230005846DDE90931CDF800E0FEF7E5FF0D9B8A
:1072400081460B9385E543F400631BE74FF0080884
:10725000C446C3E70C9B4C46B3427FF6EDAE0F46E7
:107260004B44A3EB0609DDE909652246334629466E
:1072700020200134D8474C45F7D13946DCE643F4A9
:10728000006343F02003FDE60F460B94DDE909544B
:107290004A462B462146D84718F8010F09F1010943
:1072A0000028F5D139460B9CC3E69AF8020043F05A
:1072B000C0030AF10302A8E5044681461DE623F057
:1072C0000D0390E74FF0100843F02003C44685E714
:1072D0000C9B012B45D9DDE909544E4609F1FF38D5
:1072E000984432462B46214620200136D847464551
:1072F000F7D10C9B324699440B9B1878DDE9093194
:10730000D8470B9725E50C9BB34240F2EE81CDE9BF
:107310000D48DDE9095488464B449E1BCDF82CC02E
:107320004A462B462146202009F10109D847B1459C
:10733000F6D14146DDF838800C9BDDF82CC00D9C61
:1073400098F800205E1C1046002A7FF458AE73E6C1
:107350004FF01008C44641E71D064CBF1288126862
:1073600051E713464A461878DDE90931D847B14656
:10737000DCE60B9C073424F007042246656852F8CB
:10738000084B0B9254EA050240F02C8123F01003C5
:10739000002800F0278100260DF1480E06930C9B73
:1073A0004A46CDE904730023CDE900E6CDF80CC0D0
:1073B00002935846DDE90931FEF726FF8146C8E40D
:1073C00013F0200F14BF412061200DF1480E7646C6
:1073D000A0F10A0803E020293FF420AF2246B2FBC7
:1073E000FCF40CFB1425E8B2092D00F130058ABF2E
:1073F0004044E8B2C0B2624506F8010B01F1010158
:10740000E9D20BE723F0100269280D9240F06F815A
:1074100013F4806204D04FF4806223F011030D93C3
:107420000D9B13F4007640D10B9B03F104080D9BD8
:1074300013F4807040F09880590640F1C6800B9B91
:1074400019780C46CB0F002900F0B98022460DF1C7
:10745000480E74461646DFF8A0C201E020280FD07F
:107460003546ACFB0621C90801EB8102A6EB4202BE
:107470003032092D0E4600F1010004F8012BEDD841
:107480000D9ACDE9010306920C9ACDE904720A2304
:107490004A4603935846DDE90931CDF800E0FEF78E
:1074A000B3FECDF82C80814653E40B9C073424F0C6
:1074B000070421460846636850F8081BDC0F0B9050
:1074C00051EA030000F0C3800A46191E48DB134648
:1074D0000DF1480EF4460026CDE90E94DFF818822F
:1074E00001E0202E2DD05A1842F10002A8FB0259CB
:1074F00029F0030505EB9905521B1C469B1A61F107
:10750000000508464FF0CC3101FB03F108FB0511E3
:10751000A3FB08531944052305F00109A9FB03390E
:107520009B180A2C03F130034FEA550570F1000057
:107530000CF8013B06F1010645EAC1734FEA51011F
:10754000CFD2DDE90E940D9B4A4606930C9BCDE904
:107550000164CDE904730A23CDF800E0039328E722
:10756000524261EB4101B2E70B9B1968CB0F002936
:1075700000F0AB8081EAE172A2EBE1720DF1480EFE
:107580007046DFF874C101E0202E10D01546ACFB28
:107590000241C90801EB8104A2EB440404F130026A
:1075A000092D00F8012B06F101060A46ECD80D9AC8
:1075B000CDE9016306920C9ACDE9047267E7002ACF
:1075C0003FF445AF0DF1480E5AE713F0800F0B9BC7
:1075D00000F08180B3F9001081EAE174A4EBE1745A
:1075E000A4B22FE713F0200F14BF412261220DF146
:1075F000480E0A3ACDE90D97CDF844B000267746FB
:10760000F3469146CDE90F3C03E0202E17D0044607
:107610000D4629464246002320460CF061F9D2B2BD
:10762000092A02F1300388BF02EB09034445DBB2AB
:1076300075F1000507F8013B06F10106E5D2DE46CB
:10764000DDE90D97DDE90F3CDDF844B0A6E6002A40
:1076500047D1134611463BE70B990968A1B923F0BE
:10766000100388B10DF1480E06930C9BCDF80CC0A9
:10767000CDE904730192D8E513F480627FF4CBAEB8
:1076800023F010030D93CBE613F0200F14BF41201D
:1076900061200DF1480E7646A0F10A0802E0202A8A
:1076A000E2D02146B1FBFCF40CFB1415E8B2092D25
:1076B00000F130058ABF4044E8B2C0B2614506F827
:1076C000010B02F10102EAD2CEE7002A3FF456AFE5
:1076D0000DF1480E6BE7196881EAE174A4EBE174DF
:1076E000B0E600260DF1480E2DE701362BE64FF0EF
:1076F0000A081346C44671E5CDCCCCCC70B594468F
:107700001E4605460C4684B04FF0FF32634602A980
:1077100000960348CDE90254FFF7FCFA04B070BDAF
:10772000B56400100FB410B50E4B84B006A91C68E8
:1077300051F8043B03915CB100914FF0FF3202A974
:107740000948A047012004B0BDE8104004B07047CC
:10775000184600F035FA204604B0BDE8104004B0E9
:10776000704700BFB0440320AD64001010B5094B52
:1077700084B01C684CB1034600914FF0FF3203A95E
:107780000548A047012004B010BD00F019FA2046BA
:1077900004B010BDB0440320AD64001000BEFDE78E
:1077A000074A0346106838B1064903448B428CBF30
:1077B0004FF0FF3013607047034908461160F3E74C
:1077C000A444032000000820E45503200346084693
:1077D000114623B9034BD3E9002300F059B94FF008
:1077E000FF307047D8490110431E012B09D810B54E
:1077F0001446084601230022214600F0D1F8204615
:1078000010BD4FF0FF3070474FF0FF30704700BFA2
:107810004FF0FF30704700BF4FF0FF30704700BFA0
:1078200002288CBF00200120704700BF08B5FFF779
:10783000B5FF00BF9C46144600B50B4602466146A4
:1078400083B044B1054D064801940095FFF76AFFE7
:107850000120FFF7A3FF034D2C46F4E7A0440110DD
:10786000B04401100845011038B5064C064DFEF72E
:10787000C7F9AC4204D254F8043B9847AC42FAD35F
:1078800038BD00BF5839011064390110036808463B
:1078900011461847437D2DE9F04781460F461646AD
:1078A000002B43D0002A3BDD037D00204D1E014606
:1078B00015F8012FDFF884800A2A01F101040ED0A7
:1078C000A6421CD02B782146A3F10D03B3FA83F313
:1078D00015F8012F5B090A2A01F10104F0D1002BF0
:1078E000EED18142A1EB000138441BDC022140466D
:1078F000D9F800309847A64208D02046E2E78642F1
:1079000004DD311AD9F8003038449847374417F865
:10791000013CA3F10D03B3FA83F35B0989F814303A
:10792000BDE8F087D9F800309847DFE73846D9F846
:1079300000301146BDE8F047184700BF904A0110DB
:107940000B682DE9F041802B0D46064605D05A1CE8
:107950002B442A601E71BDE8F0810F4B1C68A4B156
:107960000E4F01F1040801E0246974B12368002B73
:10797000FAD03B680BB1A342F6D1204641462A68B3
:10798000FFF788FF2469002CF0D1002301222B444B
:107990002A601E71BDE8F08154190020781B002078
:1079A0002DE9F04782B00D46924699460746FDF70D
:1079B000BFFC4FF0FF366FF000442F4A821841F1B0
:1079C0000003964274EB03013CBF324623462B482A
:1079D0000BF09AFF6B1C804603D1384608F0C2FAC0
:1079E0000546274B274E1C68274BB9F1000F18BFDF
:1079F0001E46B4B1BAF1000F1AD1DFF8909001E041
:107A0000246974B12368002BFAD0D9F800300BB187
:107A10009C42F5D120462A463946B0472469002CBD
:107A2000F0D1B8F1000F1FD1284602B0BDE8F087B1
:107A30004FF00A0ADFF8549002E02469002CF0D0DD
:107A40002368002BF9D0D9F800300BB1A342F4D150
:107A50002A4639462046B047012220460DF107014B
:107A60008DF807A0B047E8E704480BF03DFF284633
:107A700002B0BDE8F08700BF40420F00C80F0020F1
:107A8000541900208D78001095780010781B002084
:107A90002DE9F04F984607460E4683B0DFF860B0F8
:107AA000DFF86090DFF860A00192DBF8004014B9C5
:107AB00011E024697CB1D9F800500DB1A542F8D18C
:107AC000A268002AF5D03146384690470028F0DDFC
:107AD00003B0BDE8F08FDAF8242090450BD8DAF82F
:107AE0002810019B994204D36FF0010003B0BDE858
:107AF000F08F9045F8D101200021FDF723FCD4E759
:107B000054190020781B002000000B400A4A13681B
:107B10004BB1834202D109E0984207D003F1100231
:107B20001B69002BF8D101B1106070470029FCD10E
:107B3000036913600161704754190020F0B583B0E8
:107B400006468DF80700FDF7F3FB4FF0FF356FF0A9
:107B50000044174A821841F10003954274EB030177
:107B60003CBF23462A4613480BF0CEFE124B074675
:107B70001C689CB1114D01E024697CB12368002B85
:107B8000FAD02B680BB19C42F6D1204601220DF1B0
:107B90000701FFF77FFE2469002CEFD117B93046AB
:107BA00003B0F0BD03480BF09FFE304603B0F0BDBC
:107BB00040420F00C80F002054190020781B0020FD
:107BC00038B5044608F0CEF9012305461A4620468A
:107BD0002946FFF7E5FE084B1C682CB163682BB102
:107BE00098472469002CF9D1284638BD2469002C17
:107BF000F4D1284638BD00BF541900202DE9F041CA
:107C0000A2B004460D46FDF793FB4FF0FF376FF02F
:107C10000046274A821841F10003974276EB0301A0
:107C20003CBF3A46334623480BF06EFE00262B46F7
:107C300007462246204801A90196FFF75FFD019BF8
:107C400006467BB91D4B1C682CB1636843B198474D
:107C50002469002CF9D10FBB304622B0BDE8F08179
:107C60002469F1E7DFF85480D8F80050EDB1144CE6
:107C700001E02D6975B12B68002BFAD023680BB198
:107C8000AB42F6D12846019A02A9FFF703FE2D69FF
:107C9000002DF0D1D8F800400195D5E705480BF04C
:107CA00023FE304622B0BDE8F0810195D3E700BF46
:107CB00040420F00C80F00204179001054190020E5
:107CC000781B00200FB400B583B004A951F8040B51
:107CD0000191FFF793FF03B05DF804EB04B0704728
:107CE000B1F1000C1DDD0F4A0F4B126830B5D31AED
:107CF000B3FA83F30D240D4D5B09411E35F913E0F2
:107D00008C4411F8010F864506D093699B06FCD47C
:107D100061451060F5D130BD93699D06FCD41460B7
:107D2000F3E77047885503200080074084550320FF
:107D3000224BB1F1000C10B41C682EDD034600206C
:107D40001F4A591E12689369DB0617D401309369E4
:107D5000DB06FCD41368844501F8013FF3D14CB134
:107D600050211346916353F8342F02F0380203F583
:107D700080531A6060465DF8044B70474CB1502147
:107D80001346916353F8342F02F0380203F5805301
:107D90001A6078B15DF8044B70475CB1084B502114
:107DA0001A681346916353F8342F02F0380203F532
:107DB00080531A606FF00200ECE700BF101900203A
:107DC00088550320054B1B6833B10021044A054840
:107DD0001268006891631847704700BF10190020AF
:107DE0008855032014190020024B1A6893691B0759
:107DF000FCD4704788550320F8B51C4F1C4D3A68D9
:107E00001C4EAA4214BF212522250446D6F800C0E4
:107E100018B1BCF1000F10D0F8BDBCF1000FFBD0C1
:107E2000014690632846FCF759FB28461249FCF7A7
:107E30009FFC124B34601C60F8BD0B460F4A0E4984
:107E4000306028461360FCF76FFB01212846FCF7E1
:107E500045FB3A6850211346916353F8342F02F0E2
:107E6000380203F580531A60F8BD00BF885503201F
:107E70000080074010190020C57D00101419002053
:107E800070B5104E0D463060101E1C4606DB10F01B
:107E9000020F0CBF02210B21FCF7E0F9002C07DBDD
:107EA00014F0020F0CBF02210B212046FCF7D6F97B
:107EB00029463068FDF716FBBDE8704001210248F5
:107EC000FFF724BE885503208C08002003BD00BFA7
:107ED00010B50446FDF7A4FE2346BDE81040184740
:107EE000F0B5054687B0192017460E46FCF70CFB87
:107EF000002104461920FCF7F1FA0021CDE90465C0
:107F000003970026002701224FF050438C46CDE90D
:107F100000670292B9B11A6D9507FCD5596540BF4B
:107F20001A6DD00703D420BF1A6DD207FBD59A6D06
:107F30008A420DD04FF0000C06AA02EB8C0252F8D8
:107F4000181CE7E79A6D1A6DD607FBD440BFE2E72D
:107F50000CF1010CBCF1060FEED12146192007B03F
:107F6000BDE8F040FCF7BABA0C4B0D4A93420ED371
:107F70009C4603F6F4710B4A9268CCF8F40F0A4859
:107F8000CCF8F83FCCF8FC0F0848FFF7A9BF4FF03A
:107F9000FF3340F6F3719C46EDE700BF0000082078
:107FA0000000082000ED00E0D17E0010CD7E001022
:107FB00000B545F247308BB0FDF7DEFD01220346E8
:107FC000092101A89847DDE90332044912BA1BBA16
:107FD000C1E900230BB05DF804FB00BFDC440320C3
:107FE0002DE9F04FB14B89B0D3F8987017F0010923
:107FF00000F085801B6D13F4407FC3F3012240F035
:10800000E9804FF48073012105A8ADF81820ADF880
:1080100014300BF075FC4FF44072A54B7E0540F216
:1080200001441A656FD4FD0600F1948038071FD50E
:108030004FF480219E4A9D4B1165DB6C990715D545
:1080400008249C48457F8678C48201F019F80023F3
:108050000222012105A8CDE9053307948DF81860A7
:108060008DF815208DF816500BF04AFC49F00809E0
:108070007A060AD54FF000618F488D4B827E1965D4
:10808000002A40F0218149F04009BB0631D54FF06C
:1080900000418948864A837E49F020091165002BFA
:1080A00000F05F811021854BD9644023033BFDD252
:1080B0000024012583681C609565D164C37890F81D
:1080C0001D806B408678C370C0E90444847600F05C
:1080D000D7FF0223294605A8CDE9064405948DF86B
:1080E00018608DF815308DF816808DF819500BF04A
:1080F00007FCB94540F0308109B0BDE8F08F7E053E
:108100004FF480648FD54FF000516B48684B827EEE
:108110001965002A40F0A880664B1846B3F816800F
:10812000457F867800F0ACFF02230022012105A8DC
:10813000CDE90522CDF81C808DF816508DF8186019
:108140008DF815308DF819300BF0DAFBFD06A146DD
:108150007FF56CAF554B49F010099E6DF40700F1A7
:108160009480002E3FF462AF03244FF0010BDFF840
:108170005481DFF83CA10BE00BFA04F52E4218D134
:108180001F2C20D0023408F12008002E3FF44EAFFF
:10819000651E0BFA05F53542EED04046CAF8585038
:1081A00001F080F800BB26EA05060BFA04F52E4222
:1081B000E6D04046CAF8585001F074F8A0BB1F2C16
:1081C00026EA0506DED1002E3FF430AF31463C48AA
:1081D000FCF786F80023012105A8ADF81430ADF8AE
:1081E00018300BF08DFB16E798F81D3098F8022038
:1081F000B8F81610404601930392029100F040FF38
:1082000000234FF0020E0299CDE90533039A019B3A
:10821000079105A801218DF818208DF815E08DF83B
:1082200016300BF06DFBBEE798F81D3098F8022071
:10823000B8F81610404601930392029100F020FF17
:1082400000234FF0020E0299CDE90533039A019BFA
:10825000079105A801218DF818208DF815E08DF8FB
:1082600016300BF04DFBAAE71021144AD1644022CE
:10827000033AFDD2002201258668904632609D6552
:10828000D964C0E9042282764AE70B48837E002B3A
:108290003FD1084C62681268A27E002A3CD10122BC
:1082A000034B9A6526F001065BE700BF0000115002
:1082B0000030115058190020581B00200020115088
:1082C000E0440110781900201021274AD16440228F
:1082D000033AFDD200240125826814609D65D964AB
:1082E00090F81D808678C0E90444847600F0C8FECA
:1082F0000223294605A8CDE9064405948DF81860A7
:108300008DF815308DF816808DF819500BF0F8FAAD
:10831000B9E6044643681B680125144B20469D6559
:1083200000F0C0FF0028BDD0204694F81D8094F8CE
:1083300002A0E48A00F0A4FE00230222294605A838
:10834000CDE9053307948DF818A08DF815208DF828
:1083500016800BF0D5FAA5E7054889EA0701FBF777
:10836000BFFF0448FBF7BCFF002011500030115044
:108370000C450110F8440110024B9A7E02B9DA70E4
:10838000704700BF581B002038B500F059FE0C2381
:10839000104C114DA36729460E20FCF7E9F9294638
:1083A000FF220E20FCF7F0F84FF4007200210B487A
:1083B00006F0C2FA20220021094806F0BDFA032186
:1083C00040F27B43074A21640120E264C4F8903004
:1083D00038BD00BF00001150E17F00105819002087
:1083E000581B002000860020704700BF704700BF68
:1083F000034B1B6D13F4407F14BF01200020704716
:108400000000115008B5074B186DC0F3012001287A
:1084100003D0022808BF002000D108BD0248FBF7A6
:108420005FFF00BF0000115020450110002900F03F
:108430004482F8B5B74C0D4623781BB1637F8B425D
:1084400000F03C82B44C94F83D30AB4200F0168210
:1084500094F85D30AB4200F0F38194F87D30AB428C
:1084600000F0D08194F89D30AB4200F0AB8194F8DD
:10847000BD30AB4200F0868194F8DD30AB4200F0B5
:10848000618194F8FD30AB4200F0238194F81D31F6
:10849000AB4200F0FE8094F83D31AB4200F0D98051
:1084A00094F85D31AB4200F0B48094F87D31AB427A
:1084B00000F08F8094F89D31AB426BD094F8BD31C1
:1084C000AB4248D094F8DD31AB4225D094F8FD3171
:1084D000AB4200D0F8BD94F8E031002BFAD0012176
:1084E000002294F8FE31D4F8E46103EB010E9B0006
:1084F000D4F8E851894F03F1A04303F5881301FA3A
:108500000EF1796586485A6084F8E02132602A606D
:10851000BDE8F84000F0B4BD94F8C031002BD5D0D0
:108520000120002294F8DE11D4F8C4618B000144CC
:1085300000FA01F103F1A043784803F5881341657F
:108540005A60D4F8C83184F8C021764832601A6085
:1085500000F096FDBAE794F8A031002BB2D00120CC
:10856000002294F8BE11D4F8A4618B00014400FAF3
:1085700001F103F1A043694803F5881341655A608E
:10858000D4F8A83184F8A021674832601A6000F05E
:1085900077FD97E794F88031002B8FD001200022DF
:1085A00094F89E11D4F884618B00014400FA01F123
:1085B00003F1A043594803F5881341655A60D4F884
:1085C000883184F88021594832601A6000F058FDE3
:1085D00074E794F86031002B3FF46CAF0120002267
:1085E00094F87E11D4F864618B00014400FA01F123
:1085F00003F1A043494803F5881341655A60D4F854
:10860000683184F860214A4832601A6000F038FD11
:1086100050E794F84031002B3FF447AF012000228F
:1086200094F85E11D4F844618B00014400FA01F122
:1086300003F1A043394803F5881341655A60D4F823
:10864000483184F840213B4832601A6000F018FD40
:108650002BE794F82031002B3FF422AF01200022B9
:1086600094F83E11D4F824618B00014400FA01F122
:1086700003F1A043294803F5881341655A60D4F8F3
:10868000283184F820212C4832601A6000F0F8FC70
:1086900006E794F80031002B3FF4FDAE01200022E4
:1086A00094F81E11D4F804618B00014400FA01F122
:1086B00003F1A043194803F5881341655A60D4F8C3
:1086C000083184F800211D4832601A6000F0D8FC9F
:1086D000E1E694F8E030002B3FF4D8AE0120002210
:1086E00094F8FE10D4F8E4608B00014400FA01F124
:1086F00003F1A043094803F5881341655A60D4F893
:10870000E83084F8E0200E4832601A6000F0B8FCCF
:10871000BCE600BF581B0020581900200030115043
:10872000381B0020181B0020F81A0020D81A00203F
:10873000B81A0020981A0020781A0020581A002031
:10874000381A002094F8C030002B3FF49AAE012074
:10875000002294F8DE10D4F8C4608B00014400FAC3
:1087600001F103F1A043624803F5881341655A60A3
:10877000D4F8C83084F8C0205E4832601A6000F037
:108780007FFC7EE694F8A030002B3FF475AE01200C
:10879000002294F8BE10D4F8A4608B00014400FAC3
:1087A00001F103F1A043524803F5881341655A6073
:1087B000D4F8A83084F8A0204F4832601A6000F046
:1087C0005FFC59E694F88030002B3FF450AE012056
:1087D000002294F89E10D4F884608B00014400FAC3
:1087E00001F103F1A043424803F5881341655A6043
:1087F000D4F8883084F88020404832601A6000F055
:108800003FFC34E694F86030002B3FF42BAE01209F
:10881000002294F87E10666E8B00014400FA01F18C
:1088200003F1A043324803F5881341655A60A36EF3
:1088300084F86020324832601A6000F021FC11E6B2
:1088400094F84030002B3FF408AE0120002294F849
:108850005E10666C8B00014400FA01F103F1A04345
:10886000234803F5881341655A60A36C84F84020BF
:10887000244832601A6000F003FCEEE594F82030E2
:10888000002B3FF4E5AD0120002294F83E10666A0B
:108890008B00014400FA01F103F1A043144803F5F1
:1088A000881341655A60A36A84F8202004F12000EF
:1088B00032601A6000F0E4FBCAE5704710221249EA
:1088C0004023CA64033BFDD20026A168084B0E601A
:1088D0000121C4E90466A67620469965DA6400F0B1
:1088E000CFFB20223146204606F026F8AAE500BF3D
:1088F00000301150181A0020F8190020D819002053
:10890000B8190020981900200020115001210E20D4
:10891000FBF7E4BD2DE9F843D578084605F00303DD
:10892000022B92F802E07BD18F4C2378002B64D08D
:10893000637F8B4200F0D380D57805F00305022DCC
:10894000294676D0002D74D1884C894B26469C460A
:1089500063604FF4C073874FA76007F58077E760C7
:108960001EF07F080CBF4FF001094FF0000943EAE9
:10897000856395889779C5F30A0222834FEADE1250
:1089800043F02043E17684F802E0607784F80390B6
:10899000627017B1013F43EA0743CCF8003001236E
:1089A000B442237026D0704B9C4223D040EA084644
:1089B0000AB946F00076704B1D6DC5F30125012DF7
:1089C00004D0022D08BF002540F0CB8000F0C4FD8C
:1089D0000121A27FA8424FEA8203684803F1A04325
:1089E0000A4418BF46F0806603F5881301FA02F2C4
:1089F0005E6042650120BDE8F88305F00305022DA5
:108A000029469FD102215B4B0D46A36080336360F2
:108A10009C468033E360554E4FF4C073524C9FE741
:108A200005F00305022D29468CD14F4C2378002BED
:108A3000E8D04E4E96F82030002B6DD096F840309E
:108A4000002B76D096F86030002B74D096F88030EA
:108A5000002B72D096F8A030002B70D096F8C03062
:108A6000002B6ED096F8E030002B6CD096F80031D9
:108A7000002B6AD096F82031002B68D096F8403150
:108A8000002B66D096F86031002B64D096F88031C8
:108A9000002B62D096F8A031002B60D096F8C03140
:108AA000002B44D096F8E0310F24002B35D04FF442
:108AB000F07496F8FEC1324F344407EBCC07A76040
:108AC000304F314B07EBCC074FEA8C1C6344E3601B
:108AD00083F0A043BC46676083F4801340E7A3782B
:108AE00073457FF429AFA37E83B11021234A40232D
:108AF000D164033BFDD200230120A56802F580521A
:108B00002B609065D164C4E90433A376164800F065
:108B1000B7FA0023E3706DE7012404F1FF3C06EB94
:108B200044135FFA8CFC83F81EC06401C3E70E2473
:108B3000F3E70224F1E70324EFE70424EDE705243B
:108B4000EBE70624E9E70724E7E70824E5E709243B
:108B5000E3E70A24E1E70B24DFE70C24DDE70D243B
:108B6000DBE70A48FBF7BCFB581B00205819002024
:108B700000011050800010500000115000201150D2
:108B800088001050080010500002105020450110BD
:108B90002DE9F84312F07F0794460C461E46BDF8B7
:108BA000209000F08F80A84B1A781AB15A7F8A4221
:108BB00000F0CD80A54890F8202022B190F83D200B
:108BC000A24200F0CF8090F8402022B190F85D20C2
:108BD000A24200F0CE8090F8602022B190F87D2073
:108BE000A24200F0CD8090F8802022B190F89D2024
:108BF000A24200F0DC8090F8A02022B190F8BD20C5
:108C0000A24200F0DB8090F8C02022B190F8DD2075
:108C1000A24200F0DA8090F8E02022B190F8FD2026
:108C2000A24200F0D98090F8002122B190F81D21D5
:108C3000A24200F0D88090F8202122B190F83D2186
:108C4000A24200F0D78090F8402122B190F85D2137
:108C5000A24200F0D68090F8602122B190F87D21E8
:108C6000A24200F0D58090F8802122B190F89D2199
:108C7000A24200F0D48090F8A02122B190F8BD214A
:108C8000A24200F0D38090F8C02122B190F8DD21FB
:108C9000A24200F0D28090F8E0214AB94FF0E023E0
:108CA000D3F8F03DDB0700D500BE0020BDE8F88317
:108CB00090F8FD21A242F1D190F8E2216245EDD178
:108CC0000F2263E06148837E002BEED105465E4BA8
:108CD0009A7E002AE9D1AA784FEADC18624540F072
:108CE000BD809D425FD1DA68596882F0A04383F469
:108CF000801343F028430B604A463146284600F073
:108D0000C1FA534A44EA07471760156D514B524E5A
:108D1000C5F30125B8F1000F08BF1E46012D03D091
:108D2000022D40F0EB800025204600F015FC401B92
:108D300018BF0120464946EA801626F001000C22A1
:108D4000C864033AFDD2CE640120BDE8F8839A7866
:108D500062457FF42FAF9A7E002AA6D13B481D467C
:108D6000827EB6E790F8222062457FF42CAF012284
:108D70000CE090F8422062457FF42DAF022205E01E
:108D800090F8622062457FF42EAF032200EB42157B
:108D9000A97E5201002988D1002A99D0AA784FEAE9
:108DA000DC1862455AD1854240F0A280A4E790F8D1
:108DB000822062457FF41FAF0422E7E790F8A220EB
:108DC00062457FF420AF0522E0E790F8C2206245BB
:108DD0007FF421AF0622D9E790F8E22062457FF4C4
:108DE00022AF0722D2E790F8022162457FF423AF39
:108DF0000822CBE790F8222162457FF424AF0922B4
:108E0000C4E790F8422162457FF425AF0A22BDE70E
:108E100090F8622162457FF426AF0B22B6E790F806
:108E2000822162457FF427AF0C22AFE790F8A221A0
:108E300062457FF428AF0D22A8E790F8C221624571
:108E40007FF429AF0E22A1E7581B002058190020FB
:108E500000001150058600200986002085F802C018
:108E6000B7FA87FC4FF0010EE968EA7E81F0A04175
:108E700081F4801141EA82616A6841F020414FEA41
:108E80005C1C85426C7785F8018085F803C0116011
:108E900085F800E03FF430AF9D423FF424AF44EA50
:108EA0000747B8F1000F01D147F00077154B1B6D54
:108EB000C3F30128B8F1010F05D0B8F1020F08BFC4
:108EC0004FF000081AD1204600F046FB0121AA7F8E
:108ED00040454FEA82030C4803F1A0430A4418BFFF
:108EE00047F0806703F5881301FA02F25F6042657C
:108EF0004A463146284600F0C5F925E70348FBF706
:108F0000EFF900BF00001150002011502045011062
:108F1000530607D0144B187828B3587F88421DD0C9
:108F200000207047114870B5EFF3108572B610211C
:108F30000F4A4023D164033BFDD2002301248668FD
:108F400002F5805233609465D164C0E904338376BE
:108F500000F096F885F31088204670BD997891420C
:108F6000DED11846DFE77047581B00205819002053
:108F700000201150F8B52748274B847E0846117809
:108F800019705178597091789970D178D970117998
:108F900019715179597191799971D279DA710CB14C
:108FA0000020F8BD1D4A1E4908269160803151609D
:108FB0008031D1604FF4807101255180968219492A
:108FC000194E5077D47695765470C3F800611570B9
:108FD00008600D6DC5F30125012D03D0022D08BFDA
:108FE000254613D100F0B8FA104FA842104918BF17
:108FF0003946104E0B4C104A4FF00C0318BF324646
:10900000E164033BFDD20120E264F8BD0B48FBF7AD
:1090100067F900BF581B00200000105058190020AD
:109020008000105000001150800100A042860020F6
:109030000286002043860020038600202045011080
:109040004FF0805209480A4908B50A4B02600A608D
:109050009968C94311F08051FAD14FF48052064803
:1090600005F06AFC0922054B5A6708BD0020024042
:10907000003002400000024000001050000011507B
:109080000023C0E904338376704700BF2DE9F04721
:10909000828A048B436894421D68C37828BF1446B3
:1090A0001E1E18BF012683F00103121B4178C370F6
:1090B00044F4806C93B283824CEA463CE1B9D0E937
:1090C000032604F1FF3E9CB1BEF1050F06F101033A
:1090D00002D9D71A022F7FD8013A264400E0013383
:1090E00013F8011CB34202F8011FF8D10669838A04
:1090F000264406614CF4004C0BB94CF4804C5E4A9B
:109100004CF48051146C8278A6071FD55B4CC6685E
:1091100002F07F02A6421BD0D2B125F0A04343F05B
:109120000053D0E90142236013685C0500F1A08080
:10913000514B21F4806414601B6C9B0703D40C23F7
:10914000033BFDD282681160BDE8F087D209E4D00C
:10915000002BE2D0048BC2789C4228BF1C46161E0E
:1091600018BF012682F00102C27090F801E01A1BBC
:1091700092B244F4806C82824CEA463CBEF1000F0D
:1091800020D1D0E9037604F1FF3907F14008ACB1F2
:10919000B9F1050F06F1010303D9A8EB0302022A76
:1091A00041D807F13F02264400E0013313F8017C67
:1091B0009E4202F8017FF8D10669828A2644066140
:1091C0004CF4004C0AB94CF4804C25F0005341EAB1
:1091D0000C4143F0A043A4E7B0461746231F9B0869
:1091E000013358F8049B01318B4247F8049BF8D8AF
:1091F000B4EB830F4FEA83013FF478AF16F8237086
:10920000BEEB010E02F823700E440A443FF46EAF29
:109210007378BEF1010F53703FF468AFB378937069
:109220000669838A64E77346B246C646221F9208DF
:1092300001325AF8047B01339A424EF8047BF8D885
:10924000B4EB820F4FEA8203B6D016F82270B9EB66
:10925000030908F822701E449844ADD07378B9F120
:10926000010F88F80130A7D0B37888F80230A3E75F
:1092700081780348FBF734F800001150800110504A
:109280003045011000B54FF0000C4FF0010E828206
:1092900080F81AE0A0F816C05DF804EB0161FFF752
:1092A000F5BE00BF0346807E2DE9F041002800F0A6
:1092B000BD809A68597814681468C4F309040029B9
:1092C00035D0D3E9036104F1FF389CB1B8F1050F43
:1092D00006F1010202D98D1A022D3ED8013906EBA2
:1092E000040E00E0013212F801CC724501F801CF02
:1092F000F8D11969DA8A1D8B2244214492B2AC421A
:109300001961DA8259681AD3096849001CD5AC4240
:109310001AD199680C685978C4F30944002941D1DD
:109320002244DA82AC420FD200229A820AE0DA8A20
:109330001D8B224492B2AC425968DA82E4D20022F8
:1093400009689A82BDE8F0819A8A002AFAD0184604
:10935000FFF79CFE0020BDE8F081B6468C46002257
:10936000271FBF0801375EF8045B0132BA424CF890
:10937000045BF8D3B4EB870FA8EB870206EB870CEE
:1093800001EB8705B5D016F8276001F82760002AA1
:10939000AFD09CF80110012A6970AAD09CF8022075
:1093A000AA70A6E7D3E9037104F1FF3C07F1400678
:1093B00094B1BCF1050F04D907F141028A1A022ABF
:1093C0000FD80A460D1916F8011B02F8011B954229
:1093D000F9D1DA8A19691D8B22442144DA82196194
:1093E000A0E7B6460F460022251FAD0801355EF8FE
:1093F000048B0132AA4247F8048BF8D3B4EB850FF3
:10940000ACEB850201EB850706EB850CE1D016F885
:10941000256001F82560002ADBD09CF80110012AA4
:109420007970D6D09CF80220BA70D2E799780148BA
:10943000FAF756FF50450110C27843691A70704719
:109440002DE9F8432C4E3378834202D13379DB0780
:1094500001D4BDE8F883074611B173788B42F8D187
:1094600012B1B3789342F4D1244B13B10120F7F732
:1094700053FCDFF8988098F80020C2B1DFF8909094
:10948000D9F80030A3BB012A11D01C2301241D46AA
:1094900002E0D9F800302B449B6901209847013441
:1094A00098F80020E3B29A4205F11C05F1D8012199
:1094B0003846FEF7BBFF682200210F4805F03CFA52
:1094C0004FF0FF310E4C0F4B227BC6F80D10012AD6
:1094D0005960C6F81510D960BBD10B4D28680AF049
:1094E000FBF9002363732868BDE8F8430AF0FCB970
:1094F00000242546D0E700BF40150020190D0010BC
:109500000C1500204D150020B0160020D05503206A
:1095100008150020704700BF0023012813800B802E
:1095200011D10C4B93F804C01CF0020FCCF3400097
:1095300008D010B4DC8844B10C801B895DF8044B62
:109540001380704770471846704720465DF8044BFB
:10955000704700BF40150020012802D1034BD87886
:109560007047034BD87800F00F007047401500207B
:109570001C1500202DE9F047DFF8088198F800302D
:10958000984216D0FF2B04460F4615D03946204688
:1095900088F80040FEF7F8FE40B94FF0E023D3F81A
:1095A000F03DDB0700D500BEBDE8F0872046FFF7A1
:1095B000ADF90120BDE8F087274E2848FBF76EFA89
:1095C000274D304601F0FEF9264B28461E60FBF77A
:1095D00057FA254A254B156023B12548AFF3008083
:1095E000244B18600025244B244AC3E90055C3E9E5
:1095F0000255234B294615601846682205F09CF950
:109600004FF0FF32DFF86890C0F80D2099F8001095
:10961000C0F81120C0F81520C0F819200029B5D0D5
:10962000DFF850A0DAF800309BB90129AED01C2336
:1096300001251E4602E0DAF8003033445B689847A3
:10964000013599F80020EBB29A4206F11C06F2D8D7
:109650009CE72E46F2E700BFA4080020B8080020CF
:10966000B4160020BC160020B01600200000000038
:10967000D0550320081500200C1500201C150020D3
:1096800040150020C00800202DE9F04F05784678ED
:1096900083B005B11EB9002003B0BDE8F08F012DE5
:1096A00005D1DFF8C08098F80430DC0707D44FF00C
:1096B000E023D3F8F03DD907EDD500BEEBE74FEA44
:1096C000D61A06F07F0B0AF11D09254B09EB4B0951
:1096D000C14404461968484601F000F80028DAD071
:1096E000D4E90213D4E904C008EB4B07574497F8B8
:1096F0001DE018371EF0010F4FEA4B0B10D04FF052
:10970000E023D3F8F03DDA0700D500BE98F8043026
:10971000DB07C0D5124B4846196801F009F8BAE7D3
:10972000D3440BF1050B89B248F83BC0009108EB1C
:10973000CB0BCBF804007879324640F00100787109
:10974000294698F80000FFF723FA0028A4D17A7977
:1097500060F300027A717A7960F382027A71D5E758
:10976000B0160020401500200A46F8B512F07F051B
:1097700001461BD1012814BF1C4B1D4B1D4C1878F2
:10978000237B8B4201D00020F8BD657B002DFAD0F1
:10979000194DFFF7BDFB4FF0FF3128680AF09CF828
:1097A0000023286863730AF09FF81CE00128EAD1BF
:1097B0000F4FD60907EB450404EBD214607F183431
:1097C00010F00100E0D03878FFF7A2FB0A4B06F159
:1097D0001D001968637900EB450023F0010338444C
:1097E000637100F0A5FF0120F8BD00BF1C1500202B
:1097F000401500200C150020B01600200B462DE966
:10980000F041012814BF5A495A49044691F8008092
:109810008AB0002B2FD1584D6B7B022BDFB271D059
:10982000032F51D0012F23D1544EF388002B40F049
:109830008680534F92B24FF0FF313868EA810AF0C8
:109840004BF8032338686B730AF04EF83278002324
:10985000D24321464046009302F08002FFF798F978
:1098600030B94FF0E023D3F8F03DDB0700D500BE60
:109870000AB0BDE8F081414902AA002603C982E886
:1098800003004FF0FF313C4D8DF81330EB89069209
:109890002A689BB2079205936A68AB688DF81040FE
:1098A000374C08920993ADF8116020680AF014F85B
:1098B00020686E730AF018F8089B002BD8D004A813
:1098C00098470AB0BDE8F0812C4E7378092B1BD065
:1098D00096E803000026EA8902AB92B283E803000F
:1098E000059206932A686B688DF81040CDE907232E
:1098F000AB684FF0FF31224C0993ADF811608DF841
:109900001360D2E71D4E94E73378002BE0D101219C
:10991000FFF72AFF81212046FFF726FF022120467C
:10992000FFF722FF82212046FFF71EFF394620461F
:10993000FFF71AFF83212046FFF716FFC8E7104FF5
:109940004FF0FF31386809F0C7FF022338686B73A6
:1099500009F0CAFFF38832780093214640462B680D
:1099600002F08002FFF714F9002881D179E700BFE7
:109970001C150020401500200C150020A815002003
:10998000B01600202DE9F04F00268146AB4DDFF8E0
:10999000C082AB4F8BB02C686369EFF3108272B654
:1099A000D3E8CF0F01210028FAD1C3E8401F0028D7
:1099B000F6D1BFF35F8F204601A9A26100F068FFD6
:1099C0006369C3E88F6FA36983F31088002860D0B0
:1099D0009DF80530032BDED8DFE803F022190802DA
:1099E000029B002BD7D003989847D4E79DF8081026
:1099F0009DF8063001F07F00002B4DD1002840F08B
:109A00001481039A9DF80910FFF7F8FEC3E79DF84B
:109A100009209DF808109DF80400FFF711FDBAE732
:109A2000FB789DF80400DC0676D53B78834205D1AF
:109A30009DF808407B78A34200F09E80286800F0E3
:109A40001DFF2C6882466369EFF3108272B6D3E87B
:109A5000CF0F01210028FAD1C3E8401F0028F6D11A
:109A6000BFF35F8F204601A9A26100F05BFF63692D
:109A7000C3E88F6FA36983F31088002870D14FF07B
:109A8000E023D3F8F03DD90700D500BEBAF1000FAE
:109A900081D00BB0BDE8F08F012BFAD198F80420EB
:109AA000D207F6D508EB400C0CEBD11C9CF81D201E
:109AB0000CF1180E22F001028CF81D209CF81D20DC
:109AC0004FEAD11A22F0040244008CF81D2000282D
:109AD00000F092805444053458F83420002A00F0F5
:109AE0008D8008EBC4048DF8103063688DF8111078
:109AF000CDE908230023CDF81230CDF81630ADF8AB
:109B00001E30CDF81A309DF8093004A88DF81330B6
:109B1000039B059390473EE7FB789DF8092043F0AF
:109B20001003FB709DF8083038707B70BA70002B02
:109B30007FF431AFFEF758FC322000F0CDFD3878CD
:109B4000FEF754FC4FF4E17000F0C6FD3878FEF7E4
:109B50004FFC002866D1FB7860F30413FB701AE712
:109B60004A469DF805109DF80400FFF7D3FCBAF1B2
:109B7000000F3FF410AF8CE79DF80930BA789A4295
:109B80007FF45CAFDFF8CCA09AF80CB0BBF1000F0B
:109B900017D19AF80D10A1B12A4C5A465946FFF731
:109BA000B7F94FF0FF31206809F096FE20688AF877
:109BB0000DB009F099FE9DF804009DF808409DF84D
:109BC0000930BB7038707C70002C7FF4E4AEFEF777
:109BD0000BFC322000F080FD3878FEF707FC4FF4D4
:109BE000E17000F079FD3878FEF702FCD0B9FB781F
:109BF00064F30413FB70CEE6184602E712489CF8A3
:109C000015200078904210D91048C2EBC2020068BB
:109C100010EB820209D0546918469DF80920039B75
:109C2000A047B8E600F0B2F8B5E64FF0E023D3F86D
:109C3000F03DDB077FF52DAF00BE2AE7BC16002004
:109C40001C150020B0160020D05503200815002058
:109C5000401500200C150020034B08461B78FF2BF5
:109C600001D0FFF78FBE7047C00800204378002B5B
:109C70007AD1F0B58368044683B0E3B10578A5B91D
:109C80003A4BDB78D90616D5394E737B9BB9394FE1
:109C90004FF0FF31386809F01FFE737B03F0FF02BD
:109CA00063B1386809F020FE05E0012D03D1324B85
:109CB0001B79DA07E8D4002003B0F0BD0123357327
:109CC0007373E368F28133602369A2687360636928
:109CD00010685168B360294B03C3386809F004FE6B
:109CE000012D14BF214B244B1878236973B12946E9
:109CF000224AFFF73FF908B10120DDE74FF0E023EA
:109D0000D3F8F03DDB07D6D500BED4E704231C4AC8
:109D1000294672600DF10702B260184A8DF80730CB
:109D2000FFF728F90028E9D0164D174F9DF80730A6
:109D3000042B0DD12B78FF2BF8D0386800F09EFD56
:109D40000028F3D12B78FF2BF0D0FFF71BFEEDE7B7
:109D5000636913B19DF807201A709DF80730E3700E
:109D6000F3899BB26360C7E7002070471C15002091
:109D70000C150020B016002040150020A81500206A
:109D800039940010C0080020BC16002030B51D4DCD
:109D900089B02878FEF736FB40F2075300240822EA
:109DA0001949ADF80830EB780C7060F30303CDF877
:109DB0000A402146ADF80C2028786A448DF80E4000
:109DC000EB70FEF7A7FD40B94FF0E023D3F8F03D6C
:109DD000DB0700D500BE09B030BD4FF400220723D9
:109DE0000A4902A800910A49029405910949CDF84F
:109DF00010D00394069101920793FFF737FF0028D4
:109E0000E9D1E1E71C150020D355032080060001AD
:109E1000B0150020199E00102DE9F04FC6780446B9
:109E20008DB096B94369994A033B01781670092BA6
:109E300023D8DFE813F001012200220022004101B3
:109E40006C01AB01DA00EB002800914DEB78D806ED
:109E50000CD58E4A1378022B08D864200133137076
:109E600000F03AFC2046FFF701FF18B9EB7823F029
:109E70001003EB700DB0BDE8F08F854AD37823F066
:109E80001003D370F6E7012940F0B580814F824B73
:109E90003A79598942F004021D7A3A7103F10802B5
:109EA00011441544A94240F2DE818B46DFF804924A
:109EB000DFF8E88103962A78002A00F0D3816B78D6
:109EC0000B2B03BF95F803A0AD186B784FF0010A78
:109ED000042B40F09681ABEB05025146284692B226
:109EE00000F0A0FC0828064640F28B8199F800009B
:109EF000CDF80890D0B1CDF804A00024AA46D8F837
:109F00000030C4EBC40213EB82020AD0D56833469A
:109F1000524601213878A847002840F05D8199F821
:109F200000000134E3B29842E9D855463544AB45C8
:109F3000C1D8039E029B594A19787B7B12689942CB
:109F400005D9C3EBC30312EB830340F08481BB7BD1
:109F5000994205D9C3EBC30312EB830340F0A381FD
:109F6000FB7B8B4205D2C3EBC30312EB830340F0B0
:109F7000A0813B7C8B4205D2C3EBC30312EB83036E
:109F800040F099817B7C994205D9C3EBC30312EB66
:109F9000830340F08A81BB7C8B4205D2C3EBC303B1
:109FA00012EB830340F08381FB7C8B4205D2C3EB31
:109FB000C30312EB830340F04D813B7D8B4207D2FC
:109FC000C3EBC30312EB830318BF072640F04381A2
:109FD0002F4A3349D37823F01003D37000293FF47C
:109FE00049AF0120F6F788FD44E72B4B5A89B2F5BB
:109FF000807F40F20F814FF0E023D3F8F03DDB0784
:10A000007FF538AF00BE0DB0BDE8F08F00230C2205
:10A01000244804AC04902448CDE905330A9006A8EE
:10A0200008948DF818100B9207930993FFF71EFE02
:10A0300000287FF41FAFDEE7002440F20752082318
:10A040001349ADF81820087806AA2146CDF81A4021
:10A050008DF81E40ADF81C30FEF75CFC0028CAD01D
:10A060004FF400220723114904A804911049CDE9B7
:10A07000074009910C4906A806940A9105920B9392
:10A08000FFF7F4FD00287FF4F5AEB4E7D3550320C5
:10A090001C15002040150020A815002008150020E0
:10A0A000F90A001000090100199E00108006000145
:10A0B000B0150020D055032080490B7B092B9AD086
:10A0C0007F4A137913F0010395D17E48CC7B018838
:10A0D000547111808178C07891701179C0F30300B8
:10A0E00041F00101D0701171082204A9764C089149
:10A0F000764906A8CDE9044306930A91079309938C
:10A100000B92FFF7B3FD00287FF4B4AE73E7022093
:10A1100000F0E2FAA3685D88EDB2012D7FF46BAF29
:10A12000674C684A2379107843F0020300212371B9
:10A13000FEF77CF9002340F207566079CDF81A301B
:10A140002946ADF81C0006AA20788DF81E30ADF81F
:10A150001860FEF7DFFB00283FF44DAF2379D907E5
:10A160007FF549AF5A4E737B002B7FF444AF594FB4
:10A170004FF0FF31386809F0AFFB737B386803F0AC
:10A18000FF02002B72D009F0AFFB34E701297FF406
:10A1900032AF00224FF410240A20484BCDE905428B
:10A1A0008DF8181004A9089103F108010991474995
:10A1B000DC8A07920A91424A197E1B690B90C2F809
:10A1C0000630454B06A8548111730493FFF74EFDEA
:10A1D00000287FF44FAE0EE75546DDF804A0E3B249
:10A1E000BAF1000F30D0A9788A445FFA8AFA02E007
:10A1F0008A45537328D07A18507B0131FF28C9B2A1
:10A20000F6D04FF0E023D3F8F03DDA077FF5F3AE58
:10A2100000BEF0E600240B2508332F4809932B4B92
:10A2200004900A9306A804AB0694ADF81620089390
:10A230000B95ADF814408DF818100794FFF716FD34
:10A2400000287FF417AED6E632462946234800F0B0
:10A25000BDFA6BE60626314601201B690DB0BDE84C
:10A26000F04F1847039E1E4B029363E67573F2810D
:10A270000922B2604FF490121A4B357343F8042C44
:10A28000124A33607260184AA3F1080643F8082C9A
:10A2900009F02AFB324629462078FEF76BFE00289B
:10A2A0007FF4E8ADADE70126D5E70426D3E7052620
:10A2B000D1E70226CFE70326CDE700BFA81500208F
:10A2C000401500201C15002000050100199E0010FB
:10A2D0000C150020B0160020800600025515002045
:10A2E000D0550320B015002080060001012870B56C
:10A2F00004460D460CD10F4E0846F17800F034FAB2
:10A3000078B12A4621463078BDE87040FEF702BB9E
:10A31000094E0846F17801F00F0100F025FA0028F7
:10A32000EFD14FF0E023D3F8F03DDB0700D500BEBE
:10A33000002070BD401500201C1500202DE9F043C1
:10A34000042483B08DF806400F4616461D46044689
:10A3500060B9414BDB78D90604D5DFF8148198F851
:10A360000D307BB1032003B0BDE8F0830128F9D1A3
:10A370003A4B1B79DA07F5D5DFF8F48098F80D3001
:10A38000002BEFD1DFF8EC904FF0FF31D9F800004F
:10A3900009F0A2FA98F80D3003F0FF02002B4DD11E
:10A3A0000123C8F800604FF4D06688F80D302C4BBC
:10A3B00047F4007159809A80DD801E80D9F8000032
:10A3C0000DF10603C8F80830C8F80420A8F80E20DC
:10A3D00088F80C4009F088FA012C14BF1E4B1F4B63
:10A3E000204A187804230DF10701C8F80810C8F8AE
:10A3F000042021461A4A8DF80730FEF7BBFD10B342
:10A40000194C1A4D9DF80730042B0DD12378FF2BE2
:10A41000F8D0286800F032FA0028F3D12378FF2B17
:10A42000F0D0FFF7AFFAEDE79DF807009DF8073091
:10A43000B8F80E30C0B203B0BDE8F083D9F8000020
:10A4400009F052FA8EE74FF0E023D3F8F03DDB0736
:10A4500088D500BE86E700BF1C15002040150020EF
:10A46000A815002039940010C0080020BC16002058
:10A470000C150020B01600202DE9F047042684B00A
:10A4800001288DF80E6007D1404FCDE9002397F8E1
:10A490000A80B8F1000F03D1032004B0BDE8F087B3
:10A4A0000D463979CA07F7D5DFF8F09099F80D1005
:10A4B0000029F1D1DFF8E8A04FF0FF310446DAF8C7
:10A4C000000009F009FADDE9002399F80D1001F008
:10A4D000FF0C002942D1C9F800204FF4D062DAF80D
:10A4E0000000DFF8C0A048F44078AAF806300DF16B
:10A4F0000E0389F80D40AAF80020C9F8083089F841
:10A500000C40A9F80EC0C9F804C0AAF80280AAF845
:10A51000045009F0E9F91E4B5246C9F804302146AF
:10A520000DF10F0338788DF80F60C9F80830FEF789
:10A5300021FD10B3174C184D9DF80F30042B12D18C
:10A540002378FF2BF8D0286800F098F90028F3D181
:10A550002378FF2BF0D0FFF715FAEDE7DAF80000CB
:10A5600009F0C2F998E79DF80F009DF80F30B9F88F
:10A570000E30C0B204B0BDE8F0874FF0E023D3F84E
:10A58000F03DDB0788D500BE86E700BF4015002000
:10A5900039940010C0080020BC1600200C150020C3
:10A5A000B0160020A81500202DE9F047042684B03D
:10A5B00001288DF80E6007D1404FCDE9002397F8B0
:10A5C0000B80B8F1000F03D1032004B0BDE8F08781
:10A5D0000D463979CA07F7D5DFF8F09099F80D10D4
:10A5E0000029F1D1DFF8E8A04FF0FF310446DAF896
:10A5F000000009F071F9DDE9002399F80D1001F070
:10A60000FF0C002942D1C9F800204FF4D062DAF8DB
:10A610000000DFF8C0A048F44078AAF806300DF139
:10A620000E0389F80D40AAF80020C9F8083089F80F
:10A630000C40A9F80EC0C9F804C0AAF80280AAF814
:10A64000045009F051F91E4B5246C9F80430214616
:10A650000DF10F0338788DF80F60C9F80830FEF758
:10A6600089FC10B3174C184D9DF80F30042B12D1F4
:10A670002378FF2BF8D0286800F000F90028F3D1E8
:10A680002378FF2BF0D0FFF77DF9EDE7DAF8000033
:10A6900009F02AF998E79DF80F009DF80F30B9F8F6
:10A6A0000E30C0B204B0BDE8F0874FF0E023D3F81D
:10A6B000F03DDB0788D500BE86E700BF40150020CF
:10A6C00039940010C0080020BC1600200C15002092
:10A6D000B0160020A8150020FAF70CBDF8B50378D5
:10A6E00013F001041AD1037805465A07C3F3800713
:10A6F00001D52046F8BD0E464FF0FF31304609F037
:10A70000EBF82B7813F001040BD12B785B0709D4FD
:10A710002B78012443F004032B7003E0002420462F
:10A72000F8BD3C46304609F0DFF82046F8BD00BFD2
:10A7300070B50C4605464FF0FF31204609F0CCF8C5
:10A740002B78C3F380065B0708D52B7813F0010341
:10A7500011BF00262A7863F382022A70204609F08E
:10A76000C3F8304670BD00BFC378828803F0030091
:10A770000228C2F30A021FD0032803D001280AD0FE
:10A7800000207047022914BF40234FF48063934296
:10A7900009D301207047022940F2FF3308BF4FF46C
:10A7A00080639342F6D24FF0E023D3F8F03DDB070D
:10A7B000E6D500BE00207047022902D0402AE8D921
:10A7C000F1E7B2F5007FE4D0EDE700BF0A44914223
:10A7D00026D291F801C0BCF1050F05D091F800C058
:10A7E00061448A42F5D8704700B591F802C00CF078
:10A7F0007F0E00EB4E0E4FEADC1C0EF80C3091F889
:10A8000000C061448A4209D991F801C0BCF1050F2A
:10A81000EBD091F800C061448A42F5D85DF804FBA2
:10A82000704700BF39B370B54D1E017803460E4620
:10A830000020EDB2304480B290420B4405D313E0C7
:10A840001FFA8EF082420B440ED9197801EB000EEC
:10A8500051B193F801C0BCF10B0F0BD0BCF1040F48
:10A86000EED1DC78002CEBD1013DEDB2FF2D01D013
:10A870001978DFE770BD0846704700BF0289438939
:10A8800090B29BB2C01AB0FA80F04009704700BF86
:10A8900038B5044600690D4618B14FF0FF3109F094
:10A8A0001BF82189638989B29BB2A288994236BF7D
:10A8B000C3EB4200C81A401880B250B3824209D29A
:10A8C00091422CBF891A89188BB29A42638103D8AE
:10A8D0009B1A9BB29A42FBD9E2882168C2F30E020E
:10A8E00002FB0311284604F0C7FD6189012589B2E6
:10A8F0004B1C9BB29942A2880ED9002302FA05F1A3
:10A900005B1A9BB22069638108B108F0EDFF28460D
:10A9100038BD054663899BB2B3EB420F4FEA420153
:10A92000F0DBEDE7F8B50446C0680E4618B14FF00D
:10A93000FF3108F0D1FF2589238961899BB289B253
:10A94000A2888B4236BFC1EB42015B1A5B189BB2F7
:10A950009A42ADB208D8E779FF0905D1E06808B19D
:10A9600008F0C2FF3846F8BD954219D32B469B1A12
:10A970009BB29342FBD2E2882068C2F30E0202FB34
:10A980000300314604F078FD6B1C9BB29D42A28807
:10A9900012D9002351005B1A9BB201272381DDE706
:10A9A000E2882068C2F30E0205FB0200314604F083
:10A9B00063FD0135A288ABB2B3EB420F4FEA42010F
:10A9C000EBDBE8E710B50446C06818B14FF0FF3183
:10A9D00008F082FF206918B14FF0FF3108F07CFFCA
:10A9E0000023E0686381238108B108F07DFF2069BE
:10A9F00008B108F079FF012010BD00BF11234FF00E
:10AA0000000242EC4030704711234FF0010242EC4B
:10AA100040307047094B1A68EFF3108172B6D2E8E4
:10AA2000CFCF0120BCF1000FF9D1C2E84C0FBCF12F
:10AA3000000FF4D1BFF35F8F59607047602400208E
:10AA4000044B00221968C1E88F2F5B6883F31088DC
:10AA5000704700BF6024002070B5002582B08C468E
:10AA60001446042286468DF807501D460A4E0DEB0B
:10AA700002018DF806C030464FEA1C2C8DF804E028
:10AA80008DF805C008F044FF2A462146304608F0FC
:10AA90003FFF02B070BD00BF00000840F0B50025C8
:10AAA00083B00E461446042207468DF807501D4613
:10AAB0008DF806600F48360A0DEB02018DF8047020
:10AAC0008DF8056008F024FF95B1FF27094E254455
:10AAD000012330460DF103020DF102018DF80270E1
:10AAE00008F006FF9DF8033004F8013BAC42EFD1BB
:10AAF00003B0F0BD0000084038B51420F9F7CCFBD6
:10AB000014244FF0010545EC444045EC40406420DE
:10AB1000FAF7F0FA4FF0000343EC40406420FAF7F4
:10AB2000E9FA45EC4040BDE838406420FAF7E2BA63
:10AB300008B50D490D4800F0A7F801211220F9F7DA
:10AB40008DFB01211320F9F789FB01211020F9F772
:10AB500085FB1120F9F7A0FB11234FF0010242EC15
:10AB6000443042EC403008BD801D2C0400000840F9
:10AB700008B50448F9F792FFBDE8084002490348C8
:10AB800001F05ABB6024002041AA001015AA001051
:10AB900000B511234FF0010285B042EC40300E4960
:10ABA0000E4801F05BFB0E490E4801F0C1FBEC467C
:10ABB0000D4B0FCB8CE80F006146042001F0F4FD33
:10ABC000013002D005B05DF804FB0848FCF7F8FF3F
:10ABD00005B05DF804FB00BF09AA0010FDA9001034
:10ABE00059AA00109DAA0010C44A0110784501100E
:10ABF00038B5002002F05EFB05464FF4806002F09D
:10AC000059FB04464FF4807002F054FB630003F0DC
:10AC10001E032B4300EB0320B0F5C64F00D138BD17
:10AC2000002002F047FB05464FF4806002F042FB33
:10AC300004464FF4807002F03DFB0146630003F0D0
:10AC40001E032B43024801EB0321FDF73BF8FEE70F
:10AC5000AC4501104FF0020C84B000B583B00DF18B
:10AC6000100E8EE80F000DF1070101208DF807C0CE
:10AC700001F09AFD04A9002002F0DCF903B05DF8B0
:10AC800004EB04B0704700BF2DE9F84F374B07467F
:10AC9000984214BF4FF400234FF480230E46344DE6
:10ACA000344C354A2B602360946833EA0404FBD1AA
:10ACB0000620FAF779FD3946022351F8042F4FEAAE
:10ACC000462E4FEAD65B704502EA030801F540596B
:10ACD00074EB0B02C9F8003011D34FEA965CB20254
:10ACE00001E05246AC460233B3F5807F07D01EEB3D
:10ACF000020A4BEB0C05904274EB0C0CF1D24FF4B2
:10AD00008072C3EB03249446013A2DD0B0FBF4F5D6
:10AD1000AE42A4EB0304F6D20CFB03FC12020224A5
:10AD20003B613B4603253E6801F500517240B0FB94
:10AD3000FCF002F47F4207F5805CCCF80020C1F8FB
:10AD400000807E68C9F8004053F8242B264082F02A
:10AD5000070202F0CF0203F50053CCF800200E608A
:10AD60001D600C60BDE8F88F9C46D8E700000840E5
:10AD700000200240003002400000024008B5034BB2
:10AD80001B6803B19847012008BD00BF0C180020C4
:10AD900030B50024084B85B0084D1860FAF7A4F8C8
:10ADA00007494FF0FF33CDE90145064A0091FAF714
:10ADB00015FA05B030BD00BF0C180020501100205E
:10ADC0007DAD001018FCFFFF10B5044604F12F44C0
:10ADD00004F56004084B240D82B0A40000932246C1
:10ADE000E31C0648F9F7DCFA8442CCBF4FF0FF3091
:10ADF000001B02B010BD00BF084601102019002042
:10AE00002DE9F04789460546F9F782FA012399F8BA
:10AE1000042099F905C005F12F4EDFF8D8800EF512
:10AE2000600E93404FEA1E5EBCF1000F58F82E7082
:10AE300003F1FF3346DBC2F120018C45644631DC6F
:10AE400003FA0CF139422DD16646D5F868A199F87C
:10AE50000710BAF1000F2CD0C9072CD4BCF1000F99
:10AE600001DB664527D1B3401F423CD1D9F8001021
:10AE700082B1B44601EB420931F8022B0CF1120AFF
:10AE8000B2F5005F38BF921949450CF1010C45F845
:10AE90002A20F1D13B4348F82E30F9F74BFA2046EF
:10AEA000BDE8F0874FF0FF34F9F744FA2046BDE8DB
:10AEB000F0874907D2D56FF00A04F9F73BFA20462C
:10AEC000BDE8F087D2F120040DD403FA04F1394231
:10AED000264603D1B9E739422646B6D0013C661C66
:10AEE00003FA04F1F7D16FF00804F9F723FA2046CA
:10AEF000BDE8F087801700202DE9F041D0F86841C7
:10AF00009DF81860121B1F2A38D84EF29F044EF28B
:10AF100080054FF4003801EB410C002E18BF254688
:10AF200000EBCC0404F5435400EBCC0C052BDCF80F
:10AF3000DC704FEA410EDCF8CC60C4F80C800CD910
:10AF40005401053B44F0A0540532052BCCF8DC40FD
:10AF500002F01F02CCF8D850F2D8714400EBC101C6
:10AF60000020520142EA8363C1F8DC30C1F8D850B6
:10AF7000C1F8DC70C1F8CC60BDE8F0816FF004006E
:10AF8000FAE700BFF0B5012504688D4024EA050406
:10AF90000460B3B3D3E901561F68DC6801EB4103D9
:10AFA00000EBC303C3F8C8704FEA410CC3F8D0608C
:10AFB000C3F8CC50C3F8DC400CEB01034FF0013573
:10AFC00000EBC30C4FF0004600EBC30E01230EF55F
:10AFD000865E0C1D01F108078D40CEF8106003FA63
:10AFE00004F4CEF8106002F01F028560BB4000F54B
:10AFF000005004600EF1100E03600020CCF8D82041
:10B00000F0BD4FF480374FF440264FF4F83501EB94
:10B01000410400EBC404C4F8C8704FEA410CC4F802
:10B02000D060C4F8CC50C4F8DC30C5E72DE9F04F4F
:10B03000072883B0BDF830509DF8349000F2BA80F4
:10B040004FEA800A0AF101040646204698468B46DC
:10B05000174602F02FF940F68C0300F00F00C340B2
:10B06000D80740F1B080204602F024F907280446B2
:10B0700000F08E80B9F1100F6DD0B9F1040F40F0DF
:10B080009F80A0F10A03DBB2012B40F29C80414675
:10B090000AF101184A4608F5005002F027F920236A
:10B0A000019304F00304022C0CD1002D00F08580E4
:10B0B000290A08F5804002F0E1F8E9B208F582407B
:10B0C00002F0DCF80AF50030013002F0F3F88502F6
:10B0D000ADB2BD42304628BF3D4602F03DF94FF0CB
:10B0E00001080AF54057013704463846DFF8DC907E
:10B0F00008FA06F802F0DEF8002844D0B9F800306B
:10B1000013EA080F34D0AC4245D30AF580545946AF
:10B1100030462A46013402F0ABF92046019902F08C
:10B12000ADF8204602F0C6F80028FAD10AF500541E
:10B13000013401E0030732D4204602F0BBF8C20616
:10B14000F8D50AF520501021013002F097F8284672
:10B1500003B0BDE8F08F010735D541460AF101186B
:10B160004A4608F5405002F0C1F8A023019398E741
:10B17000AC42CAD2304602F0EFF80446384602F03C
:10B1800099F80028BAD16FF0030003B0BDE8F08F42
:10B190002023019396E7002003B0BDE8F08F0AF565
:10B1A00020500821013002F069F86FF00C0003B064
:10B1B000BDE8F08F4FF0FF30E7E76FF00A00E4E7FB
:10B1C0006FF00B00E1E76FF00400DEE79411002060
:10B1D000F8B541F20106074606EB8006102130461D
:10B1E000BD0002F04BF8304602F064F80446002837
:10B1F000F9D105F52050FF21013002F03FF801237D
:10B20000BB40DB430B4A9BB21188508802EB4706D8
:10B21000194005F54055174403400135B4803C758D
:10B2200011805380284602F045F80028FAD1012009
:10B23000F8BD00BF941100202DE9F04F072887B01A
:10B24000CDE90012039300F20B8185006B1C0646CA
:10B2500018461446029302F02DF840F68C0300F0D5
:10B260000F02D340D907834640F1FD80002C00F047
:10B27000FD80844F4FEA460A07EB46039B88F3B9EB
:10B280004FF0010805F54059C14408FA06F805E0F9
:10B2900094B93B8813EA080F40F09B80304602F0D7
:10B2A000A1F80446484602F005F80028F0D16FF0F6
:10B2B000030007B0BDE8F08F0022BB191A7505F531
:10B2C0008055304604A90222013502F053F940218D
:10B2D000284601F0D3FF284601F0ECFF0028FAD100
:10B2E0009DF810209DF811100BF0070302F00704E1
:10B2F000032B01EB042475D0072B00F09780022B61
:10B300006BD1039B002B00F0B48002F0F802BB1954
:10B310001A7512064CBF10220422119930460A7089
:10B32000039902F027F94021284601F0A7FF28469B
:10B3300001F0C0FF0028FAD1BA19137D029843F03A
:10B340000203137507EB0A039C8001F0B3FF00F0C2
:10B350000302022A15D1109B002B00F08A80304690
:10B3600004A902F007F9BDF81030109A5BBA402129
:10B370002846138001F082FF284601F09BFF002839
:10B38000FAD107EB0A039C88019B30469C4228BFF8
:10B390001C460099224602F0EDF84021284601F0B3
:10B3A0006DFF284601F086FF0028FAD1BA44BAF8AA
:10B3B0000430BA191B1B9BB2127DAAF80430002B73
:10B3C00031D042F00403204637443B7507B0BDE856
:10B3D000F08F204607B0BDE8F08F2146304602F0DE
:10B3E0004BF9A9E707EB0A039B88002BA4D1039B29
:10B3F0001B78002B3DD002F0F802BB191A7513061A
:10B400004CBF10220422119930460A70039902F0B1
:10B41000B1F84021284601F031FF284601F04AFFEB
:10B420000028FAD188E742F00803CCE707EB0A00CE
:10B4300084885CB98B1E03EB02239CB240F2EA5372
:10B440009C42848018D80222BB191A75019B304691
:10B450009C4228BF1C460099224602F08BF86BE7FD
:10B460004FF0FF3025E76FF0040022E76FF00D008A
:10B470001FE76FF009001CE73046FFF7A9FE6FF4E5
:10B480007A7016E794110020072800F210812DE948
:10B49000F0431D4601F00F03012B06468846174670
:10B4A00085B000F0E2809A1E0C2A00F2C4800122CE
:10B4B00044F68C419A400A4243D10D2B00F0C080E3
:10B4C000092B40F0B880102269467A4801F02AFF23
:10B4D0009DF801209DF8003013449DF8022013448C
:10B4E0009DF8032013449DF8042013449DF8052083
:10B4F00013449DF8062013449DF8072013449DF83B
:10B50000082013449DF8092013449DF80A2012FADC
:10B5100083F39DF80B2012FA83F39DF80C2012FAA6
:10B5200083F39DF80D2012FA83F39DF80E2012FA92
:10B5300083F39DF80F2012FA83F39BB2002B00F0E7
:10B54000A6806A0716D4D5B1B8F10D0F70D80123C3
:10B5500042F2022203FA08F3134240F09B8040F6C5
:10B560000802134206D1B8F1070F61D1AB0705F00D
:10B57000030905D06FF0050005B0BDE8F083A946CA
:10B580005FFA89F93046FFF723FEB40025F00F017A
:10B5900048EA0101601C04F1011801F06FFE494600
:10B5A00008F5884001F06AFE47B94FF6F071424A4B
:10B5B00017887B1C9BB28B4273D01380390AFFB271
:10B5C00008F5A05001F05AFE394608F5A85001F0E0
:10B5D00055FE012104F580570F44384601F04EFE18
:10B5E000384601F067FE0028FAD1012304F54054E3
:10B5F0001D401C44B340DB434FF0080C2F4A9BB264
:10B60000118857881940B54002EB460EAEF8040089
:10B610000D4390193B4080F814C01580538020469C
:10B6200001F048FE0028FAD070B205B0BDE8F08302
:10B6300005F00309A6E76FF0040005B0BDE8F0834C
:10B64000042269461E4801F06DFE9DF801209DF818
:10B65000003013449DF8022013449DF80320D34288
:10B6600015D069461022134830E704226946144871
:10B6700001F058FE9DF801209DF8003013449DF81C
:10B68000022013449DF80320D3427FF45AAF6FF099
:10B690000B00CAE715F0900F7FF46CAF05F00309BB
:10B6A0006EE74FF44043EF27FF21138088E74FF008
:10B6B000FF30704700404100C20800209411002074
:10B6C00000384100072802D94FF0FF307047F8B525
:10B6D00041F2010606EB8006054687001021304640
:10B6E00001F0CCFD304601F0E5FD04460028F9D11B
:10B6F00007F52050FF21013001F0C0FD0123AB40D0
:10B70000DB430B4A9BB21188508807F5405619401D
:10B7100002EB4507034015440136BC802C751180AF
:10B720005380304601F0C6FD0028FAD10120F8BD53
:10B730009411002007282AD870B584000546601CA3
:10B7400001F0B8FD00F0030001281AD104F54056BD
:10B750000136304601F0AEFD132815D104F58054B2
:10B7600001340221204601F089FD204601F0A2FDAE
:10B770000028FAD1304601F09DFD14280AD101209D
:10B7800070BD6FF0040070BD6FF0020070BD4FF02F
:10B79000FF3070472846FFF71BFD6FF0030070BDB8
:10B7A000072871D82DE9F047860006F10109074600
:10B7B00048460D46904601F07DFD00F0030001284B
:10B7C0005FD106F540540134204601F073FD132883
:10B7D00060D1AB786A781A442B781344EA78D34264
:10B7E0005BD0B8F1000F52D006F1011A4FEA1821D0
:10B7F0000AF5804001F042FD5FFA88F10AF58240C7
:10B8000001F03CFD484601F055FD092839D0294694
:10B8100006F580550AF500500422013501F066FD59
:10B820000421284601F02AFD284601F043FD0028A6
:10B83000FAD11B4B1B883B41DA0712D406F50055A1
:10B84000013508E0284601F035FD03070BD42046FA
:10B8500001F030FD88B1204601F02CFD1728F1D110
:10B860000120BDE8F08706F520500821013001F0E5
:10B8700005FD6FF00C00BDE8F0876FF00300BDE838
:10B88000F0876FF00400ECE74FF0FF3070476FF087
:10B890000A00E6E76FF00200E3E76FF00B00E0E775
:10B8A00094110020072800F292802DE9F84F4FEA0A
:10B8B000800909F1010B074658468A4690461E4604
:10B8C00001F0F8FC00F0030001287DD109F5405596
:10B8D0000135284601F0EEFC13287ED1002E6FD0F2
:10B8E0005346002406EB0A0113F8012B1444994235
:10B8F000A4B2F9D1002C63D0B8F1000F6AD009F1DD
:10B9000001144FEA182104F5804001F0B7FC04F55A
:10B9100082405FFA88F101F0B1FC102E58462FD01A
:10B9200001F0C8FC09284FD004F5005009F58054F7
:10B9300051460422013401F0D9FC0421204601F0D3
:10B940009DFC204601F0B6FC0028FAD1244B1B8850
:10B950003B41DA0712D409F50054013408E02046CF
:10B9600001F0A8FC03071DD4284601F0A3FC18B37E
:10B97000284601F09FFC1728F1D10120BDE8F88F7F
:10B9800001F098FC01071FD504F5405009F58054DB
:10B9900051463246013401F0A9FC8421204601F0D1
:10B9A0006DFCCEE709F520500821013001F066FC5E
:10B9B0006FF00C00BDE8F88F6FF00300BDE8F88F62
:10B9C0006FF00B00BDE8F88F6FF00400D6E74FF082
:10B9D000FF3070476FF00A00D0E76FF00200CDE74C
:10B9E0009411002007283FD8F8B584000546601C54
:10B9F00001F060FC00F00300012832D104F540564C
:10BA00000136304601F056FC08B90120F8BD04F5B6
:10BA1000805701370821384601F030FC384601F0E4
:10BA200049FC0028FAD10127114AAF4051881388F8
:10BA300021EA07012B415180DA07E7D404F50054CD
:10BA40000134304601F036FC0028DED0204601F0FB
:10BA500031FC0307F5D52846FFF7BAFB6FF00C0061
:10BA6000F8BD6FF00400F8BD4FF0FF30704700BF25
:10BA7000941100202DE9F84F4FEA800A07460AF595
:10BA80000030013014468B4601F014FC8502ADB243
:10BA90000126A54228BF25460AF54058DFF8D09078
:10BAA000BE4008F10108384601F056FC0446404605
:10BAB00001F000FC172801D01C2844D1B9F800304F
:10BAC00033423AD0AC423BD359462A46384601F07D
:10BAD000CFFCB9F802303B41D90719D50AF500541B
:10BAE00001340AE0404601F0E5FB172801D01C288C
:10BAF00036D1B9F80030334222D1204601F0DAFBCA
:10BB0000C306EFD50AF520501021013001F0B6FB35
:10BB10000AF5805A0AF1010A2021504601F0AEFBD5
:10BB2000504601F0C7FB0028FAD1B9F80230284688
:10BB30001E43A9F80260BDE8F88FAC42B3D3C3E757
:10BB40000020BDE8F88F08B9072F03D96FF0060071
:10BB5000BDE8F88F3846FFF73BFB6FF00600F7E7CC
:10BB60000028F1D0204601F0A5FB0207ECD4EDE758
:10BB7000941100202DE9F04F072883B0CDE9001281
:10BB80006AD84FEA8008044608F10100164601F021
:10BB900091FB00F00F05012D64D1002E5FD008F558
:10BBA0000830013001F086FB08F5405608F50039F1
:10BBB00082462E4FA540013609F1010911E01C28EB
:10BBC0003ED1BBF1000F18D1204601F0C5FB8346E2
:10BBD000484601F06FFBBBEB802F31D03B882B42F6
:10BBE00036D1204601F0FEFB8346304601F062FB71
:10BBF0001728E4D1BBF1000FF0D0019B4FEA8A2A4D
:10BC00001FFA8AFA9A4528BF9A46DA4520465446D2
:10BC100028BF5C4608F58058A4B20099224608F176
:10BC2000010801F0A7FC4021404601F027FB4046F7
:10BC300001F040FB0028FAD1204603B0BDE8F08FA8
:10BC40002046FFF7C5FA6FF0060003B0BDE8F08F9D
:10BC5000002003B0BDE8F08F4FF0FF30EDE76FF04C
:10BC60000D00EAE76FF00400E7E700BF9411002041
:10BC700010B582B0BDF81040009404240194FFF781
:10BC8000D5F902B010BD00BF10B4BDF80440019456
:10BC90009DF8084002945DF8044BFFF7C7B900BF58
:10BCA00010B584B0069C00940DF10F040194FFF7C9
:10BCB000C3FA04B010BD00BFFFF7BEBA07286BD8A7
:10BCC0000B4610B514461178092B68D8DFE803F04D
:10BCD0000E1A2129313A424D550542F2014303EB38
:10BCE000800001F0E7FA2070012010BD01294DD03D
:10BCF000002954D101222B4982400B8823EA0203F8
:10BD00000B80F1E7274B1B88034103F001032370ED
:10BD1000EAE7254B03EB800001F0CCFA800220809B
:10BD2000E2E7224B03EB800001F0C4FA800220809E
:10BD3000DAE71F2933D842F6010303EB800001F054
:10BD40009DFAD1E742F2010303EB800001F0B2FA61
:10BD50002070C9E701F00303012B20D040F201431A
:10BD600003EB800001F08AFABEE740F2014303EBE7
:10BD7000800001F09FFA2070B6E71F290FD842F229
:10BD8000014303EB800001F079FAADE7054B8140F8
:10BD90001A8811431980A7E74FF0FF3070476FF002
:10BDA000090010BD941100200100020001200200D2
:10BDB000072800F28880013970B51546062900F27F
:10BDC0008B80DFE801F015731C2B384704008400DA
:10BDD000601C01F06FFA00F00300012876D104F135
:10BDE0000110297800F5084001F048FA012070BDE3
:10BDF0003B4B117803EB800001F040FAF6E7118825
:10BE0000800000F1011404F58050090A01F036FAAF
:10BE1000297804F5885001F031FAE7E7127C8000B8
:10BE2000102A00F1011048D00422294600F50050E4
:10BE300001F05CFADAE71188800000F1011404F5E2
:10BE40008040090A01F01AFA297804F5824001F0CD
:10BE500015FACBE78400601C01F02CFA00F0030017
:10BE6000012833D104F1011000F5084001F022FA55
:10BE700078BB04F5805501352221284601F0FEF9F2
:10BE800004F500560136284601F014FA0028ADD01A
:10BE9000304601F00FFA0307F5D504F520500821CC
:10BEA000013001F0EBF96FF00C0070BD0D4B117813
:10BEB00003EB800001F0E2F998E7294600F54050D5
:10BEC00001F014FA92E74FF0FF3070476FF0040072
:10BED00070BD6FF0010070BD6FF0090070BD00BF54
:10BEE0000108010001040100072800F2EF802DE99C
:10BEF000F041044615460E2900F2DC80DFE801F02F
:10BF000055757C8394AFDAC0D0171E2638084100DF
:10BF1000012606EB8006304601F0CCF9002800F03F
:10BF2000DB80304601F0C6F9C20740F1BD802046F3
:10BF300001F058FA28800120BDE8F08143F20100A9
:10BF400000EB840001F0B6F92870F4E78400601C6F
:10BF500001F0B0F900F00300012840F0BA8004F5C8
:10BF60004450013001F0A6F900F007002870E2E724
:10BF7000012000EB840001F09DF900F00F00287013
:10BF8000D9E7012606EB8006304601F093F9002838
:10BF900000F0A280304601F08DF9C30700F19980CE
:10BFA0004F4B23441B7D2B70C5E74FEA800808F1F7
:10BFB0000107384601F07EF9064608F1011000F548
:10BFC000884001F077F9464B26F00F061B88234185
:10BFD000DB0003F008030343334338462B7001F0C2
:10BFE00069F920F00F002870A5E73E4800EB8400B7
:10BFF00001F060F928709EE73B4800EB840001F0F7
:10C0000059F9287097E7840004F1011404F5805071
:10C0100001F050F9034604F588501C4601F04AF936
:10C0200000EB0420288086E78400601C01F042F9C0
:10C0300000F0030001284CD104F54450013001F018
:10C0400039F910F0040F04F1011036D010222946FE
:10C0500000F5405001F066F910232B746BE7840063
:10C0600004F1011404F5804001F024F9034604F5BD
:10C0700082401C4601F01EF900EB042028805AE79C
:10C080008400601C01F016F900F00300012820D1A3
:10C0900004F1011000F5084001F00CF928804AE78E
:10C0A00001F05AF9288046E70D4B03EB44039B88C7
:10C0B0002B8040E76FF001003EE70422294600F59F
:10C0C000005001F02FF904232B7434E74FF0FF30B8
:10C0D00070476FF004002FE76FF006002CE700BFF9
:10C0E0009411002001080100010401002DE9F0472E
:10C0F00080468946924601F075F968B3BAF1000F9F
:10C100002AD04FEA880404F50A36701C01F0D2F8F0
:10C11000054606F2011001F0CDF800EB05200025E0
:10C1200003342E4604EB002403E0002604F580745B
:10C130000135404601F056F9AFB2B8420CD920465D
:10C1400001F0B8F819F806308342EED1731C9BB2A7
:10C150009A4505D01E46E9E74FF0FF30BDE8F0876D
:10C16000B81B00B2BDE8F087704700BF0078704789
:10C17000017070472DE9F0411F1E18BF0127002AEA
:10C180000DDD05460C46DFF81C808E182846D8F8D1
:10C190001C20904704F8010BA6423D44F6D1BDE8AF
:10C1A000F08100BFC40800202DE9F0411F1E18BF18
:10C1B0000127002A0DDD05460C46DFF81C808E188D
:10C1C00014F8011B2846D8F820209047A6423D4489
:10C1D000F6D1BDE8F08100BFC40800200020704700
:10C1E000704700BF51B170B50446054E4518F3695C
:10C1F000984704F8010BA542F9D170BD704700BF04
:10C20000C408002051B170B50446054E451814F815
:10C21000010B336A9847A542F9D170BD704700BF42
:10C22000C4080020704700BF704700BF704700BFC0
:10C23000704700BF704700BF20B119B1044BC3E97C
:10C240000301704703490448014BC3E903017047E8
:10C25000C40800202DC2001069C1001020B119B11E
:10C26000044BC3E90501704703490448014BC3E986
:10C2700005017047C408002035C2001031C200100B
:10C28000074B1A88D20500D4FEE718B111B1C3E9F3
:10C290000701704703490448C3E90701704700BF1D
:10C2A000C408002071C100106DC10010074B1A882E
:10C2B000D20500D4FEE718B111B1C3E909017047F6
:10C2C00003490448C3E90901704700BFC4080020BE
:10C2D000A9C1001075C10010074B1A88920500D43F
:10C2E000FEE718B111B1C3E90701704703490448DB
:10C2F000C3E90701704700BFC4080020E1C1001076
:10C30000DDC10010074B1A88920500D4FEE718B172
:10C3100011B1C3E90901704703490448C3E90901A0
:10C32000704700BFC408002005C20010E5C100101E
:10C33000074B1A8802F4017202B9FEE718B111B175
:10C34000C3E90701704703490348C3E90701704780
:10C35000C408002029C2001025C2001010B54FF4F7
:10C36000001096B000F0A6FFCE210446384800F039
:10C3700085FF0622374804A900F0D4FF042236487E
:10C380000DEB020100F0CEFF0422344802A900F0B8
:10C39000C9FF0422324803A900F0C4FF102231482B
:10C3A00006A900F0BFFF10222F480AA900F0BAFF2B
:10C3B00010222E480EA900F0B5FF10222C4812A919
:10C3C00000F0B0FF00212B4800F058FF294800F092
:10C3D00071FF3A21284800F051FF06221D4804A9A8
:10C3E00000F084FF04221C480DEB020100F07EFFE8
:10C3F00004221A4802A900F079FF0422184803A970
:10C4000000F074FF1022174806A900F06FFF1022F9
:10C4100015480AA900F06AFF102214480EA900F07E
:10C4200065FF1022124812A900F060FF220609D40D
:10C43000630601D416B010BDC5210F4800F01EFFE1
:10C4400016B010BDFF21024800F018FFF0E700BF52
:10C4500000F4410000204100003041000034410060
:10C460000038410000704100006041000040410080
:10C47000005041000004200000F54100F8B50546D9
:10C480000C46FFF76BFF002D38D095F900202B7874
:10C49000202A70DC6A7813445AB2202ADBB26ADCA4
:10C4A000AA7813445AB2202ADBB264DCEA78134437
:10C4B0005AB2202ADBB25EDC2A7913445AB2202A0F
:10C4C000DBB258DC6A7913445AB2202ADBB252DC60
:10C4D000AA7913445AB2202ADBB24CDCEA7913441D
:10C4E0005BB2202B47DC254E254F013D304615F829
:10C4F000011F043600F0C2FEBE42F7D1002C38D036
:10C5000094F900202378202A35DC627813445AB24B
:10C51000202ADBB22FDCA27813445AB2202ADBB2E5
:10C5200029DCE27813445AB2202ADBB223DC2279D8
:10C5300013445AB2202ADBB21DDC627913445AB28A
:10C54000202ADBB217DCA27913445AB2202ADBB2CC
:10C5500011DCE27913445BB2202B0CDC094D0A4E4E
:10C56000013C284614F8011F043500F087FEB5424F
:10C57000F7D10020F8BD4FF0FF30F8BD01000200F8
:10C5800021000200012002002120020038B50346EC
:10C590002C48D9B2C3F30724C3F3074500F06EFE5D
:10C5A000E10713D4A20718D463071DD4200722D4AF
:10C5B000E10627D4A2062CD4630631D4E40936D18F
:10C5C0002946BDE83840204800F058BEFF2142F619
:10C5D000010000F053FEA207E6D5FF2142F6050058
:10C5E00000F04CFE6307E1D542F60900FF2100F0A0
:10C5F00045FE2007DCD5FF2142F60D0000F03EFE8F
:10C60000E106D7D5FF2142F6110000F037FEA20661
:10C61000D2D5FF2142F6150000F030FE6306CDD5DD
:10C62000FF2142F6190000F029FEE409C8D0FF21DD
:10C6300042F61D0000F022FE2946BDE838400248BF
:10C6400000F01CBE000821000028210010B54FF4A6
:10C65000041000F02FFE0446054800F02BFE0346B0
:10C66000044804EB032400F025FE44EA004010BD1A
:10C67000000121000002210010B504460748E1B284
:10C6800000F0FCFDC4F30721054800F0F7FDC4F3FA
:10C6900007410448BDE8104000F0F0BD000421004F
:10C6A000001421000024210010B5084800F002FE0B
:10C6B0000446074800F0FEFD0346064804EB032449
:10C6C00000F0F8FD44EA004010BD00BF0004210066
:10C6D000001421000024210008B5012001F00AF90E
:10C6E000C0F3800008BD00BF08B5002001F002F9CA
:10C6F000C0F3C02008BD00BF002008B501F0FAF863
:10C7000001466FEA41416FEA5141002089B201F0D0
:10C710008DF8002001F0EEF80304FAD408BD00BF44
:10C7200038B50546002001F0E5F86B78022B27D0DC
:10C7300004461B4800F0BEFD0146194801F0F70110
:10C7400000F09CFD6B78012B12D0EB7824F444515F
:10C75000012BAB7889B208BF41F48071012B4FF0F7
:10C760000000BDE8384008BF41F4005101F05EB858
:10C7700044F480510020BDE8384089B201F056B839
:10C78000074800F097FD014641F008010448C9B28E
:10C7900000F074FDBDE838400021024800F06EBD95
:10C7A000001D3000001C300038B50C460D781728ED
:10C7B00019D8DFE810F01B000001F900F600F000C6
:10C7C000DE00BF00AF009E00940089001800180032
:10C7D00079006C00180018005A005600420024002E
:10C7E00034002D0026004FF0FF3038BD6A0700F1FD
:10C7F0000281AB0700F1FA80EC0700F1E88000202D
:10C8000038BD012001F076F8C0F380002070F6E713
:10C81000002001F06FF8C0F3C0202070EFE7002087
:10C8200001F068F8012D0CBF40F4006120F40061B4
:10C8300089B2002000F0FAFFE1E7002001F05AF889
:10C840000546874800F036FD03074CBF0222C5F3BA
:10C850000032C5F30023C5F340356270E370A57064
:10C86000CDE70846FFF75CFFC9E7002001F042F87A
:10C8700001466FEA41416FEA5141002089B200F060
:10C88000D5FF002001F036F80204FAD4B7E74FF4E0
:10C89000007000F00FFD05464FF4407000F00AFDF7
:10C8A00000EB05202080AAE700226E4B99782170CA
:10C8B000D97861701979A1705979E17099792171EC
:10C8C000DB79A27163719AE7674800F0F3FC0546D3
:10C8D000664800F0EFFC00EB052020808FE7098818
:10C8E0006148090A00F0CAFC6048217800F0C6FCE3
:10C8F00085E75F4800F0DEFC05465E4800F0DAFCA4
:10C9000003465D4805EB032500F0D4FC45EA0045ED
:10C91000256074E70C685648E1B200F0AFFCC4F340
:10C920000721544800F0AAFC5348C4F3074100F023
:10C93000A5FC64E70D685148E9B2C5F3072400F08F
:10C940009DFCE307C5F3074500F18480A0077BD475
:10C95000610773D422076BD4E30663D4A0065BD4CB
:10C96000610653D4E4094BD12946454800F086FCC2
:10C9700045E74FF4041000F09DFC0546414800F0E7
:10C9800099FC0346404805EB032500F093FC45EA7B
:10C990000045256033E70846BDE838400831FFF719
:10C9A0006DBDFFF7DBFC2AE74FF4001000F082FCBE
:10C9B0004009207023E7680713D4A9070CD4EA07BD
:10C9C0007FF51DAF5321314800F058FC17E7FF21D8
:10C9D0002E4800F053FC12E73A212D4800F04EFC9F
:10C9E000EDE7CE212B4800F049FCE6E7C5212848B9
:10C9F00000F044FC00E7FF21264800F03FFCF8E689
:10CA0000FF2142F61D0000F039FCADE7FF2142F6A0
:10CA1000190000F033FCA5E7FF2142F6150000F0F5
:10CA20002DFC9DE7FF2142F6110000F027FC95E761
:10CA3000FF2142F60D0000F021FC8DE7FF2142F6B8
:10CA4000090000F01BFC85E7FF2142F6050000F01D
:10CA500015FC7DE7FF2142F6010000F00FFC75E7B1
:10CA6000001D3000C408002000C5410000C6410080
:10CA700000042100001421000024210000082100EE
:10CA800000282100000121000002210000F64100E1
:10CA900000F5410000F4410038B50546002000F0E3
:10CAA00029FF0446074800F005FC03074CBF02229B
:10CAB000C4F30032C4F30023C4F340346A70EB7053
:10CAC000AC7038BD001D300038B505464FF440103D
:10CAD00000F0F0FB04460B4800F0ECFB03074CBFF2
:10CAE000022284F0200284F0020384F0040458BF80
:10CAF000C2F34012C3F34003C4F380046A70AB7006
:10CB0000EC7038BD001D300010B50446002000F068
:10CB1000F1FE012C0CBF40F4006120F4006189B2E9
:10CB20000020BDE8104000F081BE00BF70B5047C5D
:10CB30000646102C24D001460422184800F0D6FBEB
:10CB40004021174800F09AFB154C204600F0B2FB3C
:10CB50000028FAD1134D284600F0ACFB044600280B
:10CB6000F9D0FE21104800F089FB14F0500F12D0CC
:10CB700006220E4806F1110100F0D4FB002070BD22
:10CB8000014622464FF4830000F0B0FB21460448E2
:10CB900000F074FBD8E74FF0FF3070BD008C41000F
:10CBA00000302100000221000028210000904100F7
:10CBB00038B5044621881F48090A00F05FFB1E486B
:10CBC000217800F05BFB61881C48090A00F056FBE5
:10CBD0001B48A17800F052FB227D102A20D00422AD
:10CBE0001848A11800F082FB2021174800F046FBEE
:10CBF000154C204600F05EFB0028FAD1134D284664
:10CC000000F058FB04460028F9D01148FE2100F03E
:10CC100035FB14F0280F0CBF4FF0FF30002038BD5B
:10CC2000211D4FF4830000F061FB0821064800F04D
:10CC300025FBDDE70098410000994100009C410080
:10CC4000009D4100008C41000030210000022100C5
:10CC500000282100014638B510224FF4830000F06F
:10CC600045FB04210B4800F009FB0A4C204600F06C
:10CC700021FB0028FAD1084D284600F01BFB044692
:10CC80000028F9D0FE21054800F0F8FAE04340F30F
:10CC9000C01038BD00302100000221000028210012
:10CCA00070B5022106462D4800F0E8FA2B4C2046CC
:10CCB00000F000FB0028FAD1294D284600F0FAFACE
:10CCC00004460028F9D0FE21264800F0D7FAA30731
:10CCD00041D5254800F0EEFA03462448337000F0B1
:10CCE000E9FA03462248737000F0E4FA0546214849
:10CCF00000F0E0FA0446204800F0DCFA0346240481
:10CD000004EB05641D4804EB034400F0D3FA03462A
:10CD100004EB034474601A4800F0CCFA0546194845
:10CD200000F0C8FA0446184800F0C4FA0346240488
:10CD300004EB0564154804EB034400F0BBFA03461A
:10CD400004EB03441022124806F10C01B46000F019
:10CD5000E9FA002070BD4FF0FF3070BD00302100B7
:10CD6000000221000028210000D0410000D4410031
:10CD700000D8410000D9410000DA410000DB410049
:10CD800000DC410000DD410000DE410000DF410029
:10CD900000E0410038B501210B4800F06FFA0A4C61
:10CDA000204600F087FA0028FAD1084D284600F006
:10CDB00081FA04460028F9D0FE21054800F05EFA09
:10CDC000E04340F3C01038BD0030210000022100D4
:10CDD0000028210070B50446274800F06BFAC3070D
:10CDE00002D44FF0FF3070BD244800F063FA0346D0
:10CDF0002348237000F05EFA03462248637000F077
:10CE000059FA0646204800F055FA05461F4800F03A
:10CE100051FA03462D0405EB06651D4805EB034555
:10CE200000F048FA034605EB03456560194800F039
:10CE300041FA0646184800F03DFA0546174800F04A
:10CE400039FA03462D0405EB0665154805EB034545
:10CE500000F030FA034605EB0345102204F10C0103
:10CE60001048A56000F05EFA01210F4800F006FAB4
:10CE70004FF0FF3070BD00BF0002210000D0410024
:10CE800000D4410000D8410000D9410000DA41003F
:10CE900000DB410000DC410000DD410000DE41001C
:10CEA00000DF410000E041000028210038B50446C1
:10CEB000062221461F4800F019FA04221E4804F1F8
:10CEC0000E0100F013FA04221C4804F10A0100F0DC
:10CED0000DFA04221A48A11D00F008FA1022194880
:10CEE00004F1420100F002FA1022174804F1320165
:10CEF00000F0FCF9154D1022154804F1120100F064
:10CF0000F5F91022134804F1220100F0EFF9AC46C4
:10CF1000D4F85230D4F856004CF8043BD4F85A10E8
:10CF2000D4F86230D4F85E20ACE80F0094F8663094
:10CF30002B7538BD00204100003041000034410015
:10CF4000003841000070410000604100B011002035
:10CF5000004041000050410010B504460622214621
:10CF60002B4800F0DFF904222A4804F10E0100F0FA
:10CF7000D9F90422284804F10A0100F0D3F9042267
:10CF80002648A11D00F0CEF91022254804F14201E7
:10CF900000F0C8F91022234804F1320100F0C2F970
:10CFA0001022214804F1120100F0BCF910221F48A0
:10CFB00004F1220100F0B6F91D4B04F156021946A6
:10CFC00051F8050B521A022AC4F852000FD9D3E9BE
:10CFD0000102D968C4F85A201A691B7DC4F85600AA
:10CFE000C4F85E10C4F8622084F8663010BD9A68F8
:10CFF000D9685868C4F85A201A691B7DC4F85600CD
:10D00000C4F85E10C4F8622084F8663010BD00BF1A
:10D010000020410000304100003441000038410050
:10D02000007041000060410000404100005041009C
:10D03000B011002038B50C4607287BD8DFE800F097
:10D040002F2B0418334F70750D683C48E9B200F07F
:10D0500015F93B48C5F3072100F010F94FF48000A3
:10D06000C5F3074100F00AF93648290E00F006F929
:10D07000324800F01FF9324800F01CF94FF48000EC
:10D0800000F018F905462F4800F014F92D06284441
:10D090002060002038BD0846FFF75EFFF9E708462C
:10D0A000FFF704FFF5E70978274800F0E7F8618803
:10D0B0004FF48400090A00F0E1F8A178234800F059
:10D0C000DDF82179224800F0D9F8E1882148090AE1
:10D0D00000F0D4F82048A17900F0D0F8D9E71A4838
:10D0E00000F0E8F803464FF48400237000F0E2F803
:10D0F0000546164800F0DEF8034603EB052363807F
:10D10000134800F0D7F803461248237100F0D2F814
:10D110000546114800F0CEF800EB0520E080B8E7A6
:10D1200009780E4800F0AAF8B3E70C4800F0C2F8FE
:10D130002070AEE74FF0FF3038BD00BF0008400060
:10D1400000094000000440000004420000014200C9
:10D15000000C42000008420000094200002C21009F
:10D1600010B504460A48E1B200F088F8C4F307217C
:10D17000084800F083F8C4F307414FF4800000F042
:10D180007DF8210E0448BDE8104000F077B800BFDC
:10D1900000084000000940000004400010B50848A5
:10D1A00000F088F8074800F085F84FF4800000F0A0
:10D1B00081F80446044800F07DF82406204410BDA0
:10D1C00000084000000940000004400010B504467B
:10D1D0000E48217800F052F861884FF48400090A63
:10D1E00000F04CF8A1780A4800F048F82179094885
:10D1F00000F044F8E1880848090A00F03FF8A179F6
:10D200000648BDE8104000F039B800BF00044200F5
:10D2100000014200000C42000008420000094200E8
:10D2200038B50446104800F045F803464FF4840032
:10D23000237000F03FF805460C4800F03BF8034629
:10D2400003EB052363800A4800F034F803460948DD
:10D25000237100F02FF80546074800F02BF800EB8B
:10D260000520E08038BD00BF0004420000014200FC
:10D27000000C4200000842000009420030B505469B
:10D280000B4C83B0E3688DF80710984763699847A3
:10D2900045F02000C5F30F21C0B20DF107020123B4
:10D2A000256AA847A36998472369984703B030BD0A
:10D2B000C4080020002230B505460B4C83B0ADF801
:10D2C0000420E368984763699847C5F30F21E8B2E3
:10D2D00001AA0123E569A847A369984723699847EC
:10D2E0009DF8040003B030BDC40800202DE9F041D2
:10D2F00005460F4616460A4CE36898476369984707
:10D3000045F020003A46B3B2C5F30F21C0B2256AFA
:10D31000A847A36998472369BDE8F041184700BFB3
:10D32000C40800202DE9F04105460F461646094C79
:10D33000E3689847636998473A46B3B2C5F30F214B
:10D34000E8B2E769B847A36998472369BDE8F041A7
:10D35000184700BFC40800202DE9F04F00258300C6
:10D3600003F501335F1C03F201135FFA83F82E46C5
:10D37000C24685B05FFA87F9194C3F0A4FEA132B72
:10D380000197E368ADF80C60984763699847484691
:10D39000019903AA0123E769B847A369984723695C
:10D3A00098479DF80C80E368ADF80C609847636976
:10D3B00098475946504603AA0123E769B847A3692D
:10D3C0009847236998472B469DF80C504FEA082848
:10D3D0004544ADB2AB42D4D1284605B0BDE8F08F8C
:10D3E000C40800202DE9F04F0025830003F5093320
:10D3F0005F1C03F201135FFA83F82E46C24685B024
:10D400005FFA87F9194C3F0A4FEA132B0197E3683B
:10D41000ADF80C609847636998474846019903AA9C
:10D420000123E769B847A3699847236998479DF89E
:10D430000C80E368ADF80C609847636998475946DB
:10D44000504603AA0123E769B847A36998472369AF
:10D4500098472B469DF80C504FEA08284544ADB23A
:10D46000AB42D4D1284605B0BDE8F08FC4080020F7
:10D470002DE9F04F4FF0000993463D4C800087B0F6
:10D4800000F50336E368ADF81490771C0190039122
:10D490005FFA87F898473F0A6369984739464046DC
:10D4A00005AAE5690123A847A36998472369984716
:10D4B0009DF81450E368ADF8149006F201165FFA77
:10D4C00086F90295360A9847636998473146484677
:10D4D00005AAE5690123A847A369984723699847E6
:10D4E000029D9DF814A0019B0AEB052A1FFA8AFAF7
:10D4F00003EB0A25E368984702356369984745F0CE
:10D500002000039AC5F30F2100F0FE005B46256A58
:10D51000A847A3699847DA4423699847CAF30723C1
:10D520008DF81430E368984763699847394648F0A6
:10D53000200005AA256A0123A847A36998471FFA76
:10D540008AFA23699847E3688DF814A098476369BD
:10D550009847314605AA49F020000123256AA847CB
:10D56000A36998472369984707B0BDE8F08F00BFCB
:10D57000C40800202DE9F04F87B00191002A75D032
:10D580004FF0000915463B4C4FEA800BE3680BF562
:10D590000A36ADF81490984706F101086369984778
:10D5A0005FFA88F04FEA1828414605AA0123E76987
:10D5B0000290B847A36998472369984706F2011675
:10D5C0009DF814A0E368ADF8149098475FFA86F9C7
:10D5D0006369360A9847314605AA48460123E76938
:10D5E000B847A3699847236998479DF8143003EB1F
:10D5F0000A2A1FFA8AFA0BEB0A200330E368039029
:10D600009847636998470398019AC0F30F212B4606
:10D61000C0B2E769B847A36998475544236998475A
:10D62000C5F307238DF81430E3689847636998477A
:10D630000298414640F0200005AA0123276AB84716
:10D64000A3699847ADB223699847E3688DF81450F1
:10D650009847636998470123314605AA49F020009D
:10D66000256AA847A36998472369984707B0BDE88A
:10D67000F08F00BFC40800202DE9F04F0027414C77
:10D6800085B08500E36805F50A35ADF80C708A466B
:10D690006E1C984763699847320A11465FFA86F80C
:10D6A000404603AAE66901230191B047A369984760
:10D6B0002369984705F201159DF80CB0E368ADF8B1
:10D6C0000C7098475FFA85F963692D0A98472946D7
:10D6D000484603AAE6690123B047A369984723692E
:10D6E00098479DF80C3003EB0B2353441B128DF825
:10D6F0000C30E368984763699847DDF804B003AAE3
:10D70000594648F02000266A0123B047A36998478C
:10D7100023699847E368ADF80C70984763699847A8
:10D720005946404603AAE6690123B047A3699847D2
:10D7300023699847E368ADF80C7098476369984788
:10D740002946484603AA0123E669B047A3699847DA
:10D75000236998479DF80C3053448DF80C30E368EA
:10D76000984763699847294603AA49F02000012396
:10D77000256AA847A36998472369984705B0BDE87B
:10D78000F08F00BFC408002000284BD02DE9F047DF
:10D79000064600254FF0FF0A234C82B0E3688DF85F
:10D7A00003A098476369984742F2200120200DF1B9
:10D7B00003020123276AB847A3699847236998475A
:10D7C0004FF00008E368ADF8048098476369984714
:10D7D00042F21601002001AA0123E769B847A369B4
:10D7E0009847236998479DF80490E368ADF8048052
:10D7F00098476369984742F21701002001AA012364
:10D80000E769B847A3699847236998479DF80430AA
:10D8100003EB0923092BD5DD0135AE42BED102B0A1
:10D82000BDE8F087704700BFC408002070B50D4602
:10D830002F4C82B08DF80400E368984763699847DD
:10D8400043F20801202001AA0123266AB047A369F8
:10D850009847236998472A0A8DF80420E368984777
:10D860006369984743F20D01202001AA0123266A2B
:10D87000B047A369984723699847E3688DF8045037
:10D8800098476369984743F20C01202001AA0123BD
:10D89000256AA8470125A369984723699847E36843
:10D8A0008DF8045098476369984743F2140120208B
:10D8B0002B4601AA256AA847A36998472369984778
:10D8C0000025E368ADF8045098476369984743F230
:10D8D0001401002001AA0123E669B047A369984713
:10D8E000236998479DF80430002BEAD102B070BD3F
:10D8F000C408002070B5334C82B08DF80400E36892
:10D9000098476369984743F20801202001AA012340
:10D91000256AA847A3699847236998470222E368C4
:10D920008DF8042098476369984743F2140120203A
:10D9300001AA0123256AA847A36998472369984744
:10D940000026E368ADF8046098476369984743F29E
:10D950001401002001AA0123E569A847A36998479B
:10D96000236998479DF80450002DEAD1E368ADF88B
:10D970000450984763699847284601AA43F2110169
:10D98000E6690123B047A3699847236998479DF842
:10D990000460E368ADF804509847636998472846E7
:10D9A00043F2100101AA0123E569A847A36998473A
:10D9B000236998479DF8040000EB062080B202B06E
:10D9C00070BD00BFC408002010B5094C04222146D8
:10D9D0000848FFF78BFC04220748A118FFF786FCD4
:10D9E00004F108010422BDE810400448FFF77EBCA2
:10D9F000C8110020003841000034410000304100CF
:10DA000010B50C4CCE212046FFF738FC00210A4807
:10DA1000FFF734FCFF212046FFF730FC4FF40010E5
:10DA2000FFF748FCBDE81040062204490448FFF710
:10DA30005DBC00BF00F4410000042000D4110020B0
:10DA40000020410010B5154CCE212046FFF716FCF2
:10DA500000211348FFF712FCFF212046114CFFF76D
:10DA60000DFC4FF40010FFF725FC214604220E4860
:10DA7000FFF73CFC04220D48A118FFF737FC04F126
:10DA8000080104220A48FFF731FC04F10C010622C8
:10DA9000BDE810400748FFF729BC00BF00F4410073
:10DAA00000042000C811002000384100003441006B
:10DAB000003041000020410030B4094D094C0A4BB0
:10DAC000002818BF0446002914BF08462846074905
:10DAD000C3E9004030BC002A18BF11469960704766
:10DAE00045DA0010C9D90010F008002001DA001052
:10DAF00030B583B0694606221548FFF713FC0025B0
:10DB00004FF40001134B144A5C6922609A69C4E91E
:10DB1000021512BA6260188ADA6829462084E26126
:10DB2000C4E904554022A561C4F82250C4F8265027
:10DB3000658504F12C0000F0FFFE8022294604F1E7
:10DB40006C0000F0F9FE054BC4F8EC3003B030BDBA
:10DB500000204100C81100200101060063825363C8
:10DB60002DE9F04F8FB0FFF7C3FF40F207120023FB
:10DB70000C20904D90496C69DFF84092C4F8F01089
:10DB8000A4F8F420E9682A8A99F80C70C4F8F61011
:10DB9000C2F3072CA4F8FA20C5E90733090EA4F84C
:10DBA000FC00D2B2002F00F0DE8012231846A0F154
:10DBB0001106B6B204EB000809EB060E88F8EC700B
:10DBC0009EF80C7001339BB2002FEFD1471DBFB2FE
:10DBD0000297871DBFB20397F71D0636F6B205966A
:10DBE00000F10806B6B2069600F10906B6B207962D
:10DBF00000F10A06B6B2089600F10B06B6B2099615
:10DC000000F10C0600F1070EB6B21FFA8EFE0A965E
:10DC100000F10D06AEEB0707B6B200F1020A00F103
:10DC2000030900F1040804970B9600F10E0700F1B8
:10DC30000F0610301FFA8AFA1FFA89F91FFA88F8BE
:10DC4000BFB2B6B280B24FEA111B9F2901F00F019B
:10DC500094BF0BF1300B0BF1370B2344092983F8E8
:10DC6000ECB098BF30314FEA121388BF37319F2A8A
:10DC700002F00F0294BF30333733092A94BF303299
:10DC80003732A244A144A0448AF8EC1089F8EC3061
:10DC900088F8EC20029A4FEA1C13BCF19F0F94BF46
:10DCA00030333733224482F8EC300CF00F0C039BF6
:10DCB000BCF1090F94BF0CF1300C0CF1370C23446C
:10DCC00083F8ECC0049B059A234483F8EC20089B5E
:10DCD0004FF0370B23449C46099B069A23449846F1
:10DCE0000A9B2244234499460B9BA64423449A460C
:10DCF00006238EF8ECB082F8EC3001220799274415
:10DD0000214481F8EC2003228CF8EC2088F8EC30D8
:10DD10000F2389F8EC303A238AF8EC303B2387F85C
:10DD2000EC30FF232644B0F59C7F86F8EC3007D218
:10DD3000C0F59C72EC30002192B2204400F0FCFD52
:10DD40004FF0040C43274FF0FF3695F8240021468E
:10DD50004FF40972CDE9007C0DAB0D96FDF794FFF1
:10DD60000FB0BDE8F08F1D234FF01E0E4FF01C08C2
:10DD7000CDE90A3E1B234FF01A09CDE908381923D3
:10DD80004FF0060ACDE9063911234FF0170BCDE904
:10DD9000043A16232120CDE9023B20261F274FF00D
:10DDA000180E4FF015084FF014094FF0130A122304
:10DDB00049E700BFC81100203501013DF0080020EF
:10DDC0002DE9F04FBC4D93B0FFF792FE95F825304A
:10DDD000033B012B40F267814FF0FF33FF266C6954
:10DDE000119340F20713298AE868B44AFF2EC4F859
:10DDF000F600A4F8FA10C1F30727C4F8F0204FEAA0
:10DE00001060C9B2A4F8F43000F05C81222323260C
:10DE10004FF0210CCDE90E3620234FF01F0ECDE937
:10DE20000C3C1E234FF01D08CDE90A3E1C234FF089
:10DE30001B09CDE908381A23CDE906391923122226
:10DE40004FF0170A059316234FF01809CDE9033A4E
:10DE50004FF0150B4FF0140C4FF0130E112610233A
:10DE600090464FF00C0A234483F8ECA0002326448C
:10DE700086F8EC30924B93F80CA0BAF1000F00F04A
:10DE80005D815E7B04EB080282F8ECA008F10102E0
:10DE9000002E00F05681224482F8EC609E7B08F14F
:10DEA0000202002E00F04F81224482F8EC60DE7BFB
:10DEB00008F10302002E00F04881224482F8EC6051
:10DEC0001E7C08F10402002E00F04181224482F8F9
:10DED000EC605E7C08F10502002E00F02D819B7C39
:10DEE000224482F8EC6008F10602002B00F0318138
:10DEF000224482F8EC30072308F10702DE1D03F10B
:10DF00000608931D1FFA83F9D31C1FFA83FB131D08
:10DF10009BB20393531D9BB20493D31D9BB20593F5
:10DF200002F108039BB2069302F109039BB2079327
:10DF300002F10A039BB2089302F10B039BB209930F
:10DF400002F10C039BB20A9302F10D039BB20B93F7
:10DF500002F10E039BB20C9302F10F039BB20D93DF
:10DF600002F110039BB20E9302F11103A9EB060616
:10DF700002F1010E02F1020C9BB226441FFA8EFE42
:10DF80001FFA8CFC0F9303099F2800F00F0094BF29
:10DF9000303337332244092882F8EC3098BF3030D0
:10DFA0004FEA111388BF37309F2901F00F0194BF4A
:10DFB000303337330929A644A44494BF3031373174
:10DFC000A3448EF8EC008CF8EC308BF8EC104FF09A
:10DFD000370B039A3B099F2F94BF303337332244CA
:10DFE00082F8EC3007F00F07049B092F94BF3037FD
:10DFF0003737234483F8EC7004EB090303930E9B3B
:10E00000059A234486F8EC809846039B224483F8C3
:10E01000ECB092460823069A8AF8EC3022449146E6
:10E02000012389F8EC300323079F089E274487F8D3
:10E03000EC300623099A2644224486F8EC309646B2
:10E040000F230A9A8EF8EC30224494463A238CF837
:10E05000EC303B230B980C99204480F8EC301F23C4
:10E06000214481F8EC3021230D9A0021224482F8CA
:10E07000EC30FF230F9A042602F1EC002044C2F595
:10E080009C7288F8EC3000F057FC432395F824008C
:10E090004FF40972CDE90036214611ABFDF7F4FDCE
:10E0A00013B0BDE8F08F00236C692A68E969EE7F40
:10E0B0001191E260638194E6C81100203501033DAF
:10E0C000F008002040F23243A4F8FC3040F236431E
:10E0D000A4F802312B684FF02F0BC4F8FE30EB6927
:10E0E0002D26C4F804312E23CDE90E3B2C234FF00E
:10E0F0002B0CCDE90C362A234FF0290ECDE90A3C32
:10E1000028234FF02708CDE9083E2623CDE906381D
:10E1100025231E224FF0230A059322234FF02409C2
:10E12000CDE9033A4FF0210B4FF0200C4FF01F0EBA
:10E130001D261C23904694E60523DFE64FF00608D3
:10E1400021E70123DAE60223D8E60323D6E60423F7
:10E15000D4E60623D2E600BFF0B585B0FFF7C8FCD1
:10E16000FF2340F23642002140F2071640F23240CF
:10E17000184D194F6C6984F80831EB68A4F8022136
:10E18000C4F8F6302B8AEA69A4F8FA302B68C4F890
:10E19000F070A4F8F460A4F8FC006181C4F80421D4
:10E1A000C4F8FE3040F21B1204F2091000F0C4FB68
:10E1B000042743234FF0FF3695F824004FF40972EB
:10E1C000CDE90037214603AB0396FDF75DFD05B0B1
:10E1D000F0BD00BFC81100203501043DF0B5794CF9
:10E1E00087B094F82400FFF7FDF810B9002007B0BD
:10E1F000F0BD02460DF10E030DF10D006169CDE990
:10E20000003004AB94F82400FDF756FDBDF80E3045
:10E21000432BEBD16269237B117F9942E6D1517F79
:10E22000637B9942E2D1917FA37B9942DED1D17F7A
:10E23000E37B9942DAD192F82010237C9942D5D120
:10E2400092F82110637C9942D0D194F81CC0667F6B
:10E25000A57F94F81FE04CEA06032B435EEA030314
:10E260009DF8101040F082800023049E564F02F16A
:10E27000F00112FA80F2914280F0A28008783628EC
:10E2800070D836281DD8DFE800F06B5E1C521C1CCD
:10E29000421C1C1C1C1C1C1C1C1C1C1C1C1C1C1C98
:10E2A0001C1C1C1C1C1C1C1C1C1C1C1C1C1C1C1CAE
:10E2B0001C1C1C1C1C1C1C1C1C1C1C1C1C311C2E77
:10E2C0002000487802300144D5E78878063120776D
:10E2D00011F8030C2662607711F8020CA07711F890
:10E2E000010CE077C7E78B780331C4E78D780631FE
:10E2F0007D6111F8030C00EB052011F8025C05EBC1
:10E30000002511F8010C00EB05207861B3E78D784A
:10E31000487884F82850CD78023084F829500D7957
:10E3200084F82A504D79014484F82B50A3E78D7866
:10E3300048782572CD78023065720D79A5724D79D5
:10E340000144E57297E788780631207111F8030CD3
:10E35000607111F8020CA07111F8010CE0718AE7EC
:10E36000013188E7FF28ACD1114684E78C451AD0EB
:10E3700094F820308B427FF439AF9DF8111094F857
:10E38000213099427FF432AF9DF8121094F8223078
:10E3900099427FF42BAF9DF8131094F823309942E3
:10E3A0007FF424AF60E79DF81130B342E0D19DF8CF
:10E3B0001230AB42DCD19DF813307345D8D153E70E
:10E3C00058B214E7C8110020F008002010B5044C22
:10E3D00094F82400FDF776F9062384F8253010BD63
:10E3E000C811002038B5204C94F92C30012B13DDD6
:10E3F00094F92530022B2AD0042B28D0012B2BD1C5
:10E400000023184684F8253000230A21174A84F88F
:10E410002C302363916138BD144D226BA969914260
:10E4200013D294F92520022A18D0042A16D0012AE2
:10E4300003D1FFF795FB94F92C30002201332263BE
:10E4400084F82C30236B0A33AB61012038BDFFF711
:10E4500087FB012384F825300120D5E7FFF7B0FCC6
:10E4600094F92C30E9E700BFC8110020F008002023
:10E4700070B56E4C82B094F92530062B1DD043F256
:10E48000010394F8240003EB8000FEF713FF222819
:10E490000BD1FFF7A3FE94F92530C5B2042B1FD88A
:10E4A000DFE803F017202A390E000023442202215E
:10E4B00094F82400FCF7E8FFEBE7052002B070BDFC
:10E4C000052D33D0062D47D002B0BDE87040FFF7D0
:10E4D00089BF00232360FFF743FB012384F8253025
:10E4E0000120EBE7022DEFD163691B692360FFF781
:10E4F00067FC84F82550F3E7052D49D0062DE3D1BC
:10E5000000230A2001224A492363886184F82C30C1
:10E5100084F82520E4E7464D6B695A1C03D0226B32
:10E52000B2EB530F23D8042002B070BD002194F841
:10E530003420237884F82C109A4257D03C4D6B68D5
:10E540009847032000230A220321236384F825101F
:10E55000AA6184F82C30B1E700230A200122344953
:10E560002363886184F82C3084F82520DBE7A369D5
:10E57000226801336263A361FFF722FC00230A21B2
:10E5800004222363A96184F82C3084F82520CAE78B
:10E590002848FEF78FFE032106462648FEF76EFE4A
:10E5A000042541F28830CDE9000511221F4B224994
:10E5B00094F82400FDF768FB054631461D48FEF738
:10E5C0005DFE0D3524D0FFF7C7FD226B236B9B1A30
:10E5D000012BFBD900250A21154B25639A68996107
:10E5E00084F82C50904784F8255079E794F835202A
:10E5F00063789A42A2D194F83620A3789A429DD1AA
:10E6000094F83720E3789A4298D10420084D99E78E
:10E61000074D2B68984700230A2103222363A96131
:10E6200084F82C3084F825205AE700BFC811002058
:10E63000F0080020000442002C460110F0B51548F7
:10E6400083B0FEF737FE41F288350427124C0646A8
:10E6500003211048FEF712FE112223460F4994F8B9
:10E660002400CDE90057FDF70FFB05463146094868
:10E67000FEF704FE0D3502D1012003B0F0BDFFF717
:10E680006BFD236B226BD21A012AFBD9002003B049
:10E69000F0BD00BF00044200C81100202C4601104C
:10E6A000002370B5224C062282B006460D46214852
:10E6B00004F10C010193FEF735FE617B237BE27BC5
:10E6C0000B43A17B207C0B431343617C03430B432F
:10E6D00021D0194B656115182B4442404A400B4428
:10E6E0001344042215480DEB0201A36184F8246051
:10E6F000FEF7FCFD042212480DEB0201FEF7F6FDC9
:10E7000000230A210F4A2363916184F82C3084F896
:10E71000253002B070BD0C4906220648E16004F1C4
:10E720000C012382FEF7E2FDE27B207C617CD0E7D6
:10E73000C8110020002041007856341200384100F2
:10E7400000304100F00800200008DC0000220A2010
:10E75000034B04491A63886183F82C20704700BF7B
:10E76000C8110020F0080020024A136B0133136324
:10E77000704700BFC8110020044B1A7802705A7805
:10E7800042709A788270DB78C3707047C81100209D
:10E79000044B1A7A02705A7A42709A7A8270DB7A43
:10E7A000C3707047C8110020044B1A7902705A795F
:10E7B00042709A798270DB79C3707047C81100206B
:10E7C000064B93F82820027093F82920427093F8A2
:10E7D0002A20827093F82B30C3707047C811002034
:10E7E000014B5869704700BFF008002000F00F008F
:10E7F000092894BF30303730704700BFF0B501258D
:10E80000344C354B354A89B0002120681A601D719F
:10E81000FCF7DAFA324F334938602068FCF7F0FA37
:10E8200024683F6804F12F4101F56001090D0631AC
:10E830000646C9B21920F5F711FD19222B463946B3
:10E8400020460095FCF758FB4FF48033264A04938A
:10E850000692F301F21C254943EA023323F0C04338
:10E86000052005930791F6F79FFF07EE100A9FED2D
:10E87000206AB8EE477ADFED1F6AC7EE067A77EEB8
:10E88000A67ABCEEE77A17EE103A9BB203B307EE16
:10E89000103AB8EE477ADFED186A77EEC77A67EE7E
:10E8A000A67AFCEEE77ACDED037A9DF80C502D02A6
:10E8B000394645EA0345324604AB20460495FCF749
:10E8C00061FB01212368B9401943216009B0F0BD03
:10E8D0001D46EDE70C090020B4440320010032017D
:10E8E00080550320D44A0110000006700064002007
:10E8F0000024F44A0000003B000080434FF0010C6C
:10E9000030B40B4C0B4B256812021C6842EA0142E2
:10E9100005F110030CFA03FC42EA0062636813EA93
:10E920000C0FFBD1043544F8252030BC704700BFE4
:10E93000805503200C09002070B5860747D0541E6F
:10E94000002A3ED0CAB2034601E0013C39D303F8A5
:10E95000012B9D07F9D1032C2CD9CDB20F2C05EB3F
:10E96000052505EB054535D9A4F1100C03F1100E72
:10E970001A462CF00F064FEA1C1CB644C2E900559B
:10E98000C2E9025510327245F8D10CF1010214F0BF
:10E990000C0F04F00F0C03EB021213D0ACF10403C4
:10E9A00023F003030433134442F8045B9342FBD186
:10E9B0000CF003042CB1C9B21C4403F8011BA342A0
:10E9C000FBD170BD64461346002CF4D1F9E7034631
:10E9D0001446C0E71A46A446E0E700BF80EA010CEF
:10E9E0001CF0030F37D110F0030C20F0030021F0CE
:10E9F000030150F8042B08BF51F8043B0ED08CF0F3
:10EA0000030C6FF07F434FEACC0C23FA0CFC51F857
:10EA1000043B42EA0C0243EA0C0300BFA2F1013CB2
:10EA20009A4201BF2CEA020C1CF0803F50F8042BE4
:10EA300051F8043BF2D04FEA02604FEA122201285B
:10EA400028BFB0EB036F08BF1B0AF4D003F0FF032D
:10EA5000000EC01A704710F0030F0AD010F8012BF7
:10EA600011F8013B012A28BF9A42F4D0A2EB03001F
:10EA700070474DF8045D50F8042B01F0030521F0B8
:10EA8000030151F8043B022D26D04DD822F07F45DA
:10EA9000B5EB132FA2F1013C2CEA020C0DD11CF0B6
:10EAA000803C08BF51F8043B0AD185EA0205B5EB6A
:10EAB000036F0CD150F8042BE8E74FEA13235BE017
:10EAC0003CF07F4C54D10B784FEA126554E04FEA8A
:10EAD000126503F0FF034FE04FEA0245A2F1013C4B
:10EAE0004FEA15452CEA020CB5EB134F18D11CF078
:10EAF000803C08BF51F8043B07D185EA0205B5EB1D
:10EB0000034F09D150F8042BE6E75FEA0C4C2FD1F4
:10EB10000B884FEA12452FE04FEA03434FEA1245B4
:10EB20004FEA134328E000BF02F0FF05B5EB136F77
:10EB3000A2F1013C2CEA020C0DD11CF0803C08BF74
:10EB400051F8043B0AD185EA0205B5EB032F0AD13F
:10EB500050F8042BE8E74FEA13630DE012F0FF0FC3
:10EB600006D051F8043B4FEA122523F07F4303E01F
:10EB70004FF0000020BC704705F0FF0203F0FF00DB
:10EB8000012828BF904204BF2D0A1B0AF4D0A2EB33
:10EB9000000020BC704700BF024B0A4601461868BF
:10EBA00000F008B810090020014B1868704700BF3A
:10EBB0001009002038B5A1FB021434BB00F032F874
:10EBC000054630B350F8042C22F00302043A242AFC
:10EBD0000CD8132A0FD91B2AC0E9004412D9242AC1
:10EBE000C0E9024418D000F1100205E02146FFF709
:10EBF000A3FE284638BD024600232846C2E900335A
:10EC0000936038BD00F10802F6E7FFF7CDFF0C2353
:10EC100003600025284638BD00F11802C0E904440D
:10EC2000EAE700BF01F10B03162B2DE9F04F074671
:10EC300083B023D8102900F2AF8000F0F7FE102532
:10EC400018230220C24E33445C68A3F108029442A8
:10EC500000F078816368384623F00303D4E9021298
:10EC60002344CA6091605A68083442F001025A6035
:10EC700000F0DEFE204603B0BDE8F08F002B23F04D
:10EC80000705C0F28980A94200F2868000F0CEFE1E
:10EC9000B5F5FC7FC0F0B2816B0A00F08180042BD7
:10ECA00000F27C81AB0903F1390003F1380EC30097
:10ECB000A74E3344A3F1080C5C68A44507D10DE0CE
:10ECC000002AE16880F238818C450C4606D06368E2
:10ECD00023F003035A1B0F2AF2DD7046DFF874821B
:10ECE0003469444500F0EA80636823F0030CACEB20
:10ECF00005030F2B00F39281002BC6E9048880F2F4
:10ED00008181BCF5007FD6F804E080F027814FEACE
:10ED1000DC0301224FEA5C1C013302FA0CF256F8C4
:10ED200033104EEA020E06EBC302083AC6F804E0BE
:10ED3000C4E9021246F83340CC6083104FF0010C56
:10ED40000CFA03FCF44531D81CEA0E0F07D120F071
:10ED500003004FEA4C0C04301CEA0E0FF9D006EB0E
:10ED6000C00A8146D646DEF80C300BE05A681C46D5
:10ED7000DB6822F00302511B0F2900F31B810029DD
:10ED800080F22F819E45F1D109F101090EF1080EA3
:10ED900019F0030FE7D165E10C233B60002469E71C
:10EDA0004FF4007340204FF03F0E81E7B468636872
:10EDB00023F00309A9EB05030F2B02DDA94580F021
:10EDC000AA80DFF894B104EB09030820DBF80020E7
:10EDD0000093103202EB050800F0C4FBD6F80814CB
:10EDE0000246013105D008F1FF384142804401EA72
:10EDF000080841463846019201F0E2F8B0F1FF3FC1
:10EE00008246019A7CD0009B83425AD9B44277D182
:10EE1000DBF8040002F1FF3C4044CBF80400D6F8D4
:10EE20000814013100F06B81009BAAEB030101443F
:10EE3000CBF804101AF00703009300F03D81C3F1F2
:10EE4000080138468A440A44D04408EA0C01521AA0
:10EE500002EA0C01019101F0B3F8421C00F0678155
:10EE6000A0EB0A00019900EB010848F00102C6F886
:10EE700008A0B442CAF80420DBF804201144CBF8FF
:10EE8000041031D0B9F10F0F40F205816068A9F18B
:10EE90000C02052322F0070200F0010010430F2AA4
:10EEA000606004EB0200C0E901331DD904F10801E0
:10EEB000384600F0B7F9DBF8041015E0D6F804E0A6
:10EEC0003BE7DBF8041002F1FF3C41440846CBF875
:10EED0000410A4D1009B13EA0C0FA0D109EB080287
:10EEE000B06842F001024260DBF82C208A42DBF875
:10EEF000302038BFCBF82C108A4238BFCBF8301006
:10EF0000B468626822F00302531B0F2B40F3C680E3
:10EF1000954200F2C380621945F0010543F00103F8
:10EF2000083444F8045C3846B260536000F080FD59
:10EF3000204603B0BDE8F08FA26823443846D16074
:10EF40008A6090E6DC68A3427FF484AE0230C5E6B6
:10EF5000380A0020400A002000120020BCF5206F73
:10EF60004FEA5C226CD3142A00F2B68002F15C03F3
:10EF70005B32DB00F118F3580839994203D191E074
:10EF80009B68994204D05A6822F003026245F7D880
:10EF9000D968C4E902318C60DC60CEE6142B56D906
:10EFA000542B00F2A2802B0B03F16F0003F16E0EC5
:10EFB000C3007DE6D4F808C03846671945F001055E
:10EFC0006560CCF80C30C3F808C041F00103C6E915
:10EFD0000477C7E902887B60A150083400F028FD5F
:10EFE00048E622443846516841F00101516054F826
:10EFF000082FD3609A6000F01BFD3BE6E80805F19E
:10F0000008031FE6A44438460834DCF8043043F013
:10F010000103CCF8043000F00BFD2BE6621943F03D
:10F02000010145F0010538466560C6E90422C2E9E0
:10F030000288516044F80C30083400F0F9FC19E6FD
:10F040004FEA9C1202F139033832DB0092E703F1F8
:10F050005C0003F15B0EC3002AE65AF808395345F9
:10F0600040F0828010F0030F00F1FF30F5D173689B
:10F0700023EA0C0373604FEA4C0C0CF1FF329A4206
:10F0800004D393E64FEA4C0C09F104091CEA030F80
:10F09000F8D0484663E60123CAF80430384600F049
:10F0A000C7FC7BE692104FF0010C0CFA02F24EEA1C
:10F0B000020EC6F804E06CE70AEB0801384601EAE4
:10F0C0000C01521A02EA0C01019100F079FF431C75
:10F0D0007FF4C6AE0099C8E6542A13D84FEA1C3212
:10F0E00002F16F036E32DB0044E7B3F5AA7F13D859
:10F0F000EB0B03F1780003F1770EC300D8E5C6F8F7
:10F1000008A497E6B2F5AA7F19D84FEADC3202F1DB
:10F1100078037732DB002DE740F25452934219D83E
:10F12000AB0C03F17D0003F17C0EC300C0E5009B36
:10F130000021A3F108029044A8EB0A0895E640F2EA
:10F1400054539A420CD84FEA9C4202F17D037C3220
:10F15000DB000FE74FF47E737F204FF07E0EA7E5B4
:10F160004FF47E737E2205E7736884E72DE9F84348
:10F170000646DFF8AC800820894600F0F3F9054622
:10F18000304600F053FCD8F808305F6827F00307DA
:10F19000A7F11104A4EB09042C44B4FBF5F4013CE1
:10F1A00005FB04F4A54208DC0021304600F008FF0E
:10F1B000D8F808303B44984205D0304600F038FC7F
:10F1C0000020BDE8F8836142304600F0F9FE0130CE
:10F1D0000FD03F1B104AD8F80830304647F00107DF
:10F1E0005F6013681B1B136000F022FC0120BDE868
:10F1F000F8830021304600F0E3FED8F80820831A97
:10F200000F2BDADD43F0010303495360034B1B6806
:10F21000C01A0860D1E700BF04120020400E002091
:10F22000380A002000297CD02DE9F0410C468046A8
:10F2300000F0FCFB764F54F8043CA4F10805BE68CE
:10F2400023F0010168184268864222F0030200F0B0
:10F250008380DE0700EB020C426033D454F8084C84
:10F26000DCF8043007F1080C2D1B214403F00103E6
:10F27000AC68644564D0D5F80CE0C4F80CE0CEF876
:10F280000840002B00F0818041F001036B600160B9
:10F29000B1F5007F22D2CB080122490901338A400F
:10F2A00079680A4357F833107A6007EBC302083ACB
:10F2B000C5E9021247F83350CD604046BDE8F04141
:10F2C00000F0B6BBDCF80430DB072BD541F00103BE
:10F2D000B1F5007F44F8043C0160DCD3B1F5206F48
:10F2E0004FEA512353D28B0903F1390003F138025D
:10F2F000C300F818FB580838984203D161E09B68B6
:10F30000984204D05A6822F003028A42F7D8D8689B
:10F31000C5E9023085604046DD60BDE8F04100F09F
:10F3200087BB7047114407F1080C836863453FD0E1
:10F33000C268DA60936041F001036B606950A7E72F
:10F34000002B5FD10A44D0E90213CB60996042F0F0
:10F3500001036B60AA50B0E7DB070A4407D454F8F6
:10F36000083CED1A1A44D5E90213CB60996042F0CB
:10F3700001036B60274BBD601B6893429DD8264BF1
:10F3800040461968FFF7F2FE97E71144CDE7142BCA
:10F3900008D9542B1DD80B0B03F16F0003F16E023B
:10F3A000C300A6E703F15C0003F15B02C300A0E722
:10F3B00041F00103C7E90455C5E902CC6B6069500F
:10F3C0007BE70121921001FA02F279680A437A6020
:10F3D0009EE7B3F5AA7F06D8CB0B03F1780003F1C3
:10F3E0007702C30085E740F25452934206D88B0C53
:10F3F00003F17D0003F17C02C3007AE74FF47E73D2
:10F400007E2276E741F001036B60016055E700BFA3
:10F41000380A0020440E002000120020032A30B4D5
:10F4200015D941EA000484460B46A40704D0541EB3
:10F430000FE0043A032A08D91946604653F8044BF2
:10F440005CF8045BA542F4D0F1E760461946541E0F
:10F450007AB1431E0139021901E09A4209D013F82A
:10F46000010F11F801CF6045F7D0A0EB0C0030BCC4
:10F470007047002030BC7047844641EA000313F017
:10F48000030349D1403A23D30B6803604B684360C0
:10F490008B688360CB68C3600B6903614B69436110
:10F4A0008B698361CB69C3610B6A03624B6A4362F8
:10F4B0008B6A8362CB6AC3620B6B03634B6B4363E0
:10F4C0008B6B8363CB6BC36340304031403ADBD2FC
:10F4D00030320BD30B6803604B6843608B688360EA
:10F4E000CB68C36010301031103AF3D20C3205D320
:10F4F00051F8043B40F8043B043AF9D2043208D0F6
:10F50000D2071CBF11F8013B00F8013B01D30B8867
:10F5100003806046704700BF082A13D38B07B1D021
:10F5200010F00303AED0C3F10403D21ADB071CBFF3
:10F5300011F8013B00F8013BA4D331F8023B20F85D
:10F54000023B9FE7043AD9D3013A11F8013B00F896
:10F55000013BF9D20B7803704B7843708B78837042
:10F5600060467047082802D14FF48050704708B5B4
:10F57000FFF71AFB162203464FF0FF301A6008BD52
:10F580000CB400B583B004AB53F8042B019300F026
:10F59000ABFD03B05DF804EB02B070470EB410B5DC
:10F5A00083B0074C014605AB206853F8042B019348
:10F5B00000F09AFD03B0BDE8104003B0704700BFF3
:10F5C000100900202DE9F04F164683B0002900F005
:10F5D0009E800C4606F10B05804600F027FA54F891
:10F5E000040C162DA4F1080920F0030762D810229C
:10F5F00000231546B542C0F0A280002B40F09F804A
:10F60000974261DADFF828B309EB0701DBF808302D
:10F61000D1F804C08B4200F097802CF001030B441A
:10F620005B68DB0768D42CF0030C07EB0C039342F8
:10F6300045DAC30712D454F8083CA9EB030ADAF8F8
:10F64000043023F0030084440CEB070B5A4540F3CD
:10F65000FE8007EB000B5A4540F3D480314640460C
:10F66000FFF7E0FA0646002800F0298154F8043C30
:10F67000A0F1080223F001034B44934200F0B18053
:10F680003A1F242A00F2DF80132A00F2B0800346DA
:10F690002246116819605168596092689A60214643
:10F6A0004046FFF7BFFD404600F0C2F9304603B0C8
:10F6B000BDE8F08F25F007052A46EB0F9AE71F46B5
:10F6C000D1E90223D3609A60781BD9F8043009EBA2
:10F6D00007020F2803F001031FD83B43C9F8043089
:10F6E000536843F0010353602646404600F0A0F9FA
:10F6F000304603B0BDE8F08FC307AFD454F8083CE0
:10F70000A9EB030ADAF8043023F00300A1E711465D
:10F7100003B0BDE8F04FFFF785BA2B4309EB0501B5
:10F7200040F00100C9F80430083141F8040C4046AB
:10F73000536843F001035360FFF774FDD4E70C23D3
:10F74000C8F800300026D3E72CF0030C05F11001B7
:10F750000CEB07038B4280F29280C0073FF57EAF2F
:10F7600054F8083CA9EB030ADAF8043023F003004C
:10F7700084440CEB070399423FF76BAF3A1F5646A0
:10F78000DAF80C1056F8080F242AC160886000F2DD
:10F79000B080132A40F2AB8021681B2ACAF80810F7
:10F7A0006168CAF80C1000F2AB8008340AF110024C
:10F7B0002168116061685160A16891605B1B0AEB70
:10F7C0000502404643F00103CBF808205360DAF805
:10F7D000043003F001032B43CAF8043000F028F989
:10F7E00086E750F8043C23F003031F446CE72368CA
:10F7F0001B2A03606368436036D804F1080200F1F5
:10F80000080346E73A1F5646DAF80C30242A56F821
:10F81000081FCB60996022D8132A1ED923681B2A9F
:10F82000CAF808306368CAF80C303CD808340AF1CA
:10F83000100322681A6062685A60A2689A603446AF
:10F840005F46D14640E7214601F0CCFF27E7D1E9EA
:10F8500002133A1FCB609960D5E73346E9E72146AA
:10F86000304601F0BFFFEAE7A368242A8360E3681B
:10F87000C36028D004F1100200F1100309E75B1BFC
:10F8800009EB05024046264643F00103CBF8082069
:10F89000536054F8043C03F001032B4344F8043C48
:10F8A00000F0C6F824E7A368242ACAF81030E368F9
:10F8B000CAF8143010D010340AF11803B9E74046E2
:10F8C00000F0B6F83EE7236904F1180203616369AA
:10F8D000436100F11803DCE623691834CAF81830D4
:10F8E00054F8043CCAF81C300AF12003A1E7324660
:10F8F0005EE721463046019301F074FF019B5DE70E
:10F90000A168242ACAF81010E168CAF8141003D0BC
:10F9100010340AF118024BE722691834CAF818208B
:10F9200054F8042CCAF81C200AF1200240E700BF5A
:10F93000380A00202DE9F04186B002FB03F81C468E
:10F94000174601AB0C9E0546019103930123CDF8A8
:10F950000880CDF81480049308B1436B13B3B6F953
:10F960000C20736E910405D442F4005223F400532A
:10F97000B28173669B0403D5002006B0BDE8F08118
:10F980003146284603AA00F067F938B1059BA8EB79
:10F990000308B8FBF7F006B0BDE8F081204606B0DA
:10F9A000BDE8F08100F030F9D9E700BF2DE9F04162
:10F9B0001D4C86B002FB01F70E46D4F800801C46B1
:10F9C00001AB154601900393012302970597049319
:10F9D000B8F1000F02D0D8F834300BB3B4F90C20D2
:10F9E000636E910405D442F4005223F40053A281C3
:10F9F00063669B0403D5002006B0BDE8F081214674
:10FA0000404603AA00F028F930B1059BFF1AB7FB66
:10FA1000F6F006B0BDE8F081284606B0BDE8F081FA
:10FA2000404600F0F1F8D9E710090020704700BF08
:10FA3000704700BF00207047024A0349034800F0A6
:10FA400031BB00BF480E0020C52901101809002055
:10FA50000C4B4168994210B5044601D002F0B2FF48
:10FA6000A168094B994202D0204602F0ABFFE16841
:10FA7000064B994204D02046BDE8104002F0A2BFD8
:10FA800010BD00BF341200209C120020041300207F
:10FA9000002070472DE9F8432A4900252A4C042309
:10FAA0000822DFF8B890C4F8381104F15C00294648
:10FAB000DFF8AC80254F264EE36025606566A561C2
:10FAC000C4E90155C4E90455FEF736FF214B08226D
:10FAD000294604F1C40063672567C4F8CC50C4F814
:10FAE0008050E662C4E90749C4E90987C4E91A55A8
:10FAF000C4E91E55FEF720FF04F1680329460822D9
:10FB0000C4F8843004F59670134BC4F8D850C4F888
:10FB1000DC30C4F83451C4F8E850C4E92298C4E990
:10FB20002476C4E93455C4E93855FEF705FF04F1DD
:10FB3000D003C4E93C98C4E93E76C4F8EC30BDE893
:10FB4000F88300BF39FA001034120020BD2A0110DA
:10FB5000E52A01100900010012000200552A0110D7
:10FB60007D2A0110F8B5254B0646D3F83831002B15
:10FB70003DD0234FD7E90134013B04D51DE05A1C89
:10FB800004F1680419D0B4F90C50013B002DF6D1F2
:10FB90001C4B0822294604F15C006566E360256081
:10FBA000A561C4E90155C4E90455FEF7C5FEC4E9E1
:10FBB0000C55C4E911552046F8BD3D680DB12F46DE
:10FBC000D8E74FF4D6713046FFF72CF8044688B1D9
:10FBD000042305600C302946254640F8083C4FF4C4
:10FBE000D072A060FEF7A8FE3C602F46C2E7FFF788
:10FBF00051FFBEE70C2338603360DCE7341200208D
:10FC0000480E00200100FFFF436B03B17047044B17
:10FC1000044AD3F838314263002BF7D13AE700BFEA
:10FC20003412002051FA0010704700BF704700BF27
:10FC3000024A0020024900F035BA00BF480E0020F9
:10FC400035FA0010024A0020024900F02BBA00BF2A
:10FC5000480E002091FA00109368002B00F0F98004
:10FC6000B1F90CC01CF0080F2DE9F04F904683B09D
:10FC700081460C4631D00B697BB31CF00207D8F8E3
:10FC8000006038D00027D4F824B0E169DFF8C4A2BE
:10FC90003D4655452B463A46484628BF5346C5B1D2
:10FCA000D847002840F3CB80D8F8083007442D1AF5
:10FCB0001B1AC8F80830002B00F0B78055452B46BA
:10FCC000D4F824B03A46E16928BF53464846002D8F
:10FCD000E6D1D6E900750836DBE72146484602F052
:10FCE0000FFE002840F0B080B4F90CC0D8F80060D6
:10FCF0001CF00207C6D11CF0010A64D123685746E4
:10FD0000A16818468B46002F59D01CF4007F00F0E4
:10FD1000B680B9420A4600F2E2801CF4906F30D0FF
:10FD200021695D1A636913EB430348BF01334FEA4E
:10FD3000630B6B1C3B445A465B4501D99B461A46F4
:10FD40001CF4806F00F0EA8011464846FEF76AFF17
:10FD5000002800F0F9802A4621690090FFF78CFB0B
:10FD6000A289009B22F4906242F08002A28158197D
:10FD7000C4F814B0ABEB05053A46BB462361A56059
:10FD800020605146009201F02DFDA16823683D4698
:10FD9000009AA1EB0B0100271A44A1602260D8F859
:10FDA0000830AA445B1BC8F80830002B3DD02368FC
:10FDB000A168B4F90CC018468B46002FA5D1D6E92E
:10FDC00000A708369DE73846BB463D460097002D04
:10FDD00041D0002846D0009AA168AA4263692068F1
:10FDE00028BF2A4603EB010A2169884202D95245FD
:10FDF00000F38580934275DC5A46E1694846676A9C
:10FE0000B847B0F1000A1ADD009BB3EB0A03009378
:10FE10000FD00120D8F80830D344A5EB0A05A3EB96
:10FE20000A03C8F80830002BD1D1002003B0BDE888
:10FE3000F08F2146484601F09BFC0028EAD0B4F937
:10FE40000C3043F04003A3814FF0FF3003B0BDE816
:10FE5000F08F00207047756833460836002DFAD0C1
:10FE6000D3F800B02A460A21584600F0CFF80028FF
:10FE700067D00130A0EB0B031A460093ACE7226970
:10FE80009A4214D36269BA4211D86FF00043656A8E
:10FE9000E1694846BB4228BF3B4693FBF2F302FBB5
:10FEA00003F35246A847051EC9DD7F1B77E7B94219
:10FEB000184628BF39460D4651462A4601F092FCA5
:10FEC000A1682368491B2B44A16023600029ECD161
:10FED0002146484601F04CFC0028E6D0AFE7BB467F
:10FEE0003A464EE75946019201F07CFC019AA3681C
:10FEF00092469B1AA36023681344236084E7594603
:10FF0000524601F06FFC2368214648465344236063
:10FF100001F02EFC00283FF477AF90E74846FFF74A
:10FF200051FB034600287FF422AF21694846FFF7C2
:10FF300079F9B4F90C300C2223F08003C9F80020C1
:10FF40007FE76A1C009247E70C22B4F90C30C9F82D
:10FF5000002076E700FCFF7F002301461A46184682
:10FF600002F0C4BD20F0030110F00300C0F1000056
:10FF700051F8043B00F1040C4FEACC0C6FF0000286
:10FF80001CBF22FA0CF213434FF0010C4CEA0C2C6C
:10FF90004CEA0C4CA3EB0C0222EA030212EACC124C
:10FFA00004BF51F8043B0430F4D0C2F1000102EA6E
:10FFB0000102B2FA82F2C2F11F0200EBD2007047D6
:10FFC00038B50022064D044608462A60F7F7E8FBDC
:10FFD000431C00D038BD2B68002BFBD0236038BDFC
:10FFE0007013002038B5074D074C2C1BA41005D00A
:10FFF000013C55F8043D9847002CF9D1BDE8384044
:020000041001E9
:1000000003F068BC64390110643901105FFA81FCA7
:10001000810744D00346511E22B909E09A0709D04E
:10002000013905D31846013302786245F6D170478D
:1000300000207047184603290CD80029F8D0034641
:10004000014401E08B42F3D0184613F8012B6245BE
:10005000F8D1704710B50CEB0C24024604EB0444B5
:1000600002E00439032915D9104652F8043B6340D5
:10007000A3F1013E2EEA030313F0803FF1D00346C3
:10008000014401E08B4208D0184613F8012B624569
:10009000F8D110BD10460029F1D1002010BD114645
:1000A000C9E700BF2DE9F8434FF00009074688462D
:1000B0001646D6E90154013D0FD4A389012B08D976
:1000C000B4F90E3021463846013302D0C04749EA20
:1000D0000009013D68346B1CEFD13668002EE8D171
:1000E0004846BDE8F88300BF2DE9F04FC3B01C4679
:1000F0009046054608910D930C9003F0AFFA036803
:1001000018461493FFF72EFF13901DB16B6B002B55
:1001100000F0ED870899B1F90C204B6E900405D4DE
:1001200042F4005223F400538A814B669F0401F18C
:100130006581089AB2F90C301E0740F1BA80126945
:10014000002A00F0B68003F01A030A2B00F0C080EA
:100150000023C3469C46CDE9263332ABE046CDF8BA
:1001600028C09A4625939FED6E7BCDE915CC8DED89
:10017000107B9BF800305C46DBB1252B19D025465F
:1001800014F8013F0BB1252BF9D1B4EB0B0610D0BD
:10019000279B33442793269B0133072B2693CAE9D9
:1001A00000B600F3A4800AF1080A0A9B33440A93BC
:1001B0006B78002B00F0A4804FF0000304F1010BDA
:1001C00065784FF0FF398DF8773000230993069357
:1001D0000BF1010BA5F12003582B00F2A580DFE8FD
:1001E00013F00D02A300A3000602A300A300A300C6
:1001F000A300A300A3009D010002A300A801C50164
:10020000A300F9015900590059005900590059003B
:10021000590059005900A300A300A300A300A300A4
:10022000A300A300A300A300A300E0011901A30001
:100230001901A300A300A300A3006102A300A3006F
:100240004C02A300A300A300A300A3001802A30074
:10025000A3008206A300A300A300A300A300A300A1
:10026000A300A300A300A300B6016A0119011901AC
:100270001901AF016A01A300A300B702A300A902FC
:10028000A50696028F02A3006802A300A806A30099
:10029000A300AB06A5F13003002202EB82021BF89B
:1002A000015B03EB4202A5F13003092BF5D909925A
:1002B00090E7089D0C98294602F022FB002841F0A7
:1002C0009D80B5F90C3003F01A030A2B7FF440AF80
:1002D000089BB3F90E30002BFFF63AAF2346424697
:1002E00008990C9843B0BDE8F04F01F06FB925AA0A
:1002F00008990C9802F054FC30B90DF1C80A54E783
:10030000279B002B40F0C487089B9B895B0601F16B
:1003100075800A9843B0BDE8F08F00BFAFF300804E
:1003200000000000000000000E95002DE8D0002322
:1003300028AE8DF8A0508DF87730012307930B93EA
:100340004FF000094B46CDF83C90069A279C12F0DE
:10035000840505D1099A0799571A002F00F37F8366
:100360009DF8772082B1269A0DF177010134013290
:10037000CAF8001001212794072A2692CAF804100F
:1003800000F3AD830AF1080A7BB1269A1EA9023454
:100390000132CAF8001002212794072A2692CAF8CF
:1003A000041000F3AA830AF1080A802D00F03682B7
:1003B0000B9BA9EB0307002F00F37882069BDF0558
:1003C00000F1D0810B9BCAF800601C44CAF80430CD
:1003D000269B27940133072B269300F3E8820AF12A
:1003E000080A069B5A0705D5099B079A9D1A002DF6
:1003F00000F38F830799DDE909238A42ACBF9B187C
:100400005B180A93002C40F0BC8200230DF1C80A4F
:100410002693AEE60D9B4FF0FF320E95073323F087
:100420000701B44BB1EC027B55EC174B0D9125F055
:1004300000418DED187A1991DDE918678DED107B7B
:1004400030463946F5F700FE002840F0B1844FF001
:10045000FF32A84B30463946F5F72EFE002840F013
:10046000A7840022002320462946F5F711FE002824
:1004700040F0A2869DF87730069A9F4E22F08002C7
:1004800006929E4A0E994FF000094729D8BF16469A
:100490000322CDF83C9007920B9213B1079B0133D6
:1004A0000793069B13F002033FF44FAF079B023301
:1004B0000793022349E7069B0E959D0679D50D9B70
:1004C000073323F007031A46596852F8083B0D9288
:1004D0000A460029C0F24D84B9F1000F08DB0699E5
:1004E00021F0800003D153EA020100F0BF800690A2
:1004F0000A2B72F1000180F0FF8530330DF1C70641
:100500008DF8C73001230B930B9A9DF877304A453D
:10051000B8BF4A46079200220F92BEE70D9B53F8E0
:10052000042B002A099280F23184099A0D935242D9
:100530000992069B9BF8005043F00403069347E69C
:10054000069B9BF8005043F04003069340E60D9B4A
:10055000002228AE0E958DF8772053F8042B0D93CA
:1005600001238DF8A02007930B93E9E65A4612F871
:10057000015B2A2D00F0EA87A5F13003092B00F278
:1005800042874FF0000909EB890912F8015B03EB80
:100590004909A5F13003092BF5D949EAE9799346D0
:1005A00018E6069B0E9543F010030693069B9D06E6
:1005B00085D40D9A52F8043B0D92069AD40600F1A8
:1005C000D383069A500640F1CF8343F3C0321BB267
:1005D00011467EE7069B9BF8005043F0800306938C
:1005E000F6E52B239BF800508DF87730F0E5069B5D
:1005F0009BF8005043F001030693E9E59DF877303E
:100600009BF80050002B7FF4E3AD20238DF877306A
:10061000DEE5069B0E9543F010030693069B13F050
:10062000200200F081830D9B0121073323F0070393
:1006300018465A6850F8083B0D900020B9F1000F99
:100640008DF87700C0F26B81069853EA020420F01F
:10065000800040F06381B9F1000F40F05F8129B95B
:10066000069B13F001030B9340F0FE824FF000094C
:1006700032AE0690CDF82C9046E7069B0E9543F0DF
:1006800010030693069B13F0200200F05D830D9B80
:100690000021073323F0070318465A6850F8083B37
:1006A0000D90CAE7069B9BF8005043F008030693A1
:1006B0008EE50D9C00270E9554F8046B8DF877702D
:1006C000002E00F05284B9F1000FC0F25A854A465C
:1006D00039463046FFF79AFC002800F08486821BDA
:1006E000B9469DF877300B9222EAE2720D94079298
:1006F0000F97D2E6FFFFEF7F4446011040460110FE
:10070000069B9BF8005043F02003069360E5069B90
:1007100078200D9A43F00203AB490E90069347F6FA
:10072000300316910221ADF8783052F8043B0D9257
:10073000002282E7069B9D0640F12D830D9B0A9ABD
:100740001B681A60D2175A600D9B04330D9310E595
:100750009BF80050069B6C2D00F0FE8343F01003C5
:10076000069335E50E9B652B40F334810022002370
:10077000DDE91001F5F77AFC002800F00882269BDD
:100780000134924A01332794CAF800200122072B32
:100790002693CAF8042000F39D840AF1080A1F9BDF
:1007A000434580F2EE82139B149A1C44CAE900234D
:1007B000269B27940133072B269300F3C1830AF16C
:1007C000080A08F1FF35002D7FF70BAE102D269B90
:1007D00040F3CF867E49224610260C9FDDF82090FC
:1007E0000C46129103E0103D102D40F3D3800133ED
:1007F0001032072BCAE90046CDE926320AF1080A71
:10080000F1DD25AA4946384602F0CAF900287FF4EE
:100810007BAD0DF1C80ADDE92632E4E7099B079AB2
:100820009F1A002F7FF7C4AD694A102F269B1292A2
:1008300028DD52462046C2461025B04619460C9C7B
:10084000634E02E0103F102F17DD013110300729F1
:10085000C2E90065CDE9261002F10802F2DD25AA01
:100860000899204602F09CF900287FF44DAD103F16
:1008700032AA102FDDE92610E7DC46460446D046B2
:100880000B4692460133129A3C44CAF80470072B77
:10089000CAF80020CDE9263400F366840B9B0AF1E8
:1008A000080AA9EB0307002F7FF788AD484A102FED
:1008B000269B129223DD22464FF010090C9D089CC6
:1008C00002E0103F102F19DD013310324049072B91
:1008D000CAE90019CDE926320AF1080AF1DD25AA94
:1008E000214628460DF1C80A02F05AF900287FF483
:1008F0000BAD103F102FDDE92632E5DC1446013345
:10090000129A3C44CAF80470072BCAF80020CDE9BB
:10091000263400F3F7810AF1080A4FE50690012911
:100920003FF4E6AD022932AE10D1169803F00F0164
:100930001B09415C43EA0273120906F8011D53EAE0
:100940000201F3D132AB9B1B0B93DDE503F00701F2
:10095000DB08304643EA42733031D20806F8011D05
:1009600053EA0204F2D13029ECD0069BDB07E9D52B
:100970003023023806F8013C32AB06461B1A0B93B3
:10098000C2E525AA08990C9802F00AF900283FF45C
:100990003CADB9E41446129A2C44CAF80450CAF883
:1009A00000200133072BCDE926347FF718AD25AAA7
:1009B00008990C9802F0F4F800287FF4A5AC279C65
:1009C0000DF1C80A0DE500BF604601106C39011039
:1009D000F44A0110269DB8F1010F04F101040AF157
:1009E000080705F1010540F347810123072DCAF8E7
:1009F0000060CAF80430CDE9265400F31383139B3A
:100A00000135149A1C44072DC7E90023CDE926546B
:100A100000F3148308370022002308F1FF39DDE9D1
:100A20001001F5F723FB002840F040810135013625
:100A30004C44C7F80490072D3E60CDE9265400F3DE
:100A400029810837159B01351C447B60072D21AB9C
:100A5000CDE926543B60AADC07F1080AC1E4B0499D
:100A6000102F269A12912BDD51462046C2460C9C2F
:100A7000B04617932E46AA4D02E0103F102F19DD05
:100A80000132103010230D60072A01F1080141F8EE
:100A9000043CCDE92620F0DD089925AA204602F085
:100AA0007FF832A900287FF42FAC103F102FDDE92A
:100AB0002620E5DC3546179B46460446D0468A4646
:100AC000013212993C44CAF80470072ACAF800108F
:100AD000CDE9262400F3BE820AF1080A40E425AAE3
:100AE00008990C98129302F05BF800287FF40CAC84
:100AF000279C0DF1C80A129B46E425AA08990C9878
:100B000002F04EF800287FF4FFAB279C0DF1C80AD5
:100B10004BE4102D269B40F37B848149224610260E
:100B20000C9FDDF820900C46129102E0103D102D34
:100B300018DD01331032072BCAE90046CDE9263211
:100B40000AF1080AF2DD25AA494638460DF1C80A1D
:100B500002F026F800287FF4D7AB103D102DDDE918
:100B60002632E6DC14460133129A2C44072BCAE9DC
:100B70000025CDE926347FF73DAC25AA08990C98CD
:100B800002F00EF800287FF4BFAB279C32E41F9AD6
:100B9000002A40F36E820F9F4745A8BF4746002FAB
:100BA0000BDD269B3C4401332794072B2693CAE98F
:100BB000006700F3E0830AF1080A0F9D002FA8BF29
:100BC000ED1B002D00F3DB811F9B4345C0F201822A
:100BD000069AD00700F1FD810F9AA8EB0303A8EB5A
:100BE00002059D42A8BF1D46002D0EDD1644269A23
:100BF0002C44CAF804500132CAF800602794072A2E
:100C0000269200F3CB830AF1080A002DACBF5E1BCD
:100C10001E46002E7FF7E5AB102E269B40F3B884CE
:100C20004049224610250C9FDDF820900C46129179
:100C300003E0103E102E40F3608301331032072B87
:100C4000CAE90045CDE926320AF1080AF1DD25AAF4
:100C50004946384601F0A4FF00287FF455AB0DF15A
:100C6000C80ADDE92632E4E7302389460DF1C706DC
:100C700006908DF8C73047E4069BD9073FF5B5AE1F
:100C80000123072DCAF80060CAF80430CDE92654C4
:100C90007FF7D8AE25AA08990C9801F081FF0028AB
:100CA0007FF432AB32AFDDE92654CBE6B8F1010F69
:100CB0007FF7C8AE1B4BB8F1110F129340F370824F
:100CC00022461026DDF830A01C4605E0A9F11009E7
:100CD000B9F1100F40F3638201351032072DC7E9D7
:100CE0000046CDE9265207F10807EFDD25AA08994D
:100CF000504601F055FF00287FF406AB32AFDDE926
:100D00002652E3E725AA08990C9801F049FF00282C
:100D10007FF4FAAA279C0DF1C80AFFF74FBB00BF6A
:100D2000E44A0110F44A01100D9951F8043B0D9169
:100D3000069911F0100105D1069A12F0400201D077
:100D40009BB20A46012178E40D9951F8043B0D91BC
:100D5000069911F0100105D1069A12F0400201D057
:100D60000A469BB2114668E4DA1711460029BFF61D
:100D7000B3AB5B424FF02D004FF0010162EB42023A
:100D80005CE4069BDE077FF52CAB0CE59BF800507E
:100D90000D93FFF71DBA069BDC0600F12981069B27
:100DA000580640F125810D9B0A9A1B681A80CBE4F6
:100DB000DDE9100102460B46F5F746F9002840F040
:100DC0009D830E9BB9F1FF3F23F02003079300F0B2
:100DD000CF82B9F1000F03D1472B08BF4FF00109B3
:100DE000069ADDE9100142F480750029C0F29B8269
:100DF00000279DED107B8DED1A7B0E9B652B00F07F
:100E00004E8200F3C482452B00F0498223AB0C983C
:100E1000CDF80490049320AB03931FAB02930223FD
:100E20000093DDE91A2300F0FBFD069B0646D90777
:100E300000F1F281239BA3EB00081F9B0F930F9BF4
:100E4000DA1C02DB994580F274820E9B023B0E9302
:100E50000E9B8DF884300F9B591E00291F91C0F204
:100E600021832B2309298DF8853040F308830DF168
:100E7000930CDFF864E36446AEFB01390A46204672
:100E8000013C4FEAD909632A09EB8903A1EB43032B
:100E9000494603F1300300F8013CEDDC831E30319C
:100EA000634504F8011C80F076830DF1850213F888
:100EB000011B634502F8011FF9D142AB181AA0F1DA
:100EC00071031593159BB8F1010F43440B9340F345
:100ED000DF820B9B139A134400220B9323EAE373E4
:100EE0000F920793CAE1B74B0E951693069B13F02A
:100EF000200200F086800D9B073323F0070319467C
:100F00005A6851F8083B0D910698C10776D553EA07
:100F1000020173D040F0020106910E998DF879100C
:100F200030218DF878100221FFF787BB0E95FFF76F
:100F3000A9BB0E95FFF772BBA34B0E951693D5E791
:100F400025AA08990C9801F02BFE00287FF4DCA953
:100F5000279C0DF1C80A34E443F020039BF80150AC
:100F60000BF1010B0693FFF733B94B46974E0D94E7
:100F7000062B28BF06230B930793FFF7E1B9102D2B
:100F8000269B40F3F382924821460B9610271A467F
:100F9000DDF83090089C0646129003E0103D102DBD
:100FA00040F31C8101321031072ACAE90067CDE9FC
:100FB00026210AF1080AF1DD25AA2146484601F05A
:100FC000EFFD00287FF4A0A90DF1C80ADDE9262174
:100FD000E4E7139A14991444CAE90012269A279454
:100FE0000132072A269200F391810AF1080AF3E5FB
:100FF0000D9B0A9A1B681A60FFF7A6BB0221FFF738
:101000001CBB0D9951F8043B0D91069911F010018C
:101010007FF47AAF069A12F040023FF475AF9BB2AC
:101020000A4671E725AA08990C9801F0B9FD002835
:101030007FF46AA932AFDDE92654E0E425AA0899D5
:101040000C9801F0ADFD00287FF45EA932AFDDE918
:101050002654E0E425AA08990C98129301F0A0FD0B
:1010600000287FF451A9279C0DF1C80A129BFFF7B5
:1010700077B9269B0134574901332794CAF80010E9
:101080000121072B2693CAF8041000F3B8800AF157
:10109000080A58EA020300F09481139B14991C4437
:1010A000CAE90013269B27940133072B269300F3EC
:1010B00051810AF1080A002AC0F2AE81013344448A
:1010C000CAF80060072BCAF80480CDE926347FF700
:1010D00086A96CE425AA08990C9801F061FD002806
:1010E0007FF412A9279C0DF1C80AFFF758BB0C9892
:1010F000FEF78AFDFFF70EB832AE37484FF0CC3E10
:101100000527CDF81C9099181D46144641F10001A1
:10111000A0FB01C929F0030C0CEB990CA1EB0C010D
:101120005B1A62F1000C0EFB03F200FB0C22A3FB26
:1011300000C31A440CF001034FEA5C0CA3FB07390F
:1011400059180A2D4CEAC27301F1300174F1000400
:101150004FEA520206F8011DD5D232ABDDF81C90E1
:101160009B1B0B93FFF7D0B925AA08990C9801F0A7
:1011700017FD00287FF4C8A8279C0DF1C80AFFF7C7
:1011800017B93046B946FEF7EDFE20EAE0729DF849
:1011900077300D940B900F970792FFF77EB91446A6
:1011A0000135129B4C44C7F80490072D3B60CDE9F4
:1011B00026547FF746AC6DE52D238DF87730FFF789
:1011C0005BB900BF4C460110604601107446011027
:1011D000F44A01106C390110CDCCCCCC0B9E0C46DE
:1011E00013460133129A2C44CAF80450072BCAF84C
:1011F0000020CDE926346FDC0AF1080AE4E425AAD0
:1012000008990C9801F0CCFC00287FF47DA81F9A67
:101210000DF1C80A279C3CE700EB090400220023DB
:10122000DDE91A01F4F722FF002840F0C680239B75
:10123000A34206D230215A1C23921970239B9C4250
:10124000F9D81F9A0F92A3EB0608079B472B3FF490
:10125000F6AD0E9B662B7FF4FBAD069B0F9A03F059
:101260000103002A43EA090340F38781002B40F081
:101270005C810F9B07930B9366230E930695002FBB
:1012800036D02D234FF000098DF87730FFF706B9DF
:1012900025AA08990C9801F083FCFFF735B809F1ED
:1012A000010802230C98CDE9003823AB049320AB4E
:1012B00003931FAB0293DDE91A2300F0B1FB0E9BF1
:1012C000064600EB0804662BA8D13378302B00F0DB
:1012D00007811F9B1C44A1E725AA08990C9801F0DF
:1012E0005FFC00287FF410A8279C0DF1C80A6BE46E
:1012F000B9469DF87730FFF7D0B81446129A3444B7
:10130000CAF80460CAF80020FFF74BBB25AA089969
:101310000C9801F045FC00287EF4F6AF1F9B0DF100
:10132000C80A279C58E401F100432D271A901B930B
:1013300063E50F9B984500F39680069B13F0010F21
:101340000F9B40F0FC8023EAE3720B936723079224
:101350000E9393E725AA08990C9801F021FC002828
:101360007EF4D2AF1F9A0DF1C80ADDE92634A2E659
:101370004FF0060934E525AA08990C9801F010FCF5
:1013800000287EF4C1AF279C0DF1C80A15E40E9B1E
:10139000662B7FF43BADC846032383E725AA089953
:1013A0000C9801F0FDFB00287EF4AEAF1F9B0DF101
:1013B000C80A279CA8EB030327E41F9A23460F9231
:1013C00041E7069BDD077FF50CA8139B149A1C448C
:1013D000CAE90023269B27940133072B2693B9DC07
:1013E0000AF1080A6AE6CDF81C90CDF82C908146E7
:1013F0009DF877300D940F90FFF74FB84FF0FF3303
:101400000A93FEF786BF93464FF00009FEF7E2BE4F
:10141000644A1292FFF7A7BB5542103280F2BE8099
:101420006148214610271A46DDF830900446129094
:1014300002E0103D102D39DD01321031072ACAE9D2
:101440000047CDE926210AF1080AF2DD25AA08990C
:10145000484601F0A5FB00287EF456AF0DF1C80AFE
:10146000DDE92621E5E7139B0F9A4344002A0B93FD
:1014700051DD23EAE373079367230E93FEE63023DF
:1014800030318DF8863004238DF88710159319E5D7
:10149000069A12F001020F927FF41BAD23EAE37368
:1014A0000793EBE6C3F101012D23DBE40C46134661
:1014B0000133129A2C44CAF80450072BCAF80020B2
:1014C000CDE926348CDD25AA08990C9801F068FB3B
:1014D00000287EF419AF0DF1C80ADDE92634EDE5E8
:1014E00000220023DDE91A01F4F7C0FD002838D0FE
:1014F0001F9B1C440F93A4EB0608AEE6119B002B28
:1015000020DB9DF87730069A284E22F08002069262
:10151000274AFEF7B7BF0F9B0B9AC3F101031A448A
:10152000134667220B930E92B8E7139B4B44134468
:1015300066220B9323EAE3730E9207939EE6139AB7
:101540001344EEE72D238DF87730DCE70D9B9BF8F5
:101550000150934653F8049B49EAE9790D93FEF74D
:1015600037BEC8F101031C441F9357E60E4A12927E
:1015700037E60D4A1292FFF70EBA2BB90123662205
:1015800007930E920B9379E6139B01334B44CFE7FD
:10159000054A1292B2E60223159393E4024A12928C
:1015A00086E700BFE44A0110F44A01109444011098
:1015B0004846011010B4044C13460A460146206800
:1015C0005DF8044BFEF790BD1009002070B5ADF535
:1015D0008D6D0C4606461AA900910491A18921F04F
:1015E0000201ADF80C104FF4806102910591616E1B
:1015F0001991E189ADF80E10E1690791616A0991CD
:10160000002106916946FEF76FFD051E07DB69465E
:10161000304600F0ADF8002818BF4FF0FF35BDF898
:101620000C305B0603D5A38943F04003A381284611
:101630000DF58D6D70BD00BFB1F90C202DE9F041A5
:1016400016070C4680464ED4496842F400630029D0
:10165000A38163DDA56A002D42D0002112F48052DF
:10166000D8F80060C8F80010E16964D10123404651
:10167000A847451C02466DD0B4F90C30A56AE16953
:10168000580705D56368D21A236B0BB1E36BD21AE6
:1016900000234046A847431C4FD1D8F80010B4F9A6
:1016A0000C301D2940D8314ACA40D7073CD523F415
:1016B0000062DD04A2814FF00002626022692260B4
:1016C00001D5002944D0216BC8F8006041B104F174
:1016D0004003994202D04046FDF7A4FD0023236356
:1016E0000020BDE8F0810E69002EF9D092070D6848
:1016F0000E600CBF4B690023AD1B8B600BE02B46CB
:101700003246E1694046676AB847B0F1000CA5EB84
:101710000C05664406DD002DF1DCE1E7E16B0029F4
:1017200098DCDDE7B4F90C3043F040034FF0FF30B4
:10173000A381BDE8F081226DA2E7B4F90C3000224C
:10174000626023F40062DB04A28122692260BAD5C0
:101750002065B8E7D8F80030002B8DD01D2B01D0C4
:10176000162BDFD1C8F80060BAE700BF01004020A7
:1017700010B5044682B008B1436B53B1B1F90C0007
:1017800008B902B010BD204602B0BDE81040FFF716
:1017900053BF0191FEF738FA0199EFE7A0B138B5D0
:1017A0000C4B04461D680DB16B6B4BB1B4F90C00CA
:1017B00000B938BD21462846BDE83840FFF73CBF98
:1017C0002846FEF721FAF1E7034A04490448FEF7E8
:1017D00069BC00BF10090020480E002071170110DD
:1017E0001809002088420ED98B1883420BD900EBD0
:1017F000020C002A6ED0624613F801CD994202F81D
:1018000001CDF9D170470F2A0FD8034602F1FF3CF2
:10181000002A5FD00CF1010C013B8C4411F8012B24
:10182000614503F8012FF9D1704740EA01039B0796
:1018300051D1A2F1100301F1200C70B523F00F0576
:1018400001F1100E00F110041B09AC445EF8105CAD
:101850000EF1100E103444F8205C5EF81C5C44F865
:101860001C5C5EF8185C44F8185C5EF8145CE64595
:1018700044F8145CEAD1013312F00C0F02F00F0CA3
:1018800001EB031100EB031329D0ACF1040C1C1F76
:101890008E462CF003064FEA9C0C1E445EF8045B57
:1018A00044F8045FB442F9D10CF1010402F00302E0
:1018B00003EB840301EB840102F1FF3C4AB10CF11C
:1018C000010C013B8C4411F8012B614503F8012FF9
:1018D000F9D170BD704702F1FF3C03469AE76246BA
:1018E000EAE700BF000000002DE9F04F036985B072
:1018F0000C69A342C0F29080013C01F1140500F193
:101900001408814655F824304FEA840C58F82420F6
:1019100005EB8407013308EB840B9A42B2FBF3F624
:1019200042D30020AA46C646CDF80C80034688461E
:10193000CDE901C505465AF8042BDEF8001090B237
:1019400057454FEA124C06FB00508AB24FEA104549
:1019500080B206FB0C55A2EB00021A44ABB24FEA70
:101960001545C3EB224392B203EB114342EA034213
:101970004FEA23434EF8042BDDD24146DDF80C80BC
:10198000DDE901C558F80C3073B9ABF1040BD8454B
:1019900004D307E0D84504F1FF3403D25BF80439DF
:1019A000002BF7D0C9F81040484601F0E5FB0028AD
:1019B0002EDB00224146944655F8040B0B681FFAB3
:1019C00080FEAF429AB24FEA1040A2EB0E02624490
:1019D000C0EB224092B200EB134042EA00424FEAD1
:1019E000204C41F8042BE7D258F8242008EB84035C
:1019F0006AB9043B434504D807E0984504F1FF3435
:101A000003D253F80429002AF7D0C9F81040013650
:101A1000304605B0BDE8F08F002005B0BDE8F08F7E
:101A20002DE9F04F816B9DB016461F460446299D57
:101A3000CDE9046741B1C26B012393404A608B60DA
:101A400001F0E4F80023A363B7F10009C0F2B48009
:101A500000232B607C4B33EA090300F0B88000229E
:101A600000239DED047B51EC170B8DED027BF4F709
:101A7000FDFA804668B10123289A13602A9B13B1AE
:101A8000724B2A9A1360DFF8D08140461DB0BDE842
:101A9000F08F1AAB204601931BAB0093DDE90223C4
:101AA00001F0D4FC83465FEA195540F0A780DDE9D8
:101AB0001A85454405F23243202B40F34982C3F195
:101AC000400309FA03F905F2124326FA03F349EA3F
:101AD0000300F4F783FA013D0123A1F1F871149397
:101AE00000225B4BF4F7E0F951A3D3E90023F4F7AC
:101AF000EFF951A3D3E90023F4F7C2F906460F46E4
:101B00002846F4F759FA4EA3D3E90023F4F7E0F995
:101B100002460B4630463946F4F7B2F906460F4600
:101B2000F4F76EFA002281460890002330463946C9
:101B3000F4F7AEFA002840F0FD81A8EB0508089DF7
:101B4000162D08F1FF3A00F2A481424B03EBC503C6
:101B5000DDE90201D3E90023F4F79AFA002800F046
:101B600081806B1EBAF1000F08934FF000031193B0
:101B7000C0F2958100230A93089B002B78DA089B1A
:101B80000A9A0B93D21A0A925A420023109208938F
:101B9000269B092B74D8052B40F3DF81043B0025DD
:101BA0002693269B023B032B00F28786DFE813F087
:101BB000FF03FC03F203D803012329F000492B6043
:101BC000214BCDF8149033EA09037FF448AFC9F3F1
:101BD000130942F20F73289A59EA060913601DD0BF
:101BE0002A9BDFF87880002B3FF44FAF08F1030306
:101BF0002A9A404613601DB0BDE8F08FDDE902125D
:101C0000CDF85080A5F2FF35C2F313030846DDF886
:101C1000688043F07F5141F4401161E72A9BDFF86F
:101C20004080002B3FF431AF08F10803E0E700BF2C
:101C300061436F63A787D23FB3C8608B288AC63FD2
:101C4000FB799F501344D33F0000F07F6D390110A2
:101C50000000F83F184B01106C3901108846011044
:101C60007C460110B8F1000F40F31A8511900A90DC
:101C7000089B9A440B9300231093269B092B8AD927
:101C800000230125CDE926334FF0FF330C9509934E
:101C90000021099BE1631593204600F091FF079016
:101CA000002800F01286099B0E2B8CBF002505F042
:101CB0000105079BA363002D00F01E810B990029ED
:101CC00040F35C81A64B01F00F02C8054FEA2115D5
:101CD00003EBC203D3E9006740F12183A14B05F078
:101CE0000F054FF00308D3E90823DDE90201F4F7FB
:101CF00015F9CDE90E018DB1DFF86892E90709D534
:101D00003046394608F10108D9E90023F4F7E0F834
:101D100006460F466D1009F10809EFD132463B46E1
:101D2000DDE90E01F4F7FAF8CDE91201119B53B188
:101D300000228D4BDDE9126730463946F4F7A8F9E9
:101D4000002840F0B4844046F4F736F9DDE9122368
:101D5000F4F7BEF8854B0022F4F792F8099B06468B
:101D6000A1F15077002B00F0AE800B9B0E93099BE6
:101D700018937B4AB046189BB94602EBC303DDE9D2
:101D8000126713ED027B394630468DED167BF4F772
:101D900037F90546F4F710F902460B463046394646
:101DA0003035F4F781F8079B0F460C995A1C06460C
:101DB000EDB21292DDE91623002900F0FB8200202B
:101DC0006B49F4F7ABF842464B46F4F76DF8079BC6
:101DD000324680461D703B468946F4F795F9002847
:101DE00040F05385CDF864A00025CDF858B0DDF85B
:101DF00048A0DDF860B018942AE001355D4580F216
:101E0000CD844046494600225A4BF4F761F800223F
:101E1000584B8046894630463946F4F759F80F4604
:101E20000646F4F7EDF80446F4F7C6F802460B460A
:101E3000303430463946F4F737F842464B460AF814
:101E4000014B06460F46F4F723F9002840F0AD8415
:101E500032463B4600204449F4F726F842464B46BA
:101E6000F4F716F90028C8D0DDF858B05546189C8C
:101E7000079902E0A94200F06D842A4615F8013D59
:101E8000392BF7D00133DBB22B70DDF81C800792C1
:101E90001BE10123BAF1000F1193BFF66BAEC8F13D
:101EA00001034FF0000A0A9366E64046F4F784F80F
:101EB000DDE91223F4F70CF800222C4BF3F7E0FFD6
:101EC0000646A1F1507700222B4BDDE91201F3F712
:101ED000EBFF32463B4680468946F4F715F9002869
:101EE00040F0188440464946324607F10043F4F773
:101EF000CFF8002840F085811B9B002B03DB0B9A59
:101F00000E2A40F361810C9A002A68D0269A012A91
:101F100040F3F583099B109A5D1EAA42C0F22C8300
:101F2000002BA2EB050580F27D84DDE90923A3EBFC
:101F300002082EE34846F4F73FF832463B46F4F7F2
:101F400095F800287FF4F9AD09F1FF330893F4E523
:101F5000C3F1200306FA03F0BBE5012521E600BF2B
:101F6000184B0110084C01100000F03F00001C400D
:101F70000000E03F000024400000144000F0F48224
:101F80000B9B5E42B24B06F00F0203EBC203DDE98E
:101F90000201D3E90023F3F79BFF3611CDE90E01CF
:101FA00000F06584AB4F00234FF00208CDE9120129
:101FB000F20706D508F10108D7E90023F3F788FFF7
:101FC0002B46761007F10807F2D1CDE91201002B5C
:101FD0007FF4ACAE9DED0E7B8DED127BA6E600236B
:101FE000109DDDF828801E460C93B8F1000F0DDD22
:101FF000BAF1000F0ADDD04543460A9AA8BF5346FE
:10200000D21AA8EB0308AAEB030A0A92109B53B159
:102010000C9B13B1002D40F0D0825946109A2046F7
:1020200000F0DCFF83460121204600F0F7FE089B0C
:102030000746002B40F05E81269B012B40F3768102
:102040000123534413F01F0308D0C3F12002042AD4
:1020500000F3688208D0C3F13C0300E01C230A9A15
:1020600098449A441A440A920A9B002B05DD59466B
:102070001A46204601F00CF88346BAF1000F05DD40
:1020800039465246204601F003F80746269B022BAC
:10209000119BD4BF00250125002B40F0B580099B82
:1020A000002B26DC2DB3099B002B00F03E82279BE2
:1020B000DDF81C80DB430E933946204600F0A6FD78
:1020C0001EB13146204600F0A1FD5946204600F0E1
:1020D0009DFD00220E9B079901330A70289A136018
:1020E0002A9B002B3FF4D1AC404619601DB0BDE8DF
:1020F000F08F0C9B002B00F0A480B8F1000F05DDE1
:1021000031464246204600F0C3FF0646089B002B9E
:1021100040F02D83B146079D099A6B1E02971A4421
:10212000049B03F0010309920A9302995846FFF7B2
:10213000DBFB31468246584601F01EF80299804684
:102140004A4620460AF1300701F038F8C3680146D4
:10215000002B40F04D820890584601F00DF8089988
:102160000890204600F052FD269B089A134340F049
:102170007B820A9B002B00F05E83B8F1000FC0F257
:102180005783099BA846AB4208F8017B00F03D83CA
:10219000594600230A22204600F042FD4E45834660
:1021A00031464FF000034FF00A02204600F05682FD
:1021B00000F036FD4946064600230A22204600F07C
:1021C0002FFD45468146B0E7214B03EBC203D3E91F
:1021D000009A279B002B80F20682099B002B00F3BC
:1021E000028273B900221C4B48465146F3F770FE39
:1021F00002460B46DDE90201F3F75EFF002800F01E
:10220000898200273E4652E73946584600F0B4FF1F
:102210000028BFF644AF0B9B59460A222046013BDB
:102220000B93002300F0FCFC0C9B8346002B40F03A
:102230000D83159B002B159B099302DC002D7FF469
:1022400032AFDDF81C800125DDF824900EE000BFE0
:10225000184B0110084C011000001440594600238F
:102260000A22204600F0DCFC0135834639465846F8
:10227000FFF73AFB4D4500F1300308F8013BEDDB79
:10228000099A0025002ACCBF90464FF00108079A12
:102290009044594601222046029300F0F9FE394647
:1022A000834600F069FF002840F33982079A02E074
:1022B000904500F0438218F8013CC24608F1FF380F
:1022C000392BF5D0013388F800300B9B0E9339463B
:1022D000204600F09BFC002E00F037822DB1B54265
:1022E00003D02946204600F091FCDDF81C80CDF893
:1022F0001CA0E6E601461A46204600F06FFE269B2B
:102300000746012B40F34B81002308933B6907EB01
:102310008303186900F02EFDC0F1200391E69DEDC6
:10232000027B4FF002088DED0E7BE4E4049B002B52
:102330007FF486AEDDE90412C2F31303002B7FF4B1
:102340007FAEC24B13402BB10A9B0AF1010A013345
:102350000A930123089A0893002A3FF471AED5E747
:1023600001230C93279B0B9A134415930133012BE4
:102370001E460993B8BF0126172E40F3948201220E
:1023800004235B001146013203F11400B042F8D976
:10239000E16381E401230C93279B002B40F37B81B5
:1023A0001E4615930993E7E700230C93DAE7002311
:1023B0000C93F1E740464946F3F78AFD079B1D70F1
:1023C000189B012BCDE90C0100F03E82189D079B64
:1023D000DDF848801D4400229D4B30463946F3F716
:1023E00077FD0F460646F3F70BFE8146F3F7E4FD53
:1023F00002460B4609F1300930463946F3F754FDE1
:1024000008F8019B454506460F46E4D10022914B52
:10241000DDE90C8940464946F3F732FD32463B463A
:10242000F3F736FE002840F09F8142464B460020DD
:102430008849F3F739FD32463B46F3F765FE00283D
:1024400040F08C801B9B002BFFF6C9AD0B9B0E2B25
:102450003FF7C5AD804B0B9ADDF81C8003EBC20340
:10246000D3E9009ADDE902674A46534630463946C9
:10247000F3F754FDF3F7C4FD0546F3F79DFD4A4617
:102480005346F3F725FD02460B4630463946F3F72F
:102490000BFD05F13003079A1370099B012B129B6A
:1024A00000F0F881C3F10102CDF808B0CDF810803A
:1024B000984608941446DDF824B01DE04A46534679
:1024C00030463946F3F72AFDF3F79AFD0546F3F750
:1024D00073FD4A465346F3F7FBFC0B46024639466A
:1024E0003046F3F7E1FC05F1300308F8013B08EB57
:1024F00004035B4500F063810022554BF3F7E8FCD1
:102500000022002306460F46F3F7B0FD0028D5D081
:10251000CDF81C80DDF808B0DDF81080089C0B9B1E
:102520000E93D2E5C3F11C0399E5394605222046F6
:1025300000F076FB07465846394600F01DFE00289D
:102540007FF7B5ADDDF81C80079B013307930B9B2C
:1025500001330E93312388F80030ADE52A4615F893
:10256000013D302BFAD090E49DED027B4FF0020844
:102570008DED127BFFF7DABB109B089AEB1A1095D2
:1025800000251A44099B08929A440A9A90461A44D4
:102590000A920121204600F041FC064625E5049BF5
:1025A000002B7FF4B1AEDDE90401C1F313030A4649
:1025B000002B3FF4C6AE0890A8E631462A462046D6
:1025C00000F00CFD06465A462046314600F054FC09
:1025D00059468346204600F019FB109B5B1B109365
:1025E0003FF421AD19E5079B5A1C9846129239E732
:1025F00020460897029F00F009FBB8F1000F089BE6
:1026000008DB049A269902F0010241EA080852EA1E
:1026100008023AD1594601222046029300F038FDC3
:102620003946834600F0A8FD0028029B40F327812D
:10263000392B00F0EF800AF13103AA460AF8013B7A
:1026400035460B9B4E460E9341E600BF0000F07FDF
:10265000000024400000E03F184B011000F0E0FAB9
:1026600045460646814660E5B8F1000FC0F21F817D
:10267000269B43EA08080A9B53EA080800F01781E2
:10268000002A7FF77EAD3B46029F392B00F0C280C7
:10269000AA460133D2E7012327930993FFF7F8BA3B
:1026A000C8F10103824611900A93FFF7E1BA099B32
:1026B000002B3FF4FAAB159D002D7FF71DAC0B9B53
:1026C000304639460022013B0E93894BF3F700FC5C
:1026D00002460F4608F101001646CDE91267F3F7EE
:1026E0006BFC32463B46F3F7F3FB0022814BF3F7DA
:1026F000C7FB18950646A1F15077FFF73ABB149A2D
:1027000072B303F233430A9A9A44109D90461A44D6
:102710000A923EE70027DDF81C803E4614E703D10D
:10272000029BDB073FF5C2AD18F8013CC24608F139
:10273000FF38302BF8D00B9B0E93C8E50B9B079A04
:1027400001330E9331231370C1E5DDF81C80CDF801
:102750001CA0BAE40E9B01330E933123FFF794BB08
:102760001A9BC3F13603CEE70799FFF786BB716862
:10277000204600F025FA0546002800F08D803369D8
:1027800006F10C010C3002339A00FCF775FE294665
:102790000122204600F07CFC8146BCE4DDF864A008
:1027A000DDF858B0189CFFF7A7BBDDF81C80DDF8FA
:1027B00058B0189CCDF848A0CDF81CA085E4CDF801
:1027C0001C80DDF808B0DDF81080089C02460B463E
:1027D000F3F756FB4A46534606460F46F3F794FC7A
:1027E00058B94A46534630463946F3F73FFC00286D
:1027F0003FF495AEE9077FF592AE0B9B4146079DEE
:102800000E93CDF81C80FFF738BB3B463546029F40
:102810004E463EE5A84639233546079A4E4608F807
:10282000013B48E50A9A9A4490461A440A92B0E657
:102830003B46029F01E73B46029F392BEAD0B8F1A5
:10284000000F3FF7F8AEF8E6129DDFE531460023B2
:102850000A22204600F0E4F9159B0646002B159B42
:1028600009933FF74AAC002D7FF41DAC45E49DED84
:102870000E7B4FF002088DED127BFFF757BA7FF405
:10288000DCAEDA077FF5D9AED2E6129BDDF81C800C
:1028900007931AE4079399E70246174B40F2EF219A
:1028A0001648F4F7C7FF0021E163FFF7F5B9002AE6
:1028B0003B46029F3FF7AEAEBFE6002520462946C5
:1028C000E56300F07DF9079030B90B4B002240F230
:1028D000AF110A48F4F7AEFF079B01222795A363C7
:1028E0004FF0FF330C9215930993FFF705BB00BF20
:1028F0000000244000001C408C460110A04601103E
:1029000038B52F4B05460C461B6813B15A6B002A8D
:1029100045D0B4F90C30180716D52269F2B113F07E
:10292000010107D0616900204942A060A1613AB16C
:10293000002038BD980758BF6169A160002AF7D10F
:10294000190638D4104638BDD9062CD55A0712D4EA
:10295000226943F00803A381002AE0D103F4207127
:10296000B1F5007FDBD02146284600F07FFEB4F9A8
:102970000C302269D3E7216B51B104F1400291423E
:1029800004D02846FCF74EFCB4F90C300022226338
:102990000021226923F02403C4E90021D9E7184665
:1029A000FDF732F9B5E7092243F040032A60A3811D
:1029B0004FF0FF3038BD43F04003A381F8E700BF7C
:1029C0001009002070B539B106460C4608B1436BBA
:1029D00083B3B4F90C3013B90025284670BD2146E5
:1029E0003046FEF729FEE36A054633B1E169304619
:1029F00098470028B8BF4FF0FF35A3891B061CD4A9
:102A0000216B41B104F14003994202D03046FCF7FA
:102A100009FC00232363616C21B13046FCF702FC02
:102A200000236364FDF700F90023A381FDF7FEF89E
:102A3000284670BDFDF7E8F8CBE721693046FCF782
:102A4000F1FBDDE7024B01461868FFF7BBBF00BF93
:102A50001009002010B50C46B1F90E1000F0C4FEAC
:102A6000002803DB236D0344236510BDA38923F4F1
:102A70008053A38110BD00BF002070472DE9F041B5
:102A80000C46B1F90C101F460546CB0516460BD473
:102A900021F480513B4632462846A181B4F90E10FC
:102AA000BDE8F04100F054B8B4F90E100223002242
:102AB00000F0C8FEB4F90C10EAE700BF10B50C46F0
:102AC000B1F90E1000F0BEFE421CB4F90C3004D077
:102AD00043F480532065A38110BD23F48053A38168
:102AE00010BD00BFB1F90E1000F048B870B4164D1B
:102AF0002C681CB365681F2D23DC38B96B1C0020C3
:102B00000235636044F8251070BC704704EB850CF7
:102B10000228CCF888204FF00102D4F8886102FA2C
:102B200005F246EA0206C4F88861CCF80831E5D11E
:102B3000D4F88C311343C4F88C31DFE7034C2C609C
:102B4000D8E74FF0FF30DFE70415002074130020B2
:102B500038B50C4684461146074D1A4600232046D8
:102B600064462B60F4F740FE431C00D038BD2B6850
:102B7000002BFBD0236038BD7013002038B5002235
:102B8000064D044608462A60F4F73EFE431C00D07A
:102B900038BD2B68002BFBD0236038BD701300209C
:102BA000936810B514461BB918460023636010BD26
:102BB000FDF752F80023A3600023636010BD00BF3F
:102BC00038B5436C05460C464BB153F8240080B130
:102BD000026843F824200023C0E9033338BD2122D2
:102BE0000421FBF7E7FF034668640028EDD10020CD
:102BF00038BD0121284601FA04F56A1D9200FBF751
:102C0000D9FF0028F3D0C0E90145E4E731B1436CB6
:102C10004A6853F82200086043F82210704700BF4A
:102C20002DE9F04107460E461C460D6901F1140ED0
:102C30000020DEF8001001308BB285424FEA1141CE
:102C400002FB03434FEA134C9BB202FB01CC03EBA4
:102C50000C434FEA1C444EF8043BEADC3CB1B36839
:102C6000AB4207DD06EB850301355C61356130461B
:102C7000BDE8F081716838460131FFF7A1FF804659
:102C8000A8B1326906F10C010C3002329200FCF757
:102C9000F3FB7B6C726853F82210316043F82260BA
:102CA000464606EB850301355C613561DFE7024688
:102CB000024BBA210248F4F7BDFD00BF8C4601105B
:102CC000CC4601102DE9F8431E4617460833264A24
:102CD0000C46092E82FB03124FEAE3730546C3EB51
:102CE000620338DD4FF0010C00214FEA4C0C01313A
:102CF0006345FADC2846FFF763FF014668B3089B8B
:102D0000092F43614FF00103036112DC0A340927E4
:102D1000BE420BDDF61B264414F8013B0A2228466E
:102D2000303BFFF77DFFB4420146F5D10846BDE8D0
:102D3000F88304F109093C44C84618F8013B0A220B
:102D40002846303BFFF76CFFA0450146F5D1A7F1BF
:102D500008044C44DCE70021CCE70246034BD321B6
:102D60000348F4F767FD00BF398EE3388C46011045
:102D7000CC460110B0F5803F034618D20304102062
:102D8000B3F1807F01D208301B02B3F1805F01D222
:102D900004301B01B3F1804F03D3002B06DB01305D
:102DA00070479B0005D45B0005D4202070470020AD
:102DB000E6E7023070470330704700BF0368014602
:102DC00013F0070207D0DA071FD4980721D55B0854
:102DD00001200B60704798B2A0B11046DAB20AB970
:102DE00008301B0A1A0701D104301B099A0701D1C8
:102DF00002309B08DA0703D45B0800F1010006D01B
:102E00000B6070471B0C1020E8E700207047202063
:102E100070479B0802200B60704700BF38B5436CB9
:102E200004460D464BB15868B0B102685A600022A2
:102E300001234561C0E9032338BD21220421FBF7AA
:102E4000B9FE034660640028EDD1094B002240F230
:102E500045110848F4F7EEFC1C2201212046FBF73F
:102E6000A9FE0028F1D001220223C0E90123DEE7F8
:102E70008C460110CC4601102DE9F04FD1F810809E
:102E800085B015690E469246A84505DB2A4653468D
:102E900045468A4690461E4605EB0804DAE90113CA
:102EA000A342B8BF0131FFF78BFE002800F08B80F2
:102EB00000F1140707EB840E774505D23B4600224C
:102EC00043F8042B9E45FBD814360AF1140906EB8F
:102ED000880809EB8505464568D2A5EB0A030AF187
:102EE000150ACDF808E0AE46153B039423F0030322
:102EF000043355452CBF9B464FF0040B824605E03A
:102F0000090C2CD1B04507F104074CD956F8041B25
:102F10008DB2002DF4D0CC463C46002301965CF8DF
:102F2000040B216886B2E6458AB24FEA104005FBE1
:102F300006224FEA11411A4405FB001101EB124130
:102F400092B24FEA114342EA014244F8042BE6D818
:102F5000019E47F80B3056F8041C090CD2D03B6890
:102F6000002248463D461C46944602889BB201FB1F
:102F700002C202EB144243EA024345F8043B50F814
:102F8000043B2C684FEA134C7045A3B201FB0C3391
:102F900003EB12434FEA134CE7D3B04547F80B302D
:102FA00007F10407B2D85046DDE902E4002C02DC48
:102FB00005E0013C03D05EF8043D002BF9D004612C
:102FC00005B0BDE8F08F0246024B4FF4B1710248E4
:102FD000F4F730FC8C460110CC46011012F00303CC
:102FE0002DE9F041144607462CD10D46A4101CD003
:102FF0003E6C86B3E3074FF0000806D4641014D08B
:103000003068A8B10646E307F8D532462946384667
:10301000FFF732FF35B17B6C696853F821202A60D5
:1030200043F8215064100546EAD12846BDE8F081F6
:10303000324631463846FFF71FFF30600646C0F87B
:103040000080E0E7013B0F4A52F823200023FFF7FE
:10305000E7FD0546CAE701213846FFF7B1FD064600
:1030600040B1012340F27122C0E9043200233864E8
:103070000360BFE70246044B40F245110348F4F7F2
:10308000D9FB00BF084B01108C460110CC46011043
:103090002DE9F0470C46904606464FEA621927692B
:1030A000A36807EB621749687D1C9D4203DD5B0046
:1030B00001319D42FBDC3046FFF782FD002850D0F5
:1030C000B9F1000F00F1140C0EDD09F105026346A1
:1030D00000214FEA820E00EB820243F8041B934268
:1030E000FBD1AEF114039C4404F11403216918F0E0
:1030F0001F0803EB81012BD0C8F12009E6464FF0F1
:10310000000A1A6802FA08F242EA0A024EF8042B90
:1031100053F8042B994222FA09FAF2D80B1B04F156
:103120001502153B23F003030433914238BF0423F7
:103130004CF803A0BAF1000F00D13D46736C6268F1
:10314000056153F82210216043F82240BDE8F08762
:10315000ACF1040C53F8042B99424CF8042FF9D825
:10316000EBE70246024B4FF4EF710248F4F762FBC3
:103170008C460110CC46011084460B690069C01AC8
:1031800016D10CF1140C14310CEB830201EB830308
:1031900010B401E0944508D252F8044D53F8041DD0
:1031A0008C42F7D005D24FF0FF305DF8044B7047EA
:1031B000704701205DF8044B704700BF2DE9F04FC8
:1031C00015460A6983B088462B69D21A002A40F056
:1031D0008B8001F1140605F1140101EB830106EB6C
:1031E000830302E09E4280F0828053F8044D51F840
:1031F000042D9442F6D078D32B46002445469846B9
:103200006968FFF7DDFC002800F08C802E6905F16D
:10321000140B08F1140ED8F8103000F1140A05F15F
:1032200010020EEB83094FF0000C0BEB86015746A2
:10323000C460CDF804B05EF8044B52F8045F1FFA86
:1032400084FBF145ABB24FEA1444A3EB0B03C4EB90
:103250001544634404EB23449BB24FEA244C43EAF5
:10326000044347F8043BE6D8A9EB080408F1150825
:10327000DDF804B0C145A4F1150434BF4FF00008D7
:103280004FF00108A408B8F1000F04F101024FEA61
:10329000820208BF04220BEB02055244A94231D935
:1032A00017462C4654F8043B1FFA83F8A1424FEA14
:1032B000134E6344C4449BB20EEB2C4C43EA0C43C4
:1032C0004FEA2C4C47F8043BECD80139491B21F05C
:1032D00003010A4423B952F8043D013E002BFAD001
:1032E000066103B0BDE8F08F86DA012488E700218B
:1032F000FFF766FC78B101220023C0E9042303B084
:10330000BDE8F08FB8F1000F4FEA840408BF002435
:103310000AEB0402DEE70246064B40F2372106487C
:10332000F4F788FA0246034B40F245210248F4F7CD
:1033300081FA00BF8C460110CC460110114B0B40A6
:10334000A3F15073002B03DD00221946104670478D
:103350005B42B3F1A07F4FEA235106DA4FF400231A
:1033600000220B4110461946704714391E2904DD0E
:10337000012200231046194670474FF00042CA4010
:10338000F7E700BF0000F07F2DE9F041026900F18E
:10339000140707EB820252F8046CA2F104083046CD
:1033A000FFF7E8FCC0F120030A280B6035DD474534
:1033B000A0F10B011BD252F8083C31B3C1F1200C33
:1033C0008E40A2F1080023FA0CF48B40874246EAB3
:1033D000040646F07F5545F440151AD252F80C2CDD
:1033E000294622FA0CF213431846BDE8F0810B2857
:1033F0000AD006FA01F1002341F07F55184645F442
:1034000040152946BDE8F081002346F07F5545F47C
:10341000401518462946BDE8F081C0F10B03474529
:1034200026FA03F141F07F5545F4401509D30022F7
:1034300000F11503294606FA03F313431846BDE8C5
:10344000F08152F8082CDA40F2E700BFF0B5012114
:1034500083B016461F46FFF7B3FB0546002849D048
:10346000C7F30A54C7F313030CB143F48013002EBF
:10347000019315D101A8FFF7A1FC0199012200F1E8
:10348000200369612A611CB3A4F23344C3F13500FF
:103490001C44089B1C60099B1860284603B0F0BDC3
:1034A00068460096FFF78AFC019A034600B3C0F114
:1034B000200102FA01F1C240009801920143002A62
:1034C000C5E905120CBF012202222A61002CDBD1C2
:1034D000A3F23243089805EB820103600869FFF705
:1034E00049FC099BC0EB42101860284603B0F0BDB0
:1034F0000099E4E70246034B40F20F310248F4F72B
:1035000099F900BF8C460110CC4601102DE9F0431B
:1035100083B0884681466946FFF736FF04460D466C
:10352000404601A9FFF730FFD9F81030D8F8102035
:10353000A3EB020CDDE900329B1A03EB4C13002BCA
:103540000BDD05EB03573D4602460B462046294658
:10355000F2F7E4FC03B0BDE8F083C3EB033301EB07
:1035600003594946F0E700BF172870B506460ADD43
:10357000002008490024084D22462B46F2F7A8FCFB
:10358000013EF9D170BD054B03EBC003D3E9040143
:1035900070BD00BF0000F03F00002440084B011048
:1035A000013902F114034FEA611C116903EB810137
:1035B0000CF1010C8B4200EB8C0C16D210B5A0F173
:1035C000040E53F8044B99424EF8044FF9D88B1A65
:1035D000153B23F0030304331844844504D9002326
:1035E00040F8043B8445FBD810BD844505D9002331
:1035F00040F8043B8445FBD87047704703694A1183
:103600001430934209DA00EB830302E053F8042DEF
:10361000AAB98342FAD80020704700EB8203F8DD94
:1036200011F01F01F5D010B450F8224024FA01F235
:103630008A40944209D001205DF8044B7047012074
:10364000704753F8042D002AF5D18342F9D80020A1
:103650005DF8044B704700BFF0307047004870477A
:10366000440F002000487047440F0020B1F90C308F
:103670002DE9F0410C46990796B008D504F14303B3
:1036800001222360C4E9043216B0BDE8F081B4F928
:103690000E100646002926DB6A4600F0F3F80028E3
:1036A0001FDB019D4FF480684FF4006705F47045FF
:1036B000A5F50055B5FA85F56D0941463046FBF78D
:1036C000B1FAE8B1B4F90C30C4F8148043F08003C7
:1036D00020602061A3813DBB3B43A38116B0BDE8C0
:1036E000F081B4F90C3013F0800519D04FF0400888
:1036F0000025304641462F46FBF794FA0028E1D1D9
:10370000B4F90C309A05BFD423F0030304F143024B
:10371000012143F002032260C4E90421A381B3E73D
:103720004FF480682F46C8E7B4F90E10304600F019
:10373000BFF810B9B4F90C30CEE7A38923F0030326
:1037400043F001031BB2C7E770B50C46B1F90E1088
:1037500096B0154600291E4614DB6A4600F092F822
:1037600000280FDB01994FF480634FF4006001F4EF
:103770007041A1F50051B1FA81F1490931602B6026
:1037800016B070BDA18911F0800106D00021402340
:10379000084631602B6016B070BD4FF48063084658
:1037A00031602B6016B070BD10B4034CD4F8E44007
:1037B000A4465DF8044B6047540E002082B049B126
:1037C0005AB16BB113780B601278101E18BF01202C
:1037D00002B0704701A9002AF3D1104602B0704729
:1037E0006FF00100F4E700BF38B50C46844611467F
:1037F000074D1A460023204664462B60F3F7E6FF88
:10380000431C00D038BD2B68002BFBD0236038BD93
:103810007013002010B4034CD4F8E040A4465DF8C7
:10382000044B6047540E0020034649B1FF2A02D8DA
:1038300001200A7070478A224FF0FF301A607047EB
:103840000846704738B50C4684461146074D1A465F
:103850000023204664462B60F3F7DAFF431C00D0B8
:1038600038BD2B68002BFBD0236038BD70130020BF
:10387000024B13B10248FCF76FBB70470000000019
:10388000E5FF001070B50C460346084D00262046A3
:1038900011461C462E60F3F7BFFF431C00D070BDDD
:1038A0002B68002BFBD0236070BD00BF701300207D
:1038B00038B50022064D044608462A60F3F7B0FFEB
:1038C000431C00D038BD2B68002BFBD0236038BDD3
:1038D00070130020F8B500BF5FF800F06D02002003
:1038E0005FF800F0690400205FF800F0A5020020F6
:1038F0005FF800F0710300205FF800F01101002074
:103900005FF800F0E10200205FF800F00102002003
:103910005FF800F0D9030020CD5C0010415C00107E
:10392000755C0010615D0010AD5C0010A55B0010BF
:10393000F55C0010915B0010354A0010F95C001036
:10394000E94D0010F15B0010E15C0010915C00108B
:10395000754400109D44001071380110B17F0010B3
:0439600055020010FC
:10396800312E302E300000000A0A3D3D3D205250D5
:10397800323335302D504F452D4554482072746CE4
:103988005F74637020736572766572207625732084
:103998003D3D3D0A00000000706F72742025752CB3
:1039A8002064656661756C7420256C7520487A20E2
:1039B8004020256C7520532F730A00005B757362D5
:1039C8005D20686F737420737461727465642C2051
:1039D80077616974696E6720666F722052544C2D46
:1039E8005344522E2E2E000053797374656D206354
:1039F8006C6F636B206F66202575206B487A206397
:103A0800616E6E6F742062652065786163746C798D
:103A18002061636869657665640000005B72746C98
:103A28005D20696E697469616C6973696E6720529B
:103A3800544C32383332552E2E2E00005B72746C83
:103A48005D2072656164793A2074756E657220250F
:103A5800732C20256C75206761696E2073746570FE
:103A6800730A00005B72746C5D20696E6974696129
:103A78006C69736174696F6E204641494C454420F6
:103A880028756E737570706F727465642074756EC6
:103A98006572206F7220555342206572726F7229C9
:103AA800000000005B7573625D207265737461725B
:103AB80074696E672073747265616D2061667465E0
:103AC80072206661756C74005B636D645D2073655C
:103AD80074206672657120256C750A005B636D64DD
:103AE8005D207365742073616D706C6520726174FC
:103AF8006520256C750A00005B636D645D20736545
:103B080074206761696E206D6F646520256C750A85
:103B1800000000005B636D645D207365742067615D
:103B2800696E20256C750A005B636D645D207365A2
:103B380074206672657120636F7272656374696F51
:103B48006E20256C640A00005B636D645D207365FC
:103B58007420696620737461676520256C75206719
:103B680061696E2025640A005B636D645D2073657E
:103B7800742074657374206D6F646520256C750AF4
:103B8800000000005B636D645D20736574206167ED
:103B980063206D6F646520256C750A005B636D6436
:103BA8005D20736574206469726563742073616D48
:103BB800706C696E6720256C750A00005B636D6424
:103BC8005D20736574206F66667365742074756E06
:103BD800696E6720256C750A000000005B636D64E0
:103BE8005D207365742072746C207874616C202574
:103BF8006C750A005B636D645D2073657420747571
:103C08006E6572207874616C20256C750A0000005E
:103C18005B636D645D207365742074756E657220D6
:103C28006761696E20627920696E64657820256C09
:103C3800750A00005B636D645D20736574206269BA
:103C480061732074656520256C750A005B636D647B
:103C58005D20756E6B6E6F776E20636F6D6D616E34
:103C680064203078253032780A0000005B73746174
:103C7800745D2075736220256C75206B422F73204C
:103C88002074637020256C75206B422F732020727E
:103C9800696E6720256C752F256C7520206F7665F9
:103CA8007272756E20256C7520207573626572724C
:103CB80020256C752020636C69656E742025640A64
:103CC800000000005B7573625D2062756C6B207488
:103CD80072616E7366657220646964206E6F742009
:103CE800636F6D706C6574652C2061626F727469A6
:103CF8006E6700005354414C4C0000006572726FAF
:103D0800727300005B7573625D2062756C6B207066
:103D1800697065206661756C74202825732C2025D0
:103D28006C7520636F6E736563757469766520655D
:103D380072726F727329202D3E2073747265616DE3
:103D48002073746F707065640A00000066756C6C8F
:103D5800000000006C6F77005B7573625D2064651E
:103D680076696365206D6F756E746564206164643F
:103D7800723D2575205649443D25303478205049F8
:103D8800443D253034782073706565643D25730A99
:103D9800000000005B7573625D206661696C656494
:103DA80020746F207265616420636F6E6669677541
:103DB800726174696F6E2064657363726970746F81
:103DC800720000005B7573625D206E6F2062756C17
:103DD8006B20494E20656E64706F696E743A206E70
:103DE8006F7420616E2052544C32383332553F0084
:103DF8005B7573625D20636C616D70696E672077B7
:103E08004D61785061636B657453697A65202575D7
:103E1800202D3E2036340A005B7573625D20747570
:103E2800685F656470745F6F70656E2830782530E0
:103E3800327829206661696C65640A005B75736273
:103E48005D2062756C6B20494E2065703D30782589
:103E5800303278202022257322202F202225732219
:103E68000A0000005B7573625D20646576696365AE
:103E78002072656D6F76656420616464723D257596
:103E88000A0000005B7573625D20636F6E74726F69
:103E98006C20786665722074696D656F757420286A
:103EA8007265713D25752076616C3D25303478202A
:103EB8006964783D25303478290A00005B7573629F
:103EC8005D207475685F636F6E74726F6C5F78667F
:103ED80065722072656675736564000025732066D7
:103EE80061696C656420776974682025640A00003C
:103EF800756E6B6E6F776E005B72746C5D20496EC9
:103F080076616C69642073616D706C652072617490
:103F1800653A20256C7520487A0A00005B72746C3B
:103F28005D2045786163742073616D706C652072E3
:103F38006174652069733A20256C7520487A0A00F7
:103F48005B72746C5D20456E61626C6564206469A7
:103F5800726563742073616D706C696E67206D6F34
:103F680064652C20696E7075742025690A0000004C
:103F78005B72746C5D2044697361626C6564206473
:103F880069726563742073616D706C696E67206D0A
:103F98006F6465005B72746C5D2064657669636547
:103FA80020646F6573206E6F7420616E737765721D
:103FB80020746F2076656E646F7220726571756506
:103FC800737473005B72746C5D20466F756E642049
:103FD800456C6F6E696373204534303030207475DA
:103FE8006E657220284E4F5420737570706F72740E
:103FF80065642062792074686973206669726D77D8
:1040080061726529000000005B72746C5D20466F68
:10401800756E642046697469706F776572204643CF
:10402800303031332074756E657220284E4F54201D
:10403800737570706F727465642062792074686932
:1040480073206669726D7761726529005B72746CA2
:104058005D20466F756E642052616661656C204D07
:104068006963726F2052383230542074756E6572ED
:104078000000000052544C534452426C6F670000D9
:10408800426C6F672056344C000000005B72746C01
:104098005D2052544C2D53445220426C6F67205679
:1040A80034204C69746520446574656374656400E4
:1040B8005B72746C5D20466F756E64205261666138
:1040C800656C204D6963726F205238323844207411
:1040D800756E657200000000426C6F6720563400F0
:1040E8005B72746C5D2052544C2D53445220426CC8
:1040F8006F672056342044657465637465640000F6
:104108005B72746C5D20466F756E6420464349206F
:10411800323538302074756E657220284E4F542021
:10412800737570706F727465642062792074686941
:1041380073206669726D7761726529005B72746CB1
:104148005D20466F756E642046697469706F776587
:1041580072204643303031322074756E65722028E3
:104168004E4F5420737570706F7274656420627955
:104178002074686973206669726D776172652900B9
:104188005B72746C5D204E6F20737570706F727403
:1041980065642074756E657220666F756E640000C4
:1041A80045343030300000004643303031320000B2
:1041B8004643303031330000464332353830000052
:1041C800523832305400000052383238440000006F
:1041D8005B6E65745D204448435020495020636FEE
:1041E8006E666C69637421005B6E65745D2044487B
:1041F80043502061737369676E65642025642E25BA
:10420800642E25642E25640A000000005B6E657428
:104218005D20636F726531207374617274000000F1
:104228005B6E65745D2044484350206D6F64650083
:104238005B6E65745D2073746174696320495020F6
:1042480025642E25642E25642E25640A00000000AE
:10425800444F574E000000005B6E65745D20504867
:1042680059206C696E6B2025730A000055500000B8
:104278005B6E65745D2044484350206661696C65D7
:10428800642028256C75292C207265747279696EF2
:10429800670A00005B6E65745D20636C69656E7407
:1042A80020636F6E6E65637465642066726F6D203F
:1042B80025642E25642E25642E25640A000000003E
:1042C8005B6E65745D20636F6D6D616E64207175E2
:1042D8006575652066756C6C2C2064726F707065EE
:1042E8006420636D6420253032780A005B6E657443
:1042F8005D2073656E64206661696C65642028259D
:104308006C64292C20636C6F73696E670A00000067
:104318005B6E65745D20636C69656E742064697397
:10432800636F6E6E656374656400000025733A20E0
:10433800693263207772206661696C65643D256423
:10434800207265673D25303278206C656E3D2564A6
:104358000A00000025733A206932632072642066DF
:1043680061696C65643D2564207265673D2530325E
:1043780078206C656E3D25640A0000005B52383277
:1043880058585D204E6F2076616C696420504C4C03
:104398002076616C75657320666F722025752048DC
:1043A8007A210A005B52383258585D20504C4C2014
:1043B8006E6F74206C6F636B6564210A00000000E7
:1043C80025733A206661696C65643D25640A0000BE
:1043D8000A2A2A2A2050414E4943202A2A2A0A001A
:1043E8004E6F207370696E6C6F636B7320617265BA
:1043F80020617661696C61626C6500004861726475
:104408007761726520616C61726D20256420616C32
:10441800726561647920636C61696D656400000090
:104428004861726420617373657274004F757420FB
:104438006F66206D656D6F727900000052656C655E
:1044480061736500626F6F74325F7732357130382F
:1044580030000000322E322E300000007069636F89
:104468003200000072746C7463705F72703233359E
:104478003000000053657020313820323032360069
:10448800666E692B00000000666E69006E616E0042
:10449800666E692D000000002C2066756E637469D5
:1044A8006F6E3A2000000000617373657274696F63
:1044B8006E2022257322206661696C65643A206645
:1044C800696C6520222573222C206C696E65202575
:1044D80064257325730A0000556E68616E646C6507
:1044E80064206275666665722025640A0000000013
:1044F8004461746120536571204572726F72200A9D
:1045080000000000556E68616E646C656420495255
:104518005120307825780A00496E76616C696420EC
:1045280073706565640A0000657020253032582074
:1045380077617320616C7265616479206176616965
:104548006C61626C6500000043616E277420636FC4
:104558006E74696E75652078666572206F6E206965
:104568006E61637469766520657020253032580065
:1045780020573633303020696E697469616C697A06
:104588006564206661696C0020556E6B6E6F776E8E
:1045980020504859206C696E6B2073746174757370
:1045A8000000000020414343455353204552522008
:1045B8003A2056455253494F4E20213D20307836F7
:1045C8003130302C20726561642076616C7565200D
:1045D8003D203078253032780A0000005736783090
:1045E8003020434849502053454C4543540000006F
:1045F800455448434849502052455345540000000B
:104608004E6F2050494F207374617465206D61634B
:1046180068696E65732061726520617661696C6195
:10462800626C6500434845434B5F49505F434F4EBA
:10463800464C494354000000494E4600696E6600E6
:104648004E414E00303132333435363738394142F5
:1046580043444546000000003031323334353637A4
:10466800383961626364656600000000286E756C05
:104678006C290000496E66696E6974790000000053
:104688004E614E0042616C6C6F63207375636365A5
:1046980065646564000000002E2E2F2E2E2F2E2E0E
:1046A8002F2E2E2F2E2E2F2E2E2F6E65776C6962B1
:1046B8002F6C6962632F7374646C69622F64746F02
:1046C800612E63002E2E2F2E2E2F2E2E2F2E2E2FC4
:1046D8002E2E2F2E2E2F6E65776C69622F6C6962D5
:1046E800632F7374646C69622F6D707265632E63D7
:1046F8000000000043000000504F534958000000DC
:104708002E000000A8410110B0410110B84101106D
:10471800C0410110C8410110D041011072746C737E
:1047280064725F64656D6F645F726561645F726512
:104738006700000072746C7364725F64656D6F6407
:104748005F77726974655F726567000072746C7375
:1047580064725F77726974655F7265670000000054
:1047680072746C7364725F726561645F726567000E
:1047780000000000090000000E0000001B000000FF
:10478800250000004D000000570000007D000000DB
:10479800900000009D000000A6000000C500000079
:1047A800CF000000E5000000FE0000001801000036
:1047B8002901000048010000520100006C010000BE
:1047C800740100008201000092010000A5010000B0
:1047D800B2010000B7010000BD010000E0010000C7
:1047E800F0010000CAFFFFFFDCFFFFFFD7FFFFFF5C
:1047F800D8FFFFFFE0FFFFFFF2FFFFFF0E00000002
:1048080035000000650000009C000000D700000093
:10481800110100004701000074010000940100002C
:10482800A501000072383278785F696E69740000FB
:1048380072383278785F7365745F667265710000EC
:1048480072383278785F77726974650072383278B6
:10485800785F726561640000A0F01900006A1800B2
:10486800B0A6170010201600804F1200A0BB0D0044
:1048780060AE0A0070640800D0DD060030570500FD
:10488800000000000802DF02010000003200000002
:104898000802BE02010000003700000008028B0277
:1048A800010000003C00000008027B02010000003B
:1048B80041000000080269020100000046000000F3
:1048C80008025802010000004B00000000024402E8
:1048D8000100000050000000000244020100000036
:1048E8005A000000000234010100000064000000CA
:1048F80000023401010000006E00000000022401E3
:1049080001000000780000000002240101000000FE
:104918008C0000000002140101000000B400000037
:104928000002130000000000DC0000000002130079
:1049380000000000FA000000000211000000000062
:10494800180100000002000000000000360100000D
:104958000041000000000000C2010000004100000A
:10496800000000004C0200000040000000000000B1
:104978008A0200000040000000000000833275C079
:1049880040D66CF56375686C8380000F00C03048B2
:10499800CC600054AE4AC000000000000008040CBF
:1049A800020A060E0109050D030B070F833275C0B5
:1049B80040D66CF56375686C8380000F00C0304882
:1049C800CC600054AE4AC0000000000000000000A7
:1049D800FFFFFFFFFFFFFF7F06005250D3F0754235
:1049E8004444011006005250E182887F4C44011073
:1049F800060052503ABCA9116839011006005250FD
:104A0800ABB360535C44011006005250BBFF3CB688
:104A18006444011006005250861C03026C440110C5
:104A2800060052505422A29D7C44011005005250A9
:104A3800DE65F4683C5C0110000000000000F03FF7
:104A48000000000000002440000000000000594061
:104A58000000000000408F40000000000088C340B4
:104A680000000000006AF8400000000080842E4129
:104A780000000000D01263410000000084D7974175
:104A88000000000065CDCD410D0A0000080052501D
:104A98000A38A5040900525000000200E44501103C
:104AA8000900525000001000F845011004040404E5
:104AB80004040404040404040404040410020202A8
:104AC800020202041002020202020204DC4A01107D
:104AD80004FF010021622311001442A42020202099
:104AE800202020202020202020202020303030307E
:104AF800303030303030303030303030000000006E
:104B080005000000190000007D0000000000000002
:104B1800000000000000F03F0000000000002440FA
:104B280000000000000059400000000000408F40D5
:104B3800000000000088C34000000000006AF84040
:104B48000000000080842E4100000000D012634164
:104B58000000000084D797410000000065CDCD41DA
:104B6800000000205FA00242000000E876483742BB
:104B7800000000A2941A6D42000040E59C30A24259
:104B88000000901EC4BCD64200003426F56B0C43CE
:104B98000080E03779C3414300A0D8855734764375
:104BA80000C84E676DC1AB43003D9160E458E143D6
:104BB800408CB5781DAF154450EFE2D6E41A4B444B
:104BC80092D54D06CFF08044F64AE1C7022DB54490
:104BD800B49DD9794378EA44BC89D897B2D29C3C31
:104BE80033A7A8D523F649393DA7F444FD0FA532CC
:104BF8009D978CCF08BA5B25436FAC642806C80A1A
:104C08000080E03779C34143176E05B5B5B89346C0
:104C1800F5F93FE9034F384D321D30F94877825A8C
:104C28003CBF737FDD4F15750020202020202020F9
:104C38002020282828282820202020202020202044
:104C48002020202020202020208810101010101054
:104C580010101010101010101004040404040404A0
:104C6800040404101010101010104141414141413A
:104C7800010101010101010101010101010101011C
:104C8800010101011010101010104242424242422C
:104C980002020202020202020202020202020202EC
:104CA8000202020210101010200000000000000094
:104CB80000000000000000000000000000000000EC
:104CC80000000000000000000000000000000000DC
:104CD80000000000000000000000000000000000CC
:104CE80000000000000000000000000000000000BC
:104CF80000000000000000000000000000000000AC
:104D0800000000000000000000000000000000009B
:104D1800000000000000000000000000000000008B
:0C4D28000000000000000000000000007F
:084D3400A89CFF7F01000000B4
:104D3C00E0490110EC490110F8490110044A011036
:104D4C00104A01101C4A0110284A0110344A011063
:0C4D5C009C4A0110944A0110A84A011062
:104D68004FF0504310B5026893F90040EFF31083F9
:104D780072B6D2E8CFCF0121BCF1000FF9D1C2E859
:104D88004C1FBCF1000FF4D1BFF35F8F90F90420E2
:104D9800002A1CDB00210268C2E88F1F83F31088F9
:104DA80020BF0268EFF3108372B6D2E8CFEF5FF04E
:104DB800010CBEF1000FF8D1C2E84ECFBEF1000FD2
:104DC800F3D1BFF35F8F90F90420002AE3DA0022C1
:104DD80001680471C1E88F2F83F3108810BD00BFEC
:104DE8004FF050412DE9F0410027044616461D4674
:104DF800D1F8008009E02368C3E88F7F8CF310881E
:104E08003046294600F0FCFAF0B92168EFF3108C1F
:104E180072B6D1E8CF2F0123002AFAD1C1E8423F68
:104E2800002AF6D1BFF35F8F94F904E0BEF1000FBA
:104E3800E1DA0023226884F80480C2E88F3F8CF30B
:104E480010880120BDE8F0810020BDE8F08100BF96
:104E580030B501460468EFF3108C72B6D4E8CFEF92
:104E68000125BEF1000FF9D1C4E84E5FBEF1000F75
:104E7800F4D1BFF35F8F90F90440002C11DB0021BF
:104E88000568C5E88F1F8CF310884FF0504C9CF9CB
:104E980000C0A44501D1084630BDBDE83040FFF749
:104EA8009FBF4FF05040006800230A680871C2E8AD
:104EB8008F3F8CF31088012030BD00BF70B50546C8
:104EC8000C4600F0A1FA02460B464FF47A704FF0F8
:104ED800FF3E6FF0004CE4FB002396457CEB03019A
:104EE80038BF72462846BDE8704038BF6346FFF7B2
:104EF80077BF00BF0368EFF3108272B6D3E8CFCF55
:104F08000121BCF1000FF9D1C3E84C1FBCF1000F1F
:104F1800F4D1BFF35F8F4FF0FF0C0023016880F8D6
:104F280004C0C1E88F3F82F3108840BF704700BFBC
:104F380070B543780446012B0E462BD01E4B1D68D6
:104F48006B69EFF3108272B6D3E8CF0F0121002806
:104F5800FAD1C3E8401F0028F6D1BFF35F8FAA61DA
:104F68002146284600F044FA00236A69C2E88F3FC8
:104F7800AB6983F3108838B94FF0E023D3F8F03DDC
:104F8800DB0700D500BE70BD32466178207800F09E
:104F980033FA70BD094B01781A789142CED1017964
:104FA8005A789142CAD141799A789142C6D1DA7831
:104FB80022F01002DA70C1E7BC1600201C15002090
:104FC800F0B51D4684461C4685B96CB1DCF80C204A
:104FD8009707FBD514F1080FF8D011F8012B013C05
:104FE800CCF80820002CF1D11846F0BD964664B9DB
:104FF800DCF80C607007FAD5DCF80860013D013276
:105008008EF80060002DE0D0F0E7DCF80C6004F1C9
:105018000807B607ECD5AF42EAD911F8010B013CF5
:10502800CCF80800E4E700BF844610466AB30139AB
:1050380000B501EB020EDCF80C309B07FBD511F82C
:10504800013F8E45CCF80830F5D1DCF80C30590713
:1050580005D5DCF80830DCF80C305907F9D4DCF851
:105068000C30DA0606D5DCF80C30DA06F7D401E0A5
:10507800DCF80830DCF80C305B07F9D40123CCF8F5
:1050880020305DF804FBDCF80830DCF80C305907F8
:10509800F9D4DCF80C30DA0606D5DCF80C30DA0680
:1050A800F7D401E0DCF80830DCF80C305B07F9D401
:1050B8000123CCF82030704753B94AB9002908BFFA
:1050C80000281CBF4FF0FF314FF0FF3000F08CB9C3
:1050D800ADF1080C6DE904CE00F006F8DDF804E047
:1050E800DDE9022304B070472DE9F04F099D0E4613
:1050F80004460F46002B47D18A429446B2FA82F3FF
:105108005AD943B102FA03FCC3F120029F409C40E4
:1051180020FA02F217434FEA1C461FFA8CFE220CB3
:10512800B7FBF6F106FB117701FB0EF042EA0742E6
:10513800904208D91CEB020201F1FF3702D29042DB
:1051480000F23C813946121AA4B2B2FBF6F006FB13
:10515800102200FB0EFE44EA0244A64508D91CEBC7
:10516800040400F1FF3202D2A64500F22A8110465B
:1051780040EA0140A4EB0E0400211DB1DC400023ED
:10518800C5E90043BDE8F08F8B4205D90DB1C5E9EB
:10519800000100210846F5E7B3FA83F100294FD151
:1051A800B342C0F00281824240F2FF800846002DDF
:1051B800E8D0C5E90047E5E7002B40F0AF808A1A40
:1051C8004FEA1C4E1FFA8CF70121B2FBFEF60EFBCC
:1051D8001620220C42EA004207FB06F090420FD943
:1051E8001CEB020206F1FF382CBF4FF001094FF00B
:1051F8000009904203D9B9F1000F00F0DC8046465F
:10520800121AA4B2B2FBFEF00EFB102200FB07F745
:1052180044EA0244A7420FD91CEB040400F1FF3210
:105228002CBF4FF0010E4FF0000EA74203D9BEF17C
:10523800000F00F0C9801046E41B40EA06409CE7D6
:10524800C1F120048B4006FA01FC00FA01FE22FAA3
:1052580004F7E6408A401F4320FA04F34FEA174850
:1052680043EA0C031FFA87FC4FEA1349B6FBF8F030
:1052780008FB106649EA064600FB0CF9B1450ED951
:10528800BE1900F1FF3A2CBF4FF0010B4FF0000B95
:10529800B14503D9BBF1000F00F0A2805046A6EB40
:1052A80009061FFA83F9B6FBF8F308FB136603FB3C
:1052B8000CFC49EA0646B4450ED9BE1903F1FF387D
:1052C8002CBF4FF001094FF00009B44503D9B9F1DB
:1052D800000F00F08280434643EA0040A6EB0C062C
:1052E800A0FB028C66454346E14602D307D1C6457A
:1052F80005D2B8EB02036CEB070C0138E1465DB14F
:10530800BEEB030266EB090606FA04F422FA01F37F
:10531800CE401C43C5E90046002133E702FA03FCEE
:10532800C3F1200299409C40D6404FEA1C4E20FA17
:1053380002F21FFA8CF7B6FBFEF00A430EFB10666A
:10534800110C41EA064100FB07F68E420ED91CEB10
:10535800010100F1FF382CBF4FF001094FF000099F
:105368008E4202D9B9F1000F34D04046891B92B25F
:10537800B1FBFEF60EFB161142EA014206FB07F1ED
:1053880091420ED91CEB020206F1FF382CBF4FF0F8
:1053980001094FF00009914202D9B9F1000F16D066
:1053A8004646521A46EA00410FE7841A66EB0302A2
:1053B80001201746FBE6023E624421E702396244B7
:1053C800C1E664440238D3E66444023834E7023E56
:1053D8006244E6E702386144C8E7023B3E447BE7A3
:1053E80002383E445BE700BF704700BF0000000082
:1053F8005FF800F025A900105FF800F0159500107F
:105408005FF800F0215100105FF800F031530010F0
:105418000208DC1109010A05021EFFFFFF000A0548
:105428000201FE800000000000000208DCFFFE11FF
:10543800090100000000000000000000000000005A
:105448000000FFFFFFFFFFFFFFFF0000000000005C
:105458000000000000000000000000000000000044
:1054680000000A0502010000000000000000000022
:105478000000000000000101FF1000000000000013
:105488000000010000000000000000000000020011
:105498000000000000000000000003000000000001
:1054A800000000000000FF000000000001B548688F
:1054B80001318E460047704609380149884701BDC9
:1054C8006D4900100000000000000000000000000E
:1054D8000000000000000000D00F0020E17C001058
:1054E800E97D0010317D0010F97D001000000000FA
:1054F80000010000C016002010000C000000000091
:105508000000000000000000000000000000000093
:10551800FF0000C0000257363330300000000000A2
:1055280069C100102DC2001031C2001035C2001030
:105538006DC1001071C100100000000000000000E3
:10554800C9D9001045DA001001DA001057495A6E1F
:1055580065740000FFFFFFFF0A00000000002050F4
:10556800180900200000000000000000341200208C
:105578009C1200200413002000000000000000001E
:105588000000000000000000000000000000000013
:105598000000000000000000000000000000000003
:1055A80000000000000000000000000000000000F3
:1055B80000000000000000000000000000000000E3
:1055C80000000000000000000000000000000000D3
:1055D80000000000000000000000000000000000C3
:1055E80000000000000000000000000000000000B3
:1055F80000000000000000000000000000000000A3
:1056080001000000000000000E33CDAB34126DE63F
:10561800ECDE05000B0000000000000000000000A8
:105628000000000000000000000000000000000072
:105638000000000000000000000000000000000062
:105648000000000000000000000000000000000052
:105658000000000000000000000000000000000042
:105668000000000000000000000000000000000032
:105678000000000000000000000000000000000022
:105688000000000000000000000000000000000012
:10569800380A0020380A0020400A0020400A00206A
:1056A800480A0020480A0020500A0020500A00201A
:1056B800580A0020580A0020600A0020600A0020CA
:1056C800680A0020680A0020700A0020700A00207A
:1056D800780A0020780A0020800A0020800A00202A
:1056E800880A0020880A0020900A0020900A0020DA
:1056F800980A0020980A0020A00A0020A00A00208A
:10570800A80A0020A80A0020B00A0020B00A002039
:10571800B80A0020B80A0020C00A0020C00A0020E9
:10572800C80A0020C80A0020D00A0020D00A002099
:10573800D80A0020D80A0020E00A0020E00A002049
:10574800E80A0020E80A0020F00A0020F00A0020F9
:10575800F80A0020F80A0020000B0020000B0020A7
:10576800080B0020080B0020100B0020100B002055
:10577800180B0020180B0020200B0020200B002005
:10578800280B0020280B0020300B0020300B0020B5
:10579800380B0020380B0020400B0020400B002065
:1057A800480B0020480B0020500B0020500B002015
:1057B800580B0020580B0020600B0020600B0020C5
:1057C800680B0020680B0020700B0020700B002075
:1057D800780B0020780B0020800B0020800B002025
:1057E800880B0020880B0020900B0020900B0020D5
:1057F800980B0020980B0020A00B0020A00B002085
:10580800A80B0020A80B0020B00B0020B00B002034
:10581800B80B0020B80B0020C00B0020C00B0020E4
:10582800C80B0020C80B0020D00B0020D00B002094
:10583800D80B0020D80B0020E00B0020E00B002044
:10584800E80B0020E80B0020F00B0020F00B0020F4
:10585800F80B0020F80B0020000C0020000C0020A2
:10586800080C0020080C0020100C0020100C002050
:10587800180C0020180C0020200C0020200C002000
:10588800280C0020280C0020300C0020300C0020B0
:10589800380C0020380C0020400C0020400C002060
:1058A800480C0020480C0020500C0020500C002010
:1058B800580C0020580C0020600C0020600C0020C0
:1058C800680C0020680C0020700C0020700C002070
:1058D800780C0020780C0020800C0020800C002020
:1058E800880C0020880C0020900C0020900C0020D0
:1058F800980C0020980C0020A00C0020A00C002080
:10590800A80C0020A80C0020B00C0020B00C00202F
:10591800B80C0020B80C0020C00C0020C00C0020DF
:10592800C80C0020C80C0020D00C0020D00C00208F
:10593800D80C0020D80C0020E00C0020E00C00203F
:10594800E80C0020E80C0020F00C0020F00C0020EF
:10595800F80C0020F80C0020000D0020000D00209D
:10596800080D0020080D0020100D0020100D00204B
:10597800180D0020180D0020200D0020200D0020FB
:10598800280D0020280D0020300D0020300D0020AB
:10599800380D0020380D0020400D0020400D00205B
:1059A800480D0020480D0020500D0020500D00200B
:1059B800580D0020580D0020600D0020600D0020BB
:1059C800680D0020680D0020700D0020700D00206B
:1059D800780D0020780D0020800D0020800D00201B
:1059E800880D0020880D0020900D0020900D0020CB
:1059F800980D0020980D0020A00D0020A00D00207B
:105A0800A80D0020A80D0020B00D0020B00D00202A
:105A1800B80D0020B80D0020C00D0020C00D0020DA
:105A2800C80D0020C80D0020D00D0020D00D00208A
:105A3800D80D0020D80D0020E00D0020E00D00203A
:105A4800E80D0020E80D0020F00D0020F00D0020EA
:105A5800F80D0020F80D0020000E0020000E002098
:105A6800080E0020080E0020100E0020100E002046
:105A7800180E0020180E0020200E0020200E0020F6
:105A8800280E0020280E0020300E0020300E0020A6
:105A9800FFFFFFFF000002000000000003000000FD
:105AA8003412002043000000000000000000000045
:105AB80000000000000000000000000000000000DE
:105AC800000000004300000000000000000000008B
:105AD80000000000000000000000000000000000BE
:105AE800000000004300000000000000000000006B
:105AF800000000000000000000000000000000009E
:105B0800000000004300000000000000000000004A
:105B1800000000000000000000000000000000007D
:105B2800000000004300000000000000000000002A
:105B3800000000000000000000000000000000005D
:105B4800000000004300000000000000000000000A
:105B5800000000000000000000000000000000003D
:105B680000000000430000000000000000000000EA
:105B7800000000000000000000000000000000001D
:105B88000000000029380110BD3701100000000096
:105B9800304C011008470110084501100845011054
:105BA8000845011008450110084501100845011075
:105BB800084501100845011008450110FFFFFFFFC7
:105BC800FFFFFFFFFFFFFFFFFFFF00000100415342
:105BD80043494900000000000000000000000000E8
:105BE8000000000000000000000000000000415319
:105BF80043494900000000000000000000000000C8
:105C0800000000000000000000000000000000008C
:105C1800000000000000000000000000000000007C
:105C2800D3DEFFFFFE010000FF01000010A5FEFF0C
:045C3800793512ABFD
:040000051000014D99
:00000001FF
